Day,Date,Home,Away,Score,Season,HalfTimeResult,HomeShots,AwayShots,HomeShotsOnTarget,AwayShotsOnTarget,HomeCorners,AwayCorners,HomeFouls,AwayFouls,HomeYellowCards,AwayYellowCards,HomeRedCards,AwayRedCards,year,month,day,FullTimeHomeGoals,FullTimeAwayGoals,HomeTeamID,AwayTeamID,MatchID
Fri,2022-08-05,Crystal Palace,Arsenal,0–2,2022-2023,A,10,10,2,2,3,5,16,11,1,2,0,0,2022,8,5,0,2,9,1,1
Sat,2022-08-06,Fulham,Liverpool,2–2,2022-2023,H,9,11,3,4,4,4,7,9,2,0,0,0,2022,8,6,2,2,11,16,2
Sat,2022-08-06,Bournemouth,Aston Villa,2–0,2022-2023,H,7,15,3,2,5,5,18,16,3,3,0,0,2022,8,6,2,0,3,2,3
Sat,2022-08-06,Leeds,Wolves,2–1,2022-2023,D,12,15,4,6,6,4,13,9,2,0,0,0,2022,8,6,2,1,14,27,4
Sat,2022-08-06,Newcastle,Nott'm Forest,2–0,2022-2023,D,23,5,10,0,11,1,9,14,0,3,0,0,2022,8,6,2,0,20,21,5
Sat,2022-08-06,Tottenham,Southampton,4–1,2022-2023,H,18,10,8,2,10,2,11,6,3,0,0,0,2022,8,6,4,1,25,23,6
Sat,2022-08-06,Everton,Chelsea,0–1,2022-2023,A,8,15,4,6,4,16,14,11,3,2,0,0,2022,8,6,0,1,10,7,7
Sun,2022-08-07,Leicester,Brentford,2–2,2022-2023,H,14,8,5,3,5,6,6,5,0,0,0,0,2022,8,7,2,2,15,4,8
Sun,2022-08-07,Man United,Brighton,1–2,2022-2023,A,17,15,5,4,6,2,7,12,4,1,0,0,2022,8,7,1,2,19,5,9
Sun,2022-08-07,West Ham,Man City,0–2,2022-2023,A,6,14,1,2,1,4,8,4,0,1,0,0,2022,8,7,0,2,26,18,10
Sat,2022-08-13,Aston Villa,Everton,2–1,2022-2023,H,12,15,4,4,5,8,9,7,4,1,0,0,2022,8,13,2,1,2,10,11
Sat,2022-08-13,Arsenal,Leicester,4–2,2022-2023,H,19,6,7,2,6,2,15,9,1,1,0,0,2022,8,13,4,2,1,15,12
Sat,2022-08-13,Brighton,Newcastle,0–0,2022-2023,D,13,4,7,1,7,3,8,6,2,3,0,0,2022,8,13,0,0,5,20,13
Sat,2022-08-13,Man City,Bournemouth,4–0,2022-2023,H,19,3,7,1,11,1,9,9,0,3,0,0,2022,8,13,4,0,18,3,14
Sat,2022-08-13,Southampton,Leeds,2–2,2022-2023,D,14,13,4,5,2,5,10,12,1,3,0,0,2022,8,13,2,2,23,14,15
Sat,2022-08-13,Wolves,Fulham,0–0,2022-2023,D,7,9,1,3,5,3,7,14,3,3,0,0,2022,8,13,0,0,27,11,16
Sat,2022-08-13,Brentford,Man United,4–0,2022-2023,H,13,15,7,4,8,2,6,15,0,4,0,0,2022,8,13,4,0,4,19,17
Sun,2022-08-14,Nott'm Forest,West Ham,1–0,2022-2023,H,13,19,6,5,6,7,10,11,4,1,0,0,2022,8,14,1,0,21,26,18
Sun,2022-08-14,Chelsea,Tottenham,2–2,2022-2023,H,16,10,3,5,8,5,9,9,3,0,0,0,2022,8,14,2,2,7,25,19
Mon,2022-08-15,Liverpool,Crystal Palace,1–1,2022-2023,A,24,7,4,3,4,2,7,8,2,4,1,0,2022,8,15,1,1,16,9,20
Sat,2022-08-20,Tottenham,Wolves,1–0,2022-2023,D,11,20,4,3,8,6,10,8,2,2,0,0,2022,8,20,1,0,25,27,21
Sat,2022-08-20,Crystal Palace,Aston Villa,3–1,2022-2023,D,17,13,9,5,4,2,16,14,2,1,0,0,2022,8,20,3,1,9,2,22
Sat,2022-08-20,Everton,Nott'm Forest,1–1,2022-2023,D,19,14,8,5,6,2,6,9,3,2,0,0,2022,8,20,1,1,10,21,23
Sat,2022-08-20,Fulham,Brentford,3–2,2022-2023,H,18,13,9,5,6,3,13,7,3,2,0,0,2022,8,20,3,2,11,4,24
Sat,2022-08-20,Leicester,Southampton,1–2,2022-2023,D,6,9,1,3,2,5,11,15,2,3,0,0,2022,8,20,1,2,15,23,25
Sat,2022-08-20,Bournemouth,Arsenal,0–3,2022-2023,A,6,14,1,6,3,4,12,10,2,1,0,0,2022,8,20,0,3,3,1,26
Sun,2022-08-21,Leeds,Chelsea,3–0,2022-2023,H,12,14,6,3,4,6,16,15,0,1,0,1,2022,8,21,3,0,14,7,27
Sun,2022-08-21,West Ham,Brighton,0–2,2022-2023,A,13,11,3,2,5,4,10,7,2,0,0,0,2022,8,21,0,2,26,5,28
Sun,2022-08-21,Newcastle,Man City,3–3,2022-2023,H,12,21,6,10,5,5,14,7,4,2,0,0,2022,8,21,3,3,20,18,29
Mon,2022-08-22,Man United,Liverpool,2–1,2022-2023,H,12,17,4,5,6,8,11,7,3,1,0,0,2022,8,22,2,1,19,16,30
Sat,2022-08-27,Southampton,Man United,0–1,2022-2023,D,17,11,5,6,5,3,4,14,0,3,0,0,2022,8,27,0,1,23,19,31
Sat,2022-08-27,Brentford,Everton,1–1,2022-2023,A,19,14,5,7,8,5,8,8,2,2,0,0,2022,8,27,1,1,4,10,32
Sat,2022-08-27,Brighton,Leeds,1–0,2022-2023,D,13,10,4,2,5,3,10,14,2,3,0,0,2022,8,27,1,0,5,14,33
Sat,2022-08-27,Chelsea,Leicester,2–1,2022-2023,D,7,17,3,5,3,11,10,7,1,2,1,0,2022,8,27,2,1,7,15,34
Sat,2022-08-27,Liverpool,Bournemouth,9–0,2022-2023,H,19,5,12,2,8,1,6,5,0,1,0,0,2022,8,27,9,0,16,3,35
Sat,2022-08-27,Man City,Crystal Palace,4–2,2022-2023,A,18,2,5,2,6,1,14,8,1,2,0,0,2022,8,27,4,2,18,9,36
Sat,2022-08-27,Arsenal,Fulham,2–1,2022-2023,D,22,11,8,3,9,2,6,12,2,3,0,0,2022,8,27,2,1,1,11,37
Sun,2022-08-28,Aston Villa,West Ham,0–1,2022-2023,D,9,7,3,2,3,2,10,10,2,0,0,0,2022,8,28,0,1,2,26,38
Sun,2022-08-28,Wolves,Newcastle,1–1,2022-2023,H,10,21,4,6,4,13,10,11,2,1,0,0,2022,8,28,1,1,27,20,39
Sun,2022-08-28,Nott'm Forest,Tottenham,0–2,2022-2023,A,17,18,1,7,6,1,11,13,6,1,0,0,2022,8,28,0,2,21,25,40
Tue,2022-08-30,Crystal Palace,Brentford,1–1,2022-2023,D,13,9,4,3,4,6,11,8,1,2,0,0,2022,8,30,1,1,9,4,41
Tue,2022-08-30,Fulham,Brighton,2–1,2022-2023,D,10,7,3,4,3,3,9,11,2,1,0,0,2022,8,30,2,1,11,5,42
Tue,2022-08-30,Southampton,Chelsea,2–1,2022-2023,H,9,10,7,4,5,3,15,10,2,1,0,0,2022,8,30,2,1,23,7,43
Tue,2022-08-30,Leeds,Everton,1–1,2022-2023,A,14,7,5,2,10,2,10,9,3,3,0,0,2022,8,30,1,1,14,10,44
Wed,2022-08-31,Arsenal,Aston Villa,2–1,2022-2023,H,22,4,9,3,10,3,10,14,2,3,0,0,2022,8,31,2,1,1,2,45
Wed,2022-08-31,Bournemouth,Wolves,0–0,2022-2023,D,5,17,2,4,2,5,12,12,2,1,0,0,2022,8,31,0,0,3,27,46
Wed,2022-08-31,Man City,Nott'm Forest,6–0,2022-2023,H,17,8,9,1,10,1,9,7,0,1,0,0,2022,8,31,6,0,18,21,47
Wed,2022-08-31,West Ham,Tottenham,1–1,2022-2023,A,14,13,4,4,3,4,10,9,2,5,0,0,2022,8,31,1,1,26,25,48
Wed,2022-08-31,Liverpool,Newcastle,2–1,2022-2023,A,23,5,6,2,13,0,9,10,0,2,0,0,2022,8,31,2,1,16,20,49
Thu,2022-09-01,Leicester,Man United,0–1,2022-2023,A,10,9,2,2,1,3,7,15,1,3,0,0,2022,9,1,0,1,15,19,50
Sat,2022-09-03,Everton,Liverpool,0–0,2022-2023,D,14,23,3,8,7,9,7,11,2,2,0,0,2022,9,3,0,0,10,16,51
Sat,2022-09-03,Brentford,Leeds,5–2,2022-2023,H,14,17,8,6,2,6,8,9,2,2,0,0,2022,9,3,5,2,4,14,52
Sat,2022-09-03,Chelsea,West Ham,2–1,2022-2023,D,8,6,3,3,10,3,6,11,4,2,0,0,2022,9,3,2,1,7,26,53
Sat,2022-09-03,Newcastle,Crystal Palace,0–0,2022-2023,D,23,19,6,9,13,5,19,12,2,1,0,0,2022,9,3,0,0,20,9,54
Sat,2022-09-03,Nott'm Forest,Bournemouth,2–3,2022-2023,H,11,8,3,3,4,6,13,10,2,1,0,0,2022,9,3,2,3,21,3,55
Sat,2022-09-03,Tottenham,Fulham,2–1,2022-2023,H,23,9,10,3,10,3,9,6,3,4,0,0,2022,9,3,2,1,25,11,56
Sat,2022-09-03,Wolves,Southampton,1–0,2022-2023,H,7,12,2,1,5,6,10,14,4,2,0,0,2022,9,3,1,0,27,23,57
Sat,2022-09-03,Aston Villa,Man City,1–1,2022-2023,D,3,13,1,4,1,4,7,6,2,0,0,0,2022,9,3,1,1,2,18,58
Sun,2022-09-04,Brighton,Leicester,5–2,2022-2023,D,23,6,11,4,10,1,6,8,1,1,0,0,2022,9,4,5,2,5,15,59
Sun,2022-09-04,Man United,Arsenal,3–1,2022-2023,H,10,16,6,3,2,5,13,9,3,3,0,0,2022,9,4,3,1,19,1,60
Fri,2022-09-16,Aston Villa,Southampton,1–0,2022-2023,H,11,7,3,1,6,3,13,13,3,1,0,0,2022,9,16,1,0,2,23,61
Fri,2022-09-16,Nott'm Forest,Fulham,2–3,2022-2023,H,11,15,3,7,2,10,11,10,2,4,0,0,2022,9,16,2,3,21,11,62
Sat,2022-09-17,Wolves,Man City,0–3,2022-2023,A,6,16,1,7,5,7,7,9,2,1,1,0,2022,9,17,0,3,27,18,63
Sat,2022-09-17,Newcastle,Bournemouth,1–1,2022-2023,D,20,10,7,3,8,1,10,11,2,2,0,0,2022,9,17,1,1,20,3,64
Sat,2022-09-17,Tottenham,Leicester,6–2,2022-2023,D,16,19,11,7,6,1,9,9,1,2,0,0,2022,9,17,6,2,25,15,65
Sun,2022-09-18,Brentford,Arsenal,0–3,2022-2023,A,5,13,2,7,3,3,10,10,0,2,0,0,2022,9,18,0,3,4,1,66
Sun,2022-09-18,Everton,West Ham,1–0,2022-2023,D,7,14,2,4,5,14,8,11,3,1,0,0,2022,9,18,1,0,10,26,67
Sat,2022-10-01,Arsenal,Tottenham,3–1,2022-2023,D,22,7,9,3,5,2,10,10,2,1,0,1,2022,10,1,3,1,1,25,68
Sat,2022-10-01,Bournemouth,Brentford,0–0,2022-2023,D,7,13,1,4,7,8,11,10,1,2,0,0,2022,10,1,0,0,3,4,69
Sat,2022-10-01,Crystal Palace,Chelsea,1–2,2022-2023,D,7,13,3,3,5,2,11,13,1,3,0,0,2022,10,1,1,2,9,7,70
Sat,2022-10-01,Fulham,Newcastle,1–4,2022-2023,A,3,19,1,10,1,8,9,10,2,0,1,0,2022,10,1,1,4,11,20,71
Sat,2022-10-01,Liverpool,Brighton,3–3,2022-2023,A,15,6,7,6,9,2,9,13,1,1,0,0,2022,10,1,3,3,16,5,72
Sat,2022-10-01,Southampton,Everton,1–2,2022-2023,D,22,12,6,5,7,6,11,10,2,2,0,0,2022,10,1,1,2,23,10,73
Sat,2022-10-01,West Ham,Wolves,2–0,2022-2023,H,18,15,5,4,1,6,8,6,2,2,0,0,2022,10,1,2,0,26,27,74
Sun,2022-10-02,Man City,Man United,6–3,2022-2023,H,22,12,10,8,5,1,3,9,0,3,0,0,2022,10,2,6,3,18,19,75
Sun,2022-10-02,Leeds,Aston Villa,0–0,2022-2023,D,9,19,1,7,2,9,23,12,3,2,1,0,2022,10,2,0,0,14,2,76
Mon,2022-10-03,Leicester,Nott'm Forest,4–0,2022-2023,H,17,10,7,3,6,6,13,12,2,4,0,0,2022,10,3,4,0,15,21,77
Sat,2022-10-08,Bournemouth,Leicester,2–1,2022-2023,A,10,9,4,5,7,2,8,16,1,2,0,0,2022,10,8,2,1,3,15,78
Sat,2022-10-08,Chelsea,Wolves,3–0,2022-2023,H,20,8,7,2,4,2,8,8,2,0,0,0,2022,10,8,3,0,7,27,79
Sat,2022-10-08,Man City,Southampton,4–0,2022-2023,H,21,5,8,0,9,1,4,8,0,1,0,0,2022,10,8,4,0,18,23,80
Sat,2022-10-08,Newcastle,Brentford,5–1,2022-2023,H,16,6,6,3,9,5,14,9,0,1,0,0,2022,10,8,5,1,20,4,81
Sat,2022-10-08,Brighton,Tottenham,0–1,2022-2023,A,14,8,4,3,6,2,9,14,1,2,0,0,2022,10,8,0,1,5,25,82
Sun,2022-10-09,Crystal Palace,Leeds,2–1,2022-2023,D,13,10,5,4,5,3,13,23,3,3,0,0,2022,10,9,2,1,9,14,83
Sun,2022-10-09,West Ham,Fulham,3–1,2022-2023,D,17,8,8,2,4,2,9,7,1,3,0,0,2022,10,9,3,1,26,11,84
Sun,2022-10-09,Arsenal,Liverpool,3–2,2022-2023,H,11,8,7,3,4,3,11,11,1,2,0,0,2022,10,9,3,2,1,16,85
Sun,2022-10-09,Everton,Man United,1–2,2022-2023,A,11,12,2,4,5,4,7,13,2,1,0,0,2022,10,9,1,2,10,19,86
Mon,2022-10-10,Nott'm Forest,Aston Villa,1–1,2022-2023,D,6,12,3,2,1,4,13,19,3,3,0,0,2022,10,10,1,1,21,2,87
Fri,2022-10-14,Brentford,Brighton,2–0,2022-2023,H,7,21,3,7,2,11,12,15,3,1,0,0,2022,10,14,2,0,4,5,88
Sat,2022-10-15,Leicester,Crystal Palace,0–0,2022-2023,D,14,8,5,1,9,2,18,13,2,2,0,0,2022,10,15,0,0,15,9,89
Sat,2022-10-15,Fulham,Bournemouth,2–2,2022-2023,A,19,10,4,6,5,6,9,11,2,0,0,0,2022,10,15,2,2,11,3,90
Sat,2022-10-15,Wolves,Nott'm Forest,1–0,2022-2023,D,9,10,2,2,4,5,17,13,2,2,0,0,2022,10,15,1,0,27,21,91
Sat,2022-10-15,Tottenham,Everton,2–0,2022-2023,D,21,4,7,0,7,1,12,13,1,4,0,0,2022,10,15,2,0,25,10,92
Sun,2022-10-16,Aston Villa,Chelsea,0–2,2022-2023,A,18,8,7,4,7,1,12,11,0,3,0,0,2022,10,16,0,2,2,7,93
Sun,2022-10-16,Leeds,Arsenal,0–1,2022-2023,A,16,9,4,4,6,3,10,11,0,2,0,0,2022,10,16,0,1,14,1,94
Sun,2022-10-16,Man United,Newcastle,0–0,2022-2023,D,15,9,2,2,4,4,13,11,3,1,0,0,2022,10,16,0,0,19,20,95
Sun,2022-10-16,Southampton,West Ham,1–1,2022-2023,H,10,25,8,4,4,14,7,3,1,1,0,0,2022,10,16,1,1,23,26,96
Sun,2022-10-16,Liverpool,Man City,1–0,2022-2023,D,13,16,2,6,5,6,10,7,3,1,0,0,2022,10,16,1,0,16,18,97
Tue,2022-10-18,Brighton,Nott'm Forest,0–0,2022-2023,D,19,3,7,0,9,1,10,14,3,1,0,0,2022,10,18,0,0,5,21,98
Tue,2022-10-18,Crystal Palace,Wolves,2–1,2022-2023,A,14,10,4,4,4,3,14,18,3,1,0,0,2022,10,18,2,1,9,27,99
Wed,2022-10-19,Bournemouth,Southampton,0–1,2022-2023,A,15,9,3,3,7,3,8,13,1,3,0,0,2022,10,19,0,1,3,23,100
Wed,2022-10-19,Brentford,Chelsea,0–0,2022-2023,D,8,14,5,5,6,2,7,7,0,0,0,0,2022,10,19,0,0,4,7,101
Wed,2022-10-19,Liverpool,West Ham,1–0,2022-2023,H,22,8,7,3,8,3,9,8,0,0,0,0,2022,10,19,1,0,16,26,102
Wed,2022-10-19,Newcastle,Everton,1–0,2022-2023,H,16,1,4,0,8,2,9,12,2,4,0,0,2022,10,19,1,0,20,10,103
Wed,2022-10-19,Man United,Tottenham,2–0,2022-2023,D,28,9,10,2,8,3,7,7,1,0,0,0,2022,10,19,2,0,19,25,104
Thu,2022-10-20,Fulham,Aston Villa,3–0,2022-2023,H,18,12,8,6,9,7,11,11,0,2,0,1,2022,10,20,3,0,11,2,105
Thu,2022-10-20,Leicester,Leeds,2–0,2022-2023,H,5,14,1,2,2,9,15,11,2,1,0,0,2022,10,20,2,0,15,14,106
Sat,2022-10-22,Nott'm Forest,Liverpool,1–0,2022-2023,D,10,15,7,7,2,11,14,8,2,1,0,0,2022,10,22,1,0,21,16,107
Sat,2022-10-22,Everton,Crystal Palace,3–0,2022-2023,H,9,9,6,2,3,4,16,14,3,4,0,0,2022,10,22,3,0,10,9,108
Sat,2022-10-22,Man City,Brighton,3–1,2022-2023,H,10,8,4,2,7,3,11,12,1,3,0,0,2022,10,22,3,1,18,5,109
Sat,2022-10-22,Chelsea,Man United,1–1,2022-2023,D,6,13,2,6,6,4,8,10,1,4,0,0,2022,10,22,1,1,7,19,110
Sun,2022-10-23,Aston Villa,Brentford,4–0,2022-2023,H,19,12,11,3,7,6,14,11,1,0,0,0,2022,10,23,4,0,2,4,111
Sun,2022-10-23,Leeds,Fulham,2–3,2022-2023,D,14,11,5,5,3,6,12,8,1,1,0,0,2022,10,23,2,3,14,11,112
Sun,2022-10-23,Southampton,Arsenal,1–1,2022-2023,A,10,12,3,3,9,4,11,8,2,1,0,0,2022,10,23,1,1,23,1,113
Sun,2022-10-23,Wolves,Leicester,0–4,2022-2023,A,21,5,5,4,9,2,10,13,2,1,0,0,2022,10,23,0,4,27,15,114
Sun,2022-10-23,Tottenham,Newcastle,1–2,2022-2023,A,17,13,5,5,6,7,12,6,4,2,0,0,2022,10,23,1,2,25,20,115
Mon,2022-10-24,West Ham,Bournemouth,2–0,2022-2023,H,20,5,4,3,5,0,9,11,0,2,0,0,2022,10,24,2,0,26,3,116
Sat,2022-10-29,Leicester,Man City,0–1,2022-2023,D,10,15,5,5,3,10,5,10,0,0,0,0,2022,10,29,0,1,15,18,117
Sat,2022-10-29,Bournemouth,Tottenham,2–3,2022-2023,H,6,23,4,7,2,19,10,5,1,2,0,0,2022,10,29,2,3,3,25,118
Sat,2022-10-29,Brentford,Wolves,1–1,2022-2023,D,12,14,3,4,3,6,10,17,3,3,0,1,2022,10,29,1,1,4,27,119
Sat,2022-10-29,Brighton,Chelsea,4–1,2022-2023,H,19,15,9,7,8,7,16,6,1,2,0,0,2022,10,29,4,1,5,7,120
Sat,2022-10-29,Crystal Palace,Southampton,1–0,2022-2023,H,12,14,3,4,8,4,13,12,3,3,0,0,2022,10,29,1,0,9,23,121
Sat,2022-10-29,Newcastle,Aston Villa,4–0,2022-2023,H,20,3,7,0,3,0,11,11,1,1,0,0,2022,10,29,4,0,20,2,122
Sat,2022-10-29,Fulham,Everton,0–0,2022-2023,D,24,9,6,4,13,4,10,8,2,1,0,0,2022,10,29,0,0,11,10,123
Sat,2022-10-29,Liverpool,Leeds,1–2,2022-2023,D,22,14,10,6,14,5,9,3,0,1,0,0,2022,10,29,1,2,16,14,124
Sun,2022-10-30,Arsenal,Nott'm Forest,5–0,2022-2023,H,24,5,10,2,9,4,9,8,0,1,0,0,2022,10,30,5,0,1,21,125
Sun,2022-10-30,Man United,West Ham,1–0,2022-2023,H,16,13,3,5,5,10,12,10,1,3,0,0,2022,10,30,1,0,19,26,126
Sat,2022-11-05,Leeds,Bournemouth,4–3,2022-2023,A,18,9,4,6,13,3,16,10,2,2,0,0,2022,11,5,4,3,14,3,127
Sat,2022-11-05,Man City,Fulham,2–1,2022-2023,D,16,4,5,2,9,0,6,11,2,4,1,0,2022,11,5,2,1,18,11,128
Sat,2022-11-05,Nott'm Forest,Brentford,2–2,2022-2023,D,15,6,7,2,3,3,10,11,2,2,0,0,2022,11,5,2,2,21,4,129
Sat,2022-11-05,Wolves,Brighton,2–3,2022-2023,D,8,19,5,8,4,9,15,11,2,0,1,0,2022,11,5,2,3,27,5,130
Sat,2022-11-05,Everton,Leicester,0–2,2022-2023,A,12,22,2,8,8,3,9,5,0,0,0,0,2022,11,5,0,2,10,15,131
Sun,2022-11-06,Chelsea,Arsenal,0–1,2022-2023,D,5,14,1,2,4,6,20,13,5,2,0,0,2022,11,6,0,1,7,1,132
Sun,2022-11-06,Aston Villa,Man United,3–1,2022-2023,H,6,8,4,3,3,5,6,12,3,3,0,0,2022,11,6,3,1,2,19,133
Sun,2022-11-06,Southampton,Newcastle,1–4,2022-2023,A,16,7,5,4,8,2,7,10,1,0,0,0,2022,11,6,1,4,23,20,134
Sun,2022-11-06,West Ham,Crystal Palace,1–2,2022-2023,D,5,15,2,6,2,5,10,7,1,1,0,0,2022,11,6,1,2,26,9,135
Sun,2022-11-06,Tottenham,Liverpool,1–2,2022-2023,A,14,13,5,6,5,3,10,8,0,0,0,0,2022,11,6,1,2,25,16,136
Sat,2022-11-12,Man City,Brentford,1–2,2022-2023,D,29,10,6,8,10,2,9,7,2,2,0,0,2022,11,12,1,2,18,4,137
Sat,2022-11-12,Bournemouth,Everton,3–0,2022-2023,H,16,15,9,3,3,5,12,8,2,0,0,0,2022,11,12,3,0,3,10,138
Sat,2022-11-12,Liverpool,Southampton,3–1,2022-2023,H,15,9,7,5,6,0,8,8,0,2,0,0,2022,11,12,3,1,16,23,139
Sat,2022-11-12,Nott'm Forest,Crystal Palace,1–0,2022-2023,D,9,8,2,0,1,5,11,13,1,4,0,0,2022,11,12,1,0,21,9,140
Sat,2022-11-12,Tottenham,Leeds,4–3,2022-2023,A,14,12,8,5,9,2,8,7,1,1,0,1,2022,11,12,4,3,25,14,141
Sat,2022-11-12,West Ham,Leicester,0–2,2022-2023,A,18,9,6,6,7,2,9,8,3,1,0,0,2022,11,12,0,2,26,15,142
Sat,2022-11-12,Newcastle,Chelsea,1–0,2022-2023,D,10,5,3,2,5,3,14,11,3,2,0,0,2022,11,12,1,0,20,7,143
Sat,2022-11-12,Wolves,Arsenal,0–2,2022-2023,D,11,14,2,4,6,4,5,6,3,2,0,0,2022,11,12,0,2,27,1,144
Sun,2022-11-13,Brighton,Aston Villa,1–2,2022-2023,D,7,8,2,2,11,4,14,11,2,7,0,0,2022,11,13,1,2,5,2,145
Sun,2022-11-13,Fulham,Man United,1–2,2022-2023,A,14,14,7,9,10,3,9,10,1,1,0,0,2022,11,13,1,2,11,19,146
Mon,2022-12-26,Brentford,Tottenham,2–2,2022-2023,H,9,16,5,8,6,5,11,10,3,1,0,0,2022,12,26,2,2,4,25,147
Mon,2022-12-26,Crystal Palace,Fulham,0–3,2022-2023,A,4,23,0,11,1,8,12,15,0,0,2,0,2022,12,26,0,3,9,11,148
Mon,2022-12-26,Everton,Wolves,1–2,2022-2023,D,12,7,6,4,2,2,9,22,1,6,0,0,2022,12,26,1,2,10,27,149
Mon,2022-12-26,Leicester,Newcastle,0–3,2022-2023,A,8,12,2,5,5,5,9,6,0,0,0,0,2022,12,26,0,3,15,20,150
Mon,2022-12-26,Southampton,Brighton,1–3,2022-2023,A,14,7,4,4,4,2,9,10,1,2,0,0,2022,12,26,1,3,23,5,151
Mon,2022-12-26,Aston Villa,Liverpool,1–3,2022-2023,A,12,16,6,9,0,6,7,12,0,0,0,0,2022,12,26,1,3,2,16,152
Mon,2022-12-26,Arsenal,West Ham,3–1,2022-2023,A,16,8,5,4,7,5,13,17,0,2,0,0,2022,12,26,3,1,1,26,153
Tue,2022-12-27,Chelsea,Bournemouth,2–0,2022-2023,H,15,9,5,4,6,8,8,10,0,0,0,0,2022,12,27,2,0,7,3,154
Tue,2022-12-27,Man United,Nott'm Forest,3–0,2022-2023,H,17,8,8,3,9,9,13,4,3,1,0,0,2022,12,27,3,0,19,21,155
Wed,2022-12-28,Leeds,Man City,1–3,2022-2023,A,9,26,1,9,3,5,11,14,3,3,0,0,2022,12,28,1,3,14,18,156
Fri,2022-12-30,West Ham,Brentford,0–2,2022-2023,A,20,9,5,6,8,1,9,5,1,0,0,0,2022,12,30,0,2,26,4,157
Fri,2022-12-30,Liverpool,Leicester,2–1,2022-2023,H,21,7,5,2,4,5,8,15,0,1,0,0,2022,12,30,2,1,16,15,158
Sat,2022-12-31,Wolves,Man United,0–1,2022-2023,D,10,16,3,6,7,5,11,11,1,3,0,0,2022,12,31,0,1,27,19,159
Sat,2022-12-31,Bournemouth,Crystal Palace,0–2,2022-2023,A,6,15,2,6,2,7,17,11,4,1,0,0,2022,12,31,0,2,3,9,160
Sat,2022-12-31,Fulham,Southampton,2–1,2022-2023,H,8,9,2,3,4,4,8,13,0,1,0,0,2022,12,31,2,1,11,23,161
Sat,2022-12-31,Man City,Everton,1–1,2022-2023,H,16,2,3,1,7,1,13,14,3,4,0,0,2022,12,31,1,1,18,10,162
Sat,2022-12-31,Newcastle,Leeds,0–0,2022-2023,D,16,8,5,1,9,3,13,19,3,5,0,0,2022,12,31,0,0,20,14,163
Sat,2022-12-31,Brighton,Arsenal,2–4,2022-2023,A,9,14,5,7,7,4,7,11,3,3,0,0,2022,12,31,2,4,5,1,164
Sun,2023-01-01,Tottenham,Aston Villa,0–2,2022-2023,D,6,13,2,4,5,3,15,10,4,3,0,0,2023,1,1,0,2,25,2,165
Sun,2023-01-01,Nott'm Forest,Chelsea,1–1,2022-2023,A,12,7,5,2,1,2,16,14,2,2,0,0,2023,1,1,1,1,21,7,166
Mon,2023-01-02,Brentford,Liverpool,3–1,2022-2023,H,10,16,7,6,4,9,5,8,1,3,0,0,2023,1,2,3,1,4,16,167
Tue,2023-01-03,Arsenal,Newcastle,0–0,2022-2023,D,17,8,4,1,5,5,10,16,4,4,0,0,2023,1,3,0,0,1,20,168
Tue,2023-01-03,Everton,Brighton,1–4,2022-2023,A,10,19,4,8,5,2,8,10,3,1,0,0,2023,1,3,1,4,10,5,169
Tue,2023-01-03,Leicester,Fulham,0–1,2022-2023,A,15,11,6,2,6,3,12,11,2,6,0,0,2023,1,3,0,1,15,11,170
Tue,2023-01-03,Man United,Bournemouth,3–0,2022-2023,H,18,7,6,4,6,5,13,7,0,3,0,0,2023,1,3,3,0,19,3,171
Wed,2023-01-04,Southampton,Nott'm Forest,0–1,2022-2023,A,8,11,0,1,6,2,14,17,2,2,0,0,2023,1,4,0,1,23,21,172
Wed,2023-01-04,Leeds,West Ham,2–2,2022-2023,D,14,15,6,2,8,1,11,18,3,1,0,0,2023,1,4,2,2,14,26,173
Wed,2023-01-04,Aston Villa,Wolves,1–1,2022-2023,A,13,10,4,3,7,8,6,12,1,3,0,0,2023,1,4,1,1,2,27,174
Wed,2023-01-04,Crystal Palace,Tottenham,0–4,2022-2023,D,19,14,4,6,10,4,11,8,1,2,0,0,2023,1,4,0,4,9,25,175
Thu,2023-01-05,Chelsea,Man City,0–1,2022-2023,D,8,12,2,3,3,2,9,9,2,0,0,0,2023,1,5,0,1,7,18,176
Thu,2023-01-12,Fulham,Chelsea,2–1,2022-2023,H,8,20,3,10,5,7,12,16,4,3,0,1,2023,1,12,2,1,11,7,177
Fri,2023-01-13,Aston Villa,Leeds,2–1,2022-2023,H,11,16,5,4,0,11,12,8,2,2,0,0,2023,1,13,2,1,2,14,178
Sat,2023-01-14,Man United,Man City,2–1,2022-2023,D,8,5,4,1,1,2,15,5,3,0,0,0,2023,1,14,2,1,19,18,179
Sat,2023-01-14,Brighton,Liverpool,3–0,2022-2023,D,16,6,9,2,7,1,8,15,1,3,0,0,2023,1,14,3,0,5,16,180
Sat,2023-01-14,Everton,Southampton,1–2,2022-2023,H,12,13,4,5,6,4,7,19,0,3,0,0,2023,1,14,1,2,10,23,181
Sat,2023-01-14,Nott'm Forest,Leicester,2–0,2022-2023,D,15,6,5,1,3,5,11,12,1,2,0,0,2023,1,14,2,0,21,15,182
Sat,2023-01-14,Wolves,West Ham,1–0,2022-2023,D,17,16,4,4,4,3,10,7,0,2,0,0,2023,1,14,1,0,27,26,183
Sat,2023-01-14,Brentford,Bournemouth,2–0,2022-2023,H,12,7,4,2,5,3,5,9,1,1,0,0,2023,1,14,2,0,4,3,184
Sun,2023-01-15,Chelsea,Crystal Palace,1–0,2022-2023,D,15,10,5,5,11,7,10,17,2,5,0,0,2023,1,15,1,0,7,9,185
Sun,2023-01-15,Newcastle,Fulham,1–0,2022-2023,D,20,5,5,0,10,5,6,14,1,3,0,0,2023,1,15,1,0,20,11,186
Sun,2023-01-15,Tottenham,Arsenal,0–2,2022-2023,A,17,14,7,5,4,3,16,15,4,2,0,0,2023,1,15,0,2,25,1,187
Wed,2023-01-18,Crystal Palace,Man United,1–1,2022-2023,A,10,15,5,4,3,3,9,10,1,2,0,0,2023,1,18,1,1,9,19,188
Thu,2023-01-19,Man City,Tottenham,4–2,2022-2023,A,16,9,6,3,8,3,10,14,1,2,0,0,2023,1,19,4,2,18,25,189
Sat,2023-01-21,Liverpool,Chelsea,0–0,2022-2023,D,15,11,3,2,5,5,16,9,3,1,0,0,2023,1,21,0,0,16,7,190
Sat,2023-01-21,Bournemouth,Nott'm Forest,1–1,2022-2023,H,16,20,4,5,4,6,10,7,1,2,0,0,2023,1,21,1,1,3,21,191
Sat,2023-01-21,Leicester,Brighton,2–2,2022-2023,D,9,13,2,4,5,6,9,9,0,1,0,0,2023,1,21,2,2,15,5,192
Sat,2023-01-21,Southampton,Aston Villa,0–1,2022-2023,D,8,16,5,5,2,2,19,9,1,2,0,0,2023,1,21,0,1,23,2,193
Sat,2023-01-21,West Ham,Everton,2–0,2022-2023,H,11,5,4,2,4,9,9,6,1,1,0,0,2023,1,21,2,0,26,10,194
Sat,2023-01-21,Crystal Palace,Newcastle,0–0,2022-2023,D,6,16,1,7,3,15,13,7,4,2,0,0,2023,1,21,0,0,9,20,195
Sun,2023-01-22,Leeds,Brentford,0–0,2022-2023,D,9,6,5,0,2,3,10,18,2,2,0,0,2023,1,22,0,0,14,4,196
Sun,2023-01-22,Man City,Wolves,3–0,2022-2023,H,13,10,7,1,5,7,10,10,1,2,0,0,2023,1,22,3,0,18,27,197
Sun,2023-01-22,Arsenal,Man United,3–2,2022-2023,D,25,6,5,4,12,4,8,9,1,2,0,0,2023,1,22,3,2,1,19,198
Mon,2023-01-23,Fulham,Tottenham,0–1,2022-2023,A,10,10,5,3,3,8,10,10,1,3,0,0,2023,1,23,0,1,11,25,199
Fri,2023-02-03,Chelsea,Fulham,0–0,2022-2023,D,12,10,3,4,6,2,16,12,1,4,0,0,2023,2,3,0,0,7,11,200
Sat,2023-02-04,Everton,Arsenal,1–0,2022-2023,D,12,15,4,3,7,5,13,8,4,1,0,0,2023,2,4,1,0,10,1,201
Sat,2023-02-04,Aston Villa,Leicester,2–4,2022-2023,A,19,9,4,5,11,3,10,10,0,2,0,0,2023,2,4,2,4,2,15,202
Sat,2023-02-04,Brentford,Southampton,3–0,2022-2023,H,14,14,4,6,4,4,10,9,1,2,0,0,2023,2,4,3,0,4,23,203
Sat,2023-02-04,Brighton,Bournemouth,1–0,2022-2023,D,20,12,6,2,7,3,14,7,3,1,0,0,2023,2,4,1,0,5,3,204
Sat,2023-02-04,Man United,Crystal Palace,2–1,2022-2023,H,14,10,5,3,5,5,9,9,1,2,1,0,2023,2,4,2,1,19,9,205
Sat,2023-02-04,Wolves,Liverpool,3–0,2022-2023,H,12,22,6,4,2,7,9,7,1,1,0,0,2023,2,4,3,0,27,16,206
Sat,2023-02-04,Newcastle,West Ham,1–1,2022-2023,D,8,10,2,1,4,2,11,13,2,1,0,0,2023,2,4,1,1,20,26,207
Sun,2023-02-05,Nott'm Forest,Leeds,1–0,2022-2023,H,6,10,2,4,0,2,15,14,4,2,0,0,2023,2,5,1,0,21,14,208
Sun,2023-02-05,Tottenham,Man City,1–0,2022-2023,H,12,15,3,5,4,6,19,14,2,3,1,0,2023,2,5,1,0,25,18,209
Wed,2023-02-08,Man United,Leeds,2–2,2022-2023,A,24,8,7,2,6,5,7,11,1,3,0,0,2023,2,8,2,2,19,14,210
Sat,2023-02-11,West Ham,Chelsea,1–1,2022-2023,D,10,12,2,4,5,6,9,11,1,1,0,0,2023,2,11,1,1,26,7,211
Sat,2023-02-11,Arsenal,Brentford,1–1,2022-2023,D,23,9,7,2,7,4,9,9,0,2,0,0,2023,2,11,1,1,1,4,212
Sat,2023-02-11,Crystal Palace,Brighton,1–1,2022-2023,D,6,17,1,7,1,6,10,11,4,1,0,0,2023,2,11,1,1,9,5,213
Sat,2023-02-11,Fulham,Nott'm Forest,2–0,2022-2023,H,16,10,3,1,5,4,9,11,0,1,0,0,2023,2,11,2,0,11,21,214
Sat,2023-02-11,Leicester,Tottenham,4–1,2022-2023,H,15,11,7,4,1,5,14,9,5,2,0,0,2023,2,11,4,1,15,25,215
Sat,2023-02-11,Southampton,Wolves,1–2,2022-2023,H,17,11,2,2,5,2,12,14,2,2,0,1,2023,2,11,1,2,23,27,216
Sat,2023-02-11,Bournemouth,Newcastle,1–1,2022-2023,D,11,15,5,7,4,6,8,10,2,3,0,0,2023,2,11,1,1,3,20,217
Sun,2023-02-12,Leeds,Man United,0–2,2022-2023,D,16,11,6,5,7,3,10,13,2,1,0,0,2023,2,12,0,2,14,19,218
Sun,2023-02-12,Man City,Aston Villa,3–1,2022-2023,H,17,6,9,2,8,4,13,14,1,2,0,0,2023,2,12,3,1,18,2,219
Mon,2023-02-13,Liverpool,Everton,2–0,2022-2023,H,15,6,6,1,3,3,8,16,1,3,0,0,2023,2,13,2,0,16,10,220
Wed,2023-02-15,Arsenal,Man City,1–3,2022-2023,D,10,9,1,6,1,3,11,15,2,3,0,0,2023,2,15,1,3,1,18,221
Sat,2023-02-18,Aston Villa,Arsenal,2–4,2022-2023,H,7,20,5,5,2,9,13,4,2,1,0,0,2023,2,18,2,4,2,1,222
Sat,2023-02-18,Brentford,Crystal Palace,1–1,2022-2023,D,12,10,5,4,2,6,10,8,2,2,0,0,2023,2,18,1,1,4,9,223
Sat,2023-02-18,Brighton,Fulham,0–1,2022-2023,D,21,5,7,2,10,2,12,14,0,5,0,0,2023,2,18,0,1,5,11,224
Sat,2023-02-18,Chelsea,Southampton,0–1,2022-2023,A,17,8,5,5,8,2,16,24,3,6,0,0,2023,2,18,0,1,7,23,225
Sat,2023-02-18,Everton,Leeds,1–0,2022-2023,D,15,8,6,0,6,4,8,6,2,3,0,0,2023,2,18,1,0,10,14,226
Sat,2023-02-18,Nott'm Forest,Man City,1–1,2022-2023,A,4,26,1,6,0,10,8,6,1,0,0,0,2023,2,18,1,1,21,18,227
Sat,2023-02-18,Wolves,Bournemouth,0–1,2022-2023,D,15,5,4,1,12,2,12,10,3,3,0,0,2023,2,18,0,1,27,3,228
Sat,2023-02-18,Newcastle,Liverpool,0–2,2022-2023,A,14,13,4,7,6,7,3,8,1,1,1,0,2023,2,18,0,2,20,16,229
Sun,2023-02-19,Man United,Leicester,3–0,2022-2023,H,26,19,8,3,6,6,9,9,0,2,0,0,2023,2,19,3,0,19,15,230
Sun,2023-02-19,Tottenham,West Ham,2–0,2022-2023,D,16,6,6,1,4,7,16,10,2,1,0,0,2023,2,19,2,0,25,26,231
Fri,2023-02-24,Fulham,Wolves,1–1,2022-2023,A,10,8,5,2,4,3,12,17,2,0,0,0,2023,2,24,1,1,11,27,232
Sat,2023-02-25,Everton,Aston Villa,0–2,2022-2023,D,15,9,5,5,5,1,12,12,2,1,0,0,2023,2,25,0,2,10,2,233
Sat,2023-02-25,Leeds,Southampton,1–0,2022-2023,D,14,8,4,2,9,2,15,13,2,4,0,0,2023,2,25,1,0,14,23,234
Sat,2023-02-25,Leicester,Arsenal,0–1,2022-2023,D,1,10,0,2,0,8,14,9,0,1,0,0,2023,2,25,0,1,15,1,235
Sat,2023-02-25,West Ham,Nott'm Forest,4–0,2022-2023,D,18,8,5,3,12,3,8,5,0,0,0,0,2023,2,25,4,0,26,21,236
Sat,2023-02-25,Bournemouth,Man City,1–4,2022-2023,A,13,20,2,5,4,6,10,9,2,2,0,0,2023,2,25,1,4,3,18,237
Sat,2023-02-25,Crystal Palace,Liverpool,0–0,2022-2023,D,6,12,0,4,5,3,11,14,2,5,0,0,2023,2,25,0,0,9,16,238
Sun,2023-02-26,Tottenham,Chelsea,2–0,2022-2023,D,8,10,3,2,4,4,10,10,2,3,0,0,2023,2,26,2,0,25,7,239
Wed,2023-03-01,Arsenal,Everton,4–0,2022-2023,H,15,8,5,5,5,1,5,12,0,2,0,0,2023,3,1,4,0,1,10,240
Wed,2023-03-01,Liverpool,Wolves,2–0,2022-2023,D,15,4,6,1,5,2,13,14,2,3,0,0,2023,3,1,2,0,16,27,241
Sat,2023-03-04,Man City,Newcastle,2–0,2022-2023,H,11,5,3,2,8,4,8,13,2,4,0,0,2023,3,4,2,0,18,20,242
Sat,2023-03-04,Arsenal,Bournemouth,3–2,2022-2023,A,31,4,9,4,17,1,6,8,0,2,0,0,2023,3,4,3,2,1,3,243
Sat,2023-03-04,Aston Villa,Crystal Palace,1–0,2022-2023,H,8,3,1,0,2,4,14,17,2,3,0,1,2023,3,4,1,0,2,9,244
Sat,2023-03-04,Brighton,West Ham,4–0,2022-2023,H,20,3,9,2,7,3,6,8,0,3,0,0,2023,3,4,4,0,5,26,245
Sat,2023-03-04,Chelsea,Leeds,1–0,2022-2023,D,13,11,3,2,5,7,10,7,2,0,0,0,2023,3,4,1,0,7,14,246
Sat,2023-03-04,Wolves,Tottenham,1–0,2022-2023,D,8,21,5,6,4,8,11,18,1,1,0,0,2023,3,4,1,0,27,25,247
Sat,2023-03-04,Southampton,Leicester,1–0,2022-2023,H,11,11,5,0,3,4,12,11,4,2,0,0,2023,3,4,1,0,23,15,248
Sun,2023-03-05,Nott'm Forest,Everton,2–2,2022-2023,A,10,10,4,3,3,3,11,17,3,5,0,0,2023,3,5,2,2,21,10,249
Sun,2023-03-05,Liverpool,Man United,7–0,2022-2023,H,18,8,8,4,4,3,13,14,2,3,0,0,2023,3,5,7,0,16,19,250
Mon,2023-03-06,Brentford,Fulham,3–2,2022-2023,D,14,9,6,5,2,3,12,17,0,3,0,0,2023,3,6,3,2,4,11,251
Sat,2023-03-11,Bournemouth,Liverpool,1–0,2022-2023,H,5,15,2,6,3,8,7,9,2,1,0,0,2023,3,11,1,0,3,16,252
Sat,2023-03-11,Everton,Brentford,1–0,2022-2023,H,13,12,6,4,5,8,11,12,2,1,0,0,2023,3,11,1,0,10,4,253
Sat,2023-03-11,Leeds,Brighton,2–2,2022-2023,D,12,14,4,2,4,7,12,9,1,1,0,0,2023,3,11,2,2,14,5,254
Sat,2023-03-11,Leicester,Chelsea,1–3,2022-2023,A,17,12,7,6,2,5,10,11,1,2,1,0,2023,3,11,1,3,15,7,255
Sat,2023-03-11,Tottenham,Nott'm Forest,3–1,2022-2023,H,15,9,7,5,2,10,13,13,3,1,0,0,2023,3,11,3,1,25,21,256
Sat,2023-03-11,Crystal Palace,Man City,0–1,2022-2023,D,4,14,0,4,2,6,11,17,2,2,0,0,2023,3,11,0,1,9,18,257
Sun,2023-03-12,Fulham,Arsenal,0–3,2022-2023,A,12,15,2,7,4,8,10,9,0,1,0,0,2023,3,12,0,3,11,1,258
Sun,2023-03-12,Man United,Southampton,0–0,2022-2023,D,10,17,4,4,7,8,12,9,2,0,0,0,2023,3,12,0,0,19,23,259
Sun,2023-03-12,West Ham,Aston Villa,1–1,2022-2023,D,17,12,6,4,13,2,8,6,1,0,0,0,2023,3,12,1,1,26,2,260
Sun,2023-03-12,Newcastle,Wolves,2–1,2022-2023,H,19,7,8,4,10,3,11,10,1,2,0,0,2023,3,12,2,1,20,27,261
Wed,2023-03-15,Brighton,Crystal Palace,1–0,2022-2023,H,11,11,5,3,1,4,13,20,1,2,0,0,2023,3,15,1,0,5,9,262
Wed,2023-03-15,Southampton,Brentford,0–2,2022-2023,A,7,11,1,5,3,3,14,10,1,2,0,0,2023,3,15,0,2,23,4,263
Fri,2023-03-17,Nott'm Forest,Newcastle,1–2,2022-2023,D,5,15,3,4,3,7,17,9,5,1,0,0,2023,3,17,1,2,21,20,264
Sat,2023-03-18,Aston Villa,Bournemouth,3–0,2022-2023,H,20,10,9,3,9,6,8,13,1,4,0,0,2023,3,18,3,0,2,3,265
Sat,2023-03-18,Brentford,Leicester,1–1,2022-2023,H,11,14,2,1,8,4,10,11,1,2,1,0,2023,3,18,1,1,4,15,266
Sat,2023-03-18,Southampton,Tottenham,3–3,2022-2023,A,19,17,7,3,10,3,13,8,1,1,0,0,2023,3,18,3,3,23,25,267
Sat,2023-03-18,Wolves,Leeds,2–4,2022-2023,A,23,11,8,4,5,4,15,9,3,5,1,0,2023,3,18,2,4,27,14,268
Sat,2023-03-18,Chelsea,Everton,2–2,2022-2023,D,20,12,7,3,8,2,8,12,2,2,0,0,2023,3,18,2,2,7,10,269
Sun,2023-03-19,Arsenal,Crystal Palace,4–1,2022-2023,H,15,8,5,4,5,4,8,10,0,1,0,0,2023,3,19,4,1,1,9,270
Sat,2023-04-01,Man City,Liverpool,4–1,2022-2023,D,17,4,8,1,7,1,9,12,1,1,0,0,2023,4,1,4,1,18,16,271
Sat,2023-04-01,Arsenal,Leeds,4–1,2022-2023,H,13,7,6,5,4,3,11,13,0,2,0,0,2023,4,1,4,1,1,14,272
Sat,2023-04-01,Bournemouth,Fulham,2–1,2022-2023,A,12,10,7,2,4,3,15,13,1,4,0,0,2023,4,1,2,1,3,11,273
Sat,2023-04-01,Brighton,Brentford,3–3,2022-2023,D,33,7,15,5,14,0,16,10,2,1,0,0,2023,4,1,3,3,5,4,274
Sat,2023-04-01,Crystal Palace,Leicester,2–1,2022-2023,D,31,3,9,2,10,1,12,16,3,4,0,0,2023,4,1,2,1,9,15,275
Sat,2023-04-01,Nott'm Forest,Wolves,1–1,2022-2023,H,17,8,7,1,4,3,14,13,3,5,0,0,2023,4,1,1,1,21,27,276
Sat,2023-04-01,Chelsea,Aston Villa,0–2,2022-2023,A,27,5,8,2,13,2,14,16,3,3,0,0,2023,4,1,0,2,7,2,277
Sun,2023-04-02,West Ham,Southampton,1–0,2022-2023,H,12,9,2,3,5,3,10,11,0,2,0,0,2023,4,2,1,0,26,23,278
Sun,2023-04-02,Newcastle,Man United,2–0,2022-2023,D,22,6,6,1,7,4,8,12,0,0,0,0,2023,4,2,2,0,20,19,279
Mon,2023-04-03,Everton,Tottenham,1–1,2022-2023,D,15,8,6,2,3,3,10,14,0,3,1,1,2023,4,3,1,1,10,25,280
Tue,2023-04-04,Bournemouth,Brighton,0–2,2022-2023,A,14,16,3,6,5,5,11,5,1,1,0,0,2023,4,4,0,2,3,5,281
Tue,2023-04-04,Leeds,Nott'm Forest,2–1,2022-2023,H,21,13,6,1,11,4,11,13,1,4,0,0,2023,4,4,2,1,14,21,282
Tue,2023-04-04,Leicester,Aston Villa,1–2,2022-2023,D,9,15,4,5,4,8,10,14,2,0,1,0,2023,4,4,1,2,15,2,283
Tue,2023-04-04,Chelsea,Liverpool,0–0,2022-2023,D,12,7,3,4,3,5,6,17,1,4,0,0,2023,4,4,0,0,7,16,284
Wed,2023-04-05,Man United,Brentford,1–0,2022-2023,H,18,6,3,1,12,3,8,13,3,2,0,0,2023,4,5,1,0,19,4,285
Wed,2023-04-05,West Ham,Newcastle,1–5,2022-2023,A,7,15,2,8,7,6,11,12,2,1,0,0,2023,4,5,1,5,26,20,286
Sat,2023-04-08,Man United,Everton,2–0,2022-2023,H,29,15,11,1,10,4,10,9,0,0,0,0,2023,4,8,2,0,19,10,287
Sat,2023-04-08,Aston Villa,Nott'm Forest,2–0,2022-2023,D,8,6,3,2,1,8,7,17,3,4,0,0,2023,4,8,2,0,2,21,288
Sat,2023-04-08,Brentford,Newcastle,1–2,2022-2023,H,12,10,6,4,6,5,10,15,0,0,0,0,2023,4,8,1,2,4,20,289
Sat,2023-04-08,Fulham,West Ham,0–1,2022-2023,A,16,9,3,5,11,4,10,12,1,1,0,0,2023,4,8,0,1,11,26,290
Sat,2023-04-08,Leicester,Bournemouth,0–1,2022-2023,A,14,19,4,7,6,6,10,13,0,3,0,0,2023,4,8,0,1,15,3,291
Sat,2023-04-08,Tottenham,Brighton,2–1,2022-2023,D,9,17,3,4,3,7,15,15,3,1,0,0,2023,4,8,2,1,25,5,292
Sat,2023-04-08,Wolves,Chelsea,1–0,2022-2023,H,9,13,4,1,8,8,14,10,2,5,0,0,2023,4,8,1,0,27,7,293
Sat,2023-04-08,Southampton,Man City,1–4,2022-2023,A,4,13,1,8,0,10,6,10,0,2,0,0,2023,4,8,1,4,23,18,294
Sun,2023-04-09,Leeds,Crystal Palace,1–5,2022-2023,D,11,16,7,8,2,4,11,8,3,1,0,0,2023,4,9,1,5,14,9,295
Sun,2023-04-09,Liverpool,Arsenal,2–2,2022-2023,A,21,9,6,5,5,4,11,11,4,4,0,0,2023,4,9,2,2,16,1,296
Sat,2023-04-15,Aston Villa,Newcastle,3–0,2022-2023,H,16,8,6,2,7,2,13,15,1,1,0,0,2023,4,15,3,0,2,20,297
Sat,2023-04-15,Chelsea,Brighton,1–2,2022-2023,D,8,26,2,10,2,8,11,11,2,2,0,0,2023,4,15,1,2,7,5,298
Sat,2023-04-15,Everton,Fulham,1–3,2022-2023,D,15,21,7,7,4,8,10,6,3,2,0,0,2023,4,15,1,3,10,11,299
Sat,2023-04-15,Southampton,Crystal Palace,0–2,2022-2023,D,11,9,4,2,6,2,6,13,3,1,0,0,2023,4,15,0,2,23,9,300
Sat,2023-04-15,Tottenham,Bournemouth,2–3,2022-2023,D,24,6,8,6,8,1,8,9,1,2,0,0,2023,4,15,2,3,25,3,301
Sat,2023-04-15,Wolves,Brentford,2–0,2022-2023,H,11,10,9,3,5,2,12,8,1,1,0,0,2023,4,15,2,0,27,4,302
Sat,2023-04-15,Man City,Leicester,3–1,2022-2023,H,12,10,4,4,6,2,8,8,1,1,0,0,2023,4,15,3,1,18,15,303
Sun,2023-04-16,West Ham,Arsenal,2–2,2022-2023,A,16,11,3,5,7,2,11,8,1,2,0,0,2023,4,16,2,2,26,1,304
Sun,2023-04-16,Nott'm Forest,Man United,0–2,2022-2023,A,6,22,0,8,4,9,9,9,2,2,0,0,2023,4,16,0,2,21,19,305
Mon,2023-04-17,Leeds,Liverpool,1–6,2022-2023,A,13,13,3,7,4,2,6,12,0,1,0,0,2023,4,17,1,6,14,16,306
Fri,2023-04-21,Arsenal,Southampton,3–3,2022-2023,A,25,8,6,6,7,2,10,14,1,5,0,0,2023,4,21,3,3,1,23,307
Sat,2023-04-22,Fulham,Leeds,2–1,2022-2023,D,12,10,5,2,8,6,10,15,1,4,0,0,2023,4,22,2,1,11,14,308
Sat,2023-04-22,Brentford,Aston Villa,1–1,2022-2023,D,6,14,5,2,8,4,12,8,3,2,0,0,2023,4,22,1,1,4,2,309
Sat,2023-04-22,Crystal Palace,Everton,0–0,2022-2023,D,12,10,2,5,8,1,12,14,1,1,0,1,2023,4,22,0,0,9,10,310
Sat,2023-04-22,Leicester,Wolves,2–1,2022-2023,D,15,16,8,3,1,7,17,16,1,3,0,0,2023,4,22,2,1,15,27,311
Sat,2023-04-22,Liverpool,Nott'm Forest,3–2,2022-2023,D,18,11,6,5,9,3,9,12,0,1,0,0,2023,4,22,3,2,16,21,312
Sun,2023-04-23,Bournemouth,West Ham,0–4,2022-2023,A,17,18,5,10,8,5,7,8,1,2,0,0,2023,4,23,0,4,3,26,313
Sun,2023-04-23,Newcastle,Tottenham,6–1,2022-2023,H,25,11,8,3,9,3,7,13,0,3,0,0,2023,4,23,6,1,20,25,314
Tue,2023-04-25,Wolves,Crystal Palace,2–0,2022-2023,H,9,14,3,4,6,11,13,14,5,4,0,0,2023,4,25,2,0,27,9,315
Tue,2023-04-25,Aston Villa,Fulham,1–0,2022-2023,H,14,1,3,0,8,2,6,18,3,2,0,0,2023,4,25,1,0,2,11,316
Tue,2023-04-25,Leeds,Leicester,1–1,2022-2023,H,13,15,3,3,3,6,14,15,4,2,0,0,2023,4,25,1,1,14,15,317
Wed,2023-04-26,Nott'm Forest,Brighton,3–1,2022-2023,D,12,17,5,7,2,7,7,8,2,0,0,0,2023,4,26,3,1,21,5,318
Wed,2023-04-26,Chelsea,Brentford,0–2,2022-2023,A,15,7,4,1,5,2,5,13,1,2,0,0,2023,4,26,0,2,7,4,319
Wed,2023-04-26,West Ham,Liverpool,1–2,2022-2023,D,7,20,2,4,3,6,6,8,0,0,0,0,2023,4,26,1,2,26,16,320
Wed,2023-04-26,Man City,Arsenal,4–1,2022-2023,H,14,8,9,2,1,3,13,13,3,1,0,0,2023,4,26,4,1,18,1,321
Thu,2023-04-27,Everton,Newcastle,1–4,2022-2023,A,13,15,5,8,3,14,8,6,2,1,0,0,2023,4,27,1,4,10,20,322
Thu,2023-04-27,Southampton,Bournemouth,0–1,2022-2023,D,11,16,2,2,6,4,9,11,0,3,0,0,2023,4,27,0,1,23,3,323
Thu,2023-04-27,Tottenham,Man United,2–2,2022-2023,A,18,17,7,8,6,8,8,7,1,2,0,0,2023,4,27,2,2,25,19,324
Sat,2023-04-29,Crystal Palace,West Ham,4–3,2022-2023,H,16,8,6,4,8,5,9,17,1,2,0,0,2023,4,29,4,3,9,26,325
Sat,2023-04-29,Brentford,Nott'm Forest,2–1,2022-2023,A,14,5,8,3,6,0,6,13,1,2,0,0,2023,4,29,2,1,4,21,326
Sat,2023-04-29,Brighton,Wolves,6–0,2022-2023,H,22,10,8,2,2,5,14,11,1,1,0,0,2023,4,29,6,0,5,27,327
Sun,2023-04-30,Bournemouth,Leeds,4–1,2022-2023,H,12,15,7,6,2,6,12,14,1,0,0,0,2023,4,30,4,1,3,14,328
Sun,2023-04-30,Fulham,Man City,1–2,2022-2023,A,4,12,1,9,2,5,9,10,1,3,0,0,2023,4,30,1,2,11,18,329
Sun,2023-04-30,Man United,Aston Villa,1–0,2022-2023,H,14,7,6,1,1,4,16,7,2,0,0,0,2023,4,30,1,0,19,2,330
Sun,2023-04-30,Newcastle,Southampton,3–1,2022-2023,A,22,4,5,3,11,2,7,10,1,4,0,0,2023,4,30,3,1,20,23,331
Sun,2023-04-30,Liverpool,Tottenham,4–3,2022-2023,H,12,10,4,7,5,2,12,6,3,2,0,0,2023,4,30,4,3,16,25,332
Mon,2023-05-01,Leicester,Everton,2–2,2022-2023,H,15,23,6,8,2,9,10,12,4,1,0,0,2023,5,1,2,2,15,10,333
Tue,2023-05-02,Arsenal,Chelsea,3–1,2022-2023,H,16,7,10,4,7,2,10,10,0,2,0,0,2023,5,2,3,1,1,7,334
Wed,2023-05-03,Liverpool,Fulham,1–0,2022-2023,H,15,9,3,3,7,5,10,8,0,0,0,0,2023,5,3,1,0,16,11,335
Wed,2023-05-03,Man City,West Ham,3–0,2022-2023,D,16,6,7,2,6,3,8,8,0,1,0,0,2023,5,3,3,0,18,26,336
Thu,2023-05-04,Brighton,Man United,1–0,2022-2023,D,22,16,6,5,8,6,10,14,4,4,0,0,2023,5,4,1,0,5,19,337
Sat,2023-05-06,Bournemouth,Chelsea,1–3,2022-2023,D,10,11,4,5,7,7,9,11,1,3,0,0,2023,5,6,1,3,3,7,338
Sat,2023-05-06,Man City,Leeds,2–1,2022-2023,H,18,4,6,2,10,1,3,16,0,3,0,0,2023,5,6,2,1,18,14,339
Sat,2023-05-06,Tottenham,Crystal Palace,1–0,2022-2023,H,8,7,3,2,8,4,15,14,3,5,0,0,2023,5,6,1,0,25,9,340
Sat,2023-05-06,Wolves,Aston Villa,1–0,2022-2023,H,6,16,2,3,5,6,20,9,3,3,0,0,2023,5,6,1,0,27,2,341
Sat,2023-05-06,Liverpool,Brentford,1–0,2022-2023,H,15,5,5,1,7,3,19,10,4,2,0,0,2023,5,6,1,0,16,4,342
Sun,2023-05-07,Newcastle,Arsenal,0–2,2022-2023,A,12,10,5,6,9,4,16,12,2,1,0,0,2023,5,7,0,2,20,1,343
Sun,2023-05-07,West Ham,Man United,1–0,2022-2023,H,15,19,4,4,5,6,4,9,0,2,0,0,2023,5,7,1,0,26,19,344
Mon,2023-05-08,Fulham,Leicester,5–3,2022-2023,H,17,18,7,9,2,7,13,15,0,3,0,0,2023,5,8,5,3,11,15,345
Mon,2023-05-08,Brighton,Everton,1–5,2022-2023,A,23,10,5,5,15,1,11,13,1,5,0,0,2023,5,8,1,5,5,10,346
Mon,2023-05-08,Nott'm Forest,Southampton,4–3,2022-2023,H,9,19,4,5,2,11,16,10,1,0,0,0,2023,5,8,4,3,21,23,347
Sat,2023-05-13,Leeds,Newcastle,2–2,2022-2023,D,9,18,4,5,2,6,16,14,3,2,1,0,2023,5,13,2,2,14,20,348
Sat,2023-05-13,Aston Villa,Tottenham,2–1,2022-2023,H,8,5,4,2,8,3,9,14,3,3,0,0,2023,5,13,2,1,2,25,349
Sat,2023-05-13,Chelsea,Nott'm Forest,2–2,2022-2023,A,14,11,6,2,2,5,13,15,3,1,0,0,2023,5,13,2,2,7,21,350
Sat,2023-05-13,Crystal Palace,Bournemouth,2–0,2022-2023,H,17,5,5,0,11,2,5,12,0,2,0,0,2023,5,13,2,0,9,3,351
Sat,2023-05-13,Man United,Wolves,2–0,2022-2023,H,27,5,9,0,11,7,9,9,3,2,0,0,2023,5,13,2,0,19,27,352
Sat,2023-05-13,Southampton,Fulham,0–2,2022-2023,D,5,9,1,4,1,8,17,12,2,0,0,0,2023,5,13,0,2,23,11,353
Sun,2023-05-14,Brentford,West Ham,2–0,2022-2023,H,24,4,10,4,7,5,5,5,1,0,0,0,2023,5,14,2,0,4,26,354
Sun,2023-05-14,Everton,Man City,0–3,2022-2023,A,7,9,3,4,8,6,12,4,1,0,0,0,2023,5,14,0,3,10,18,355
Sun,2023-05-14,Arsenal,Brighton,0–3,2022-2023,D,14,12,2,6,5,2,13,17,1,2,0,0,2023,5,14,0,3,1,5,356
Mon,2023-05-15,Leicester,Liverpool,0–3,2022-2023,A,4,16,4,5,4,4,11,17,2,1,0,0,2023,5,15,0,3,15,16,357
Thu,2023-05-18,Newcastle,Brighton,4–1,2022-2023,H,22,8,9,2,6,1,17,16,2,4,0,0,2023,5,18,4,1,20,5,358
Sat,2023-05-20,Tottenham,Brentford,1–3,2022-2023,H,22,11,8,4,8,2,11,9,1,1,0,0,2023,5,20,1,3,25,4,359
Sat,2023-05-20,Bournemouth,Man United,0–1,2022-2023,A,10,20,4,5,3,6,6,7,1,0,0,0,2023,5,20,0,1,3,19,360
Sat,2023-05-20,Fulham,Crystal Palace,2–2,2022-2023,D,11,11,4,5,7,4,13,12,3,0,0,0,2023,5,20,2,2,11,9,361
Sat,2023-05-20,Liverpool,Aston Villa,1–1,2022-2023,A,10,6,5,3,9,4,16,13,3,5,0,0,2023,5,20,1,1,16,2,362
Sat,2023-05-20,Wolves,Everton,1–1,2022-2023,H,13,19,5,4,1,7,18,10,5,1,0,0,2023,5,20,1,1,27,10,363
Sat,2023-05-20,Nott'm Forest,Arsenal,1–0,2022-2023,H,6,11,2,3,3,6,11,12,3,2,0,0,2023,5,20,1,0,21,1,364
Sun,2023-05-21,West Ham,Leeds,3–1,2022-2023,D,19,12,9,3,9,5,6,11,1,3,0,0,2023,5,21,3,1,26,14,365
Sun,2023-05-21,Brighton,Southampton,3–1,2022-2023,H,26,5,8,1,4,3,8,9,2,5,0,0,2023,5,21,3,1,5,23,366
Sun,2023-05-21,Man City,Chelsea,1–0,2022-2023,H,15,13,2,6,5,2,12,9,0,2,0,0,2023,5,21,1,0,18,7,367
Mon,2023-05-22,Newcastle,Leicester,0–0,2022-2023,D,23,1,4,1,12,1,9,5,2,0,0,0,2023,5,22,0,0,20,15,368
Wed,2023-05-24,Brighton,Man City,1–1,2022-2023,D,20,13,7,4,5,1,16,11,2,1,0,0,2023,5,24,1,1,5,18,369
Thu,2023-05-25,Man United,Chelsea,4–1,2022-2023,H,18,14,9,5,3,4,12,6,1,1,0,0,2023,5,25,4,1,19,7,370
Sun,2023-05-28,Arsenal,Wolves,5–0,2022-2023,H,14,6,8,0,8,4,8,11,0,0,0,0,2023,5,28,5,0,1,27,371
Sun,2023-05-28,Aston Villa,Brighton,2–1,2022-2023,H,12,8,5,4,4,3,15,16,4,4,0,0,2023,5,28,2,1,2,5,372
Sun,2023-05-28,Brentford,Man City,1–0,2022-2023,D,11,17,4,3,3,4,12,8,4,0,0,0,2023,5,28,1,0,4,18,373
Sun,2023-05-28,Chelsea,Newcastle,1–1,2022-2023,D,22,13,5,4,10,3,9,11,0,0,0,0,2023,5,28,1,1,7,20,374
Sun,2023-05-28,Crystal Palace,Nott'm Forest,1–1,2022-2023,A,16,7,4,4,5,4,9,13,0,2,0,0,2023,5,28,1,1,9,21,375
Sun,2023-05-28,Everton,Bournemouth,1–0,2022-2023,D,13,7,6,2,9,3,11,12,1,3,0,0,2023,5,28,1,0,10,3,376
Sun,2023-05-28,Leeds,Tottenham,1–4,2022-2023,A,19,11,2,7,12,3,7,5,3,0,0,0,2023,5,28,1,4,14,25,377
Sun,2023-05-28,Leicester,West Ham,2–1,2022-2023,H,13,16,4,3,3,5,8,10,1,1,0,0,2023,5,28,2,1,15,26,378
Sun,2023-05-28,Man United,Fulham,2–1,2022-2023,D,21,10,8,3,5,4,14,10,1,2,0,0,2023,5,28,2,1,19,11,379
Sun,2023-05-28,Southampton,Liverpool,4–4,2022-2023,D,15,30,10,8,2,9,4,10,0,2,0,0,2023,5,28,4,4,23,16,380
Fri,2023-08-11,Burnley,Man City,0–3,2023-2024,A,6,17,1,8,6,5,11,8,0,0,1,0,2023,8,11,0,3,6,18,381
Sat,2023-08-12,Arsenal,Nott'm Forest,2–1,2023-2024,H,15,6,7,2,8,3,12,12,2,2,0,0,2023,8,12,2,1,1,21,382
Sat,2023-08-12,Bournemouth,West Ham,1–1,2023-2024,D,14,16,5,3,10,4,9,14,1,4,0,0,2023,8,12,1,1,3,26,383
Sat,2023-08-12,Brighton,Luton,4–1,2023-2024,H,27,9,12,3,6,7,11,12,2,2,0,0,2023,8,12,4,1,5,17,384
Sat,2023-08-12,Everton,Fulham,0–1,2023-2024,D,19,9,9,2,10,4,12,6,0,2,0,0,2023,8,12,0,1,10,11,385
Sat,2023-08-12,Sheffield United,Crystal Palace,0–1,2023-2024,D,8,24,1,8,5,5,18,11,3,0,0,0,2023,8,12,0,1,22,9,386
Sat,2023-08-12,Newcastle,Aston Villa,5–1,2023-2024,H,17,16,13,6,6,5,12,17,4,4,0,0,2023,8,12,5,1,20,2,387
Sun,2023-08-13,Brentford,Tottenham,2–2,2023-2024,D,11,18,6,6,3,6,12,13,1,4,0,0,2023,8,13,2,2,4,25,388
Sun,2023-08-13,Chelsea,Liverpool,1–1,2023-2024,D,10,13,4,1,4,4,5,12,3,3,0,0,2023,8,13,1,1,7,16,389
Mon,2023-08-14,Man United,Wolves,1–0,2023-2024,D,15,23,3,6,8,7,14,10,2,3,0,0,2023,8,14,1,0,19,27,390
Fri,2023-08-18,Nott'm Forest,Sheffield United,2–1,2023-2024,H,16,7,4,3,6,7,5,9,2,3,0,0,2023,8,18,2,1,21,22,391
Sat,2023-08-19,Fulham,Brentford,0–3,2023-2024,A,10,17,2,8,5,5,13,12,2,2,1,0,2023,8,19,0,3,11,4,392
Sat,2023-08-19,Liverpool,Bournemouth,3–1,2023-2024,H,26,13,10,5,10,2,11,13,1,3,1,0,2023,8,19,3,1,16,3,393
Sat,2023-08-19,Wolves,Brighton,1–4,2023-2024,A,16,16,5,8,5,3,14,11,3,6,1,0,2023,8,19,1,4,27,5,394
Sat,2023-08-19,Tottenham,Man United,2–0,2023-2024,D,17,22,6,6,5,6,9,8,1,3,0,0,2023,8,19,2,0,25,19,395
Sat,2023-08-19,Man City,Newcastle,1–0,2023-2024,H,14,7,4,1,3,0,12,11,1,5,0,0,2023,8,19,1,0,18,20,396
Sun,2023-08-20,Aston Villa,Everton,4–0,2023-2024,H,13,9,7,2,7,6,8,12,3,4,0,0,2023,8,20,4,0,2,10,397
Sun,2023-08-20,West Ham,Chelsea,3–1,2023-2024,D,12,17,6,4,3,9,12,9,2,3,1,0,2023,8,20,3,1,26,7,398
Mon,2023-08-21,Crystal Palace,Arsenal,0–1,2023-2024,D,14,14,2,3,1,8,14,10,2,1,0,1,2023,8,21,0,1,9,1,399
Fri,2023-08-25,Chelsea,Luton,3–0,2023-2024,H,19,11,8,1,6,4,15,12,2,3,0,0,2023,8,25,3,0,7,17,400
Sat,2023-08-26,Bournemouth,Tottenham,0–2,2023-2024,A,11,17,3,6,6,2,18,11,1,3,0,0,2023,8,26,0,2,3,25,401
Sat,2023-08-26,Arsenal,Fulham,2–2,2023-2024,A,19,8,11,3,8,3,6,5,0,3,0,1,2023,8,26,2,2,1,11,402
Sat,2023-08-26,Brentford,Crystal Palace,1–1,2023-2024,H,12,15,1,5,8,6,9,15,0,0,0,0,2023,8,26,1,1,4,9,403
Sat,2023-08-26,Everton,Wolves,0–1,2023-2024,D,15,11,7,2,7,0,10,14,3,4,0,0,2023,8,26,0,1,10,27,404
Sat,2023-08-26,Man United,Nott'm Forest,3–2,2023-2024,A,18,9,9,4,11,3,13,11,4,4,0,1,2023,8,26,3,2,19,21,405
Sat,2023-08-26,Brighton,West Ham,1–3,2023-2024,A,25,12,10,3,17,4,10,9,1,3,0,0,2023,8,26,1,3,5,26,406
Sun,2023-08-27,Burnley,Aston Villa,1–3,2023-2024,A,9,16,2,6,4,6,12,11,2,0,0,0,2023,8,27,1,3,6,2,407
Sun,2023-08-27,Sheffield United,Man City,1–2,2023-2024,D,6,30,2,9,1,12,11,2,3,0,0,0,2023,8,27,1,2,22,18,408
Sun,2023-08-27,Newcastle,Liverpool,1–2,2023-2024,H,23,9,8,4,5,9,16,10,1,2,0,1,2023,8,27,1,2,20,16,409
Fri,2023-09-01,Luton,West Ham,1–2,2023-2024,A,16,9,1,3,9,6,8,13,1,1,0,0,2023,9,1,1,2,17,26,410
Sat,2023-09-02,Sheffield United,Everton,2–2,2023-2024,H,13,16,8,6,4,6,11,13,1,2,0,0,2023,9,2,2,2,22,10,411
Sat,2023-09-02,Brentford,Bournemouth,2–2,2023-2024,D,21,12,7,5,5,2,6,13,1,2,0,0,2023,9,2,2,2,4,3,412
Sat,2023-09-02,Burnley,Tottenham,2–5,2023-2024,A,16,20,4,10,7,4,15,9,4,3,0,0,2023,9,2,2,5,6,25,413
Sat,2023-09-02,Chelsea,Nott'm Forest,0–1,2023-2024,D,21,7,2,3,8,0,10,9,3,4,0,0,2023,9,2,0,1,7,21,414
Sat,2023-09-02,Man City,Fulham,5–1,2023-2024,H,7,6,5,4,4,5,12,12,2,4,0,0,2023,9,2,5,1,18,11,415
Sat,2023-09-02,Brighton,Newcastle,3–1,2023-2024,H,15,9,6,2,5,3,14,17,4,4,0,0,2023,9,2,3,1,5,20,416
Sun,2023-09-03,Crystal Palace,Wolves,3–2,2023-2024,D,16,12,11,4,4,2,12,12,1,3,0,0,2023,9,3,3,2,9,27,417
Sun,2023-09-03,Liverpool,Aston Villa,3–0,2023-2024,H,17,9,4,3,7,3,12,7,0,1,0,0,2023,9,3,3,0,16,2,418
Sun,2023-09-03,Arsenal,Man United,3–1,2023-2024,D,17,10,5,2,12,3,8,7,2,3,0,0,2023,9,3,3,1,1,19,419
Sat,2023-09-16,Wolves,Liverpool,1–3,2023-2024,H,11,16,2,6,4,4,10,4,1,3,0,0,2023,9,16,1,3,27,16,420
Sat,2023-09-16,Aston Villa,Crystal Palace,3–1,2023-2024,D,16,6,5,3,4,2,13,9,5,3,0,0,2023,9,16,3,1,2,9,421
Sat,2023-09-16,Fulham,Luton,1–0,2023-2024,D,13,7,2,2,6,2,6,14,2,2,0,0,2023,9,16,1,0,11,17,422
Sat,2023-09-16,Man United,Brighton,1–3,2023-2024,A,14,10,4,8,8,1,8,9,2,2,0,0,2023,9,16,1,3,19,5,423
Sat,2023-09-16,Tottenham,Sheffield United,2–1,2023-2024,D,28,7,10,5,15,2,13,14,6,5,0,1,2023,9,16,2,1,25,22,424
Sat,2023-09-16,West Ham,Man City,1–3,2023-2024,H,6,29,3,15,4,11,7,11,3,2,0,0,2023,9,16,1,3,26,18,425
Sat,2023-09-16,Newcastle,Brentford,1–0,2023-2024,D,9,11,2,2,8,3,8,12,3,5,0,0,2023,9,16,1,0,20,4,426
Sun,2023-09-17,Bournemouth,Chelsea,0–0,2023-2024,D,13,14,4,6,1,7,15,20,1,5,0,0,2023,9,17,0,0,3,7,427
Sun,2023-09-17,Everton,Arsenal,0–1,2023-2024,D,8,13,1,4,1,11,12,10,1,1,0,0,2023,9,17,0,1,10,1,428
Mon,2023-09-18,Nott'm Forest,Burnley,1–1,2023-2024,A,14,10,4,3,5,4,16,10,2,3,0,1,2023,9,18,1,1,21,6,429
Sat,2023-09-23,Crystal Palace,Fulham,0–0,2023-2024,D,7,10,3,5,3,2,10,15,3,2,0,0,2023,9,23,0,0,9,11,430
Sat,2023-09-23,Luton,Wolves,1–1,2023-2024,D,20,3,4,3,10,1,12,17,0,2,0,1,2023,9,23,1,1,17,27,431
Sat,2023-09-23,Man City,Nott'm Forest,2–0,2023-2024,H,7,10,4,3,6,6,5,17,3,7,1,0,2023,9,23,2,0,18,21,432
Sat,2023-09-23,Brentford,Everton,1–3,2023-2024,D,12,18,2,6,1,4,9,12,2,2,0,0,2023,9,23,1,3,4,10,433
Sat,2023-09-23,Burnley,Man United,0–1,2023-2024,A,12,11,4,4,9,5,6,12,1,2,0,0,2023,9,23,0,1,6,19,434
Sun,2023-09-24,Arsenal,Tottenham,2–2,2023-2024,D,13,13,6,5,11,4,12,19,3,4,0,0,2023,9,24,2,2,1,25,435
Sun,2023-09-24,Brighton,Bournemouth,3–1,2023-2024,D,13,12,4,4,4,4,12,17,3,3,0,0,2023,9,24,3,1,5,3,436
Sun,2023-09-24,Chelsea,Aston Villa,0–1,2023-2024,D,10,15,4,7,5,11,9,11,2,3,0,0,2023,9,24,0,1,7,2,437
Sun,2023-09-24,Liverpool,West Ham,3–1,2023-2024,D,22,11,7,4,7,4,12,13,0,2,0,0,2023,9,24,3,1,16,26,438
Sun,2023-09-24,Sheffield United,Newcastle,0–8,2023-2024,A,9,22,1,15,2,6,12,8,3,0,0,0,2023,9,24,0,8,22,20,439
Sat,2023-09-30,Aston Villa,Brighton,6–1,2023-2024,H,19,11,9,3,1,3,19,21,4,4,0,0,2023,9,30,6,1,2,5,440
Sat,2023-09-30,Bournemouth,Arsenal,0–4,2023-2024,A,8,15,1,8,6,6,11,10,0,1,0,0,2023,9,30,0,4,3,1,441
Sat,2023-09-30,Everton,Luton,1–2,2023-2024,A,23,9,5,2,3,6,8,10,0,1,0,0,2023,9,30,1,2,10,17,442
Sat,2023-09-30,Man United,Crystal Palace,0–1,2023-2024,A,19,8,4,2,10,4,10,8,3,2,0,0,2023,9,30,0,1,19,9,443
Sat,2023-09-30,Newcastle,Burnley,2–0,2023-2024,H,20,8,8,2,5,3,7,15,1,3,0,0,2023,9,30,2,0,20,6,444
Sat,2023-09-30,West Ham,Sheffield United,2–0,2023-2024,H,20,16,9,2,7,4,6,9,1,1,0,0,2023,9,30,2,0,26,22,445
Sat,2023-09-30,Wolves,Man City,2–1,2023-2024,H,3,23,1,8,0,6,18,12,5,4,0,0,2023,9,30,2,1,27,18,446
Sat,2023-09-30,Tottenham,Liverpool,2–1,2023-2024,D,24,12,8,4,12,5,11,17,5,4,0,2,2023,9,30,2,1,25,16,447
Sun,2023-10-01,Nott'm Forest,Brentford,1–1,2023-2024,D,6,18,1,5,1,11,6,10,1,2,1,0,2023,10,1,1,1,21,4,448
Mon,2023-10-02,Fulham,Chelsea,0–2,2023-2024,A,10,11,3,4,8,1,15,12,1,4,0,0,2023,10,2,0,2,11,7,449
Tue,2023-10-03,Luton,Burnley,1–2,2023-2024,A,18,14,3,4,7,6,14,6,4,2,0,0,2023,10,3,1,2,17,6,450
Sat,2023-10-07,Luton,Tottenham,0–1,2023-2024,D,12,15,2,4,5,6,16,7,2,1,0,1,2023,10,7,0,1,17,25,451
Sat,2023-10-07,Burnley,Chelsea,1–4,2023-2024,D,10,9,3,5,7,3,11,8,2,4,0,0,2023,10,7,1,4,6,7,452
Sat,2023-10-07,Everton,Bournemouth,3–0,2023-2024,H,25,11,8,4,8,7,14,15,1,2,0,0,2023,10,7,3,0,10,3,453
Sat,2023-10-07,Fulham,Sheffield United,3–1,2023-2024,D,20,5,6,2,9,4,8,10,1,2,0,0,2023,10,7,3,1,11,22,454
Sat,2023-10-07,Man United,Brentford,2–1,2023-2024,A,21,11,8,3,7,5,10,17,0,5,0,0,2023,10,7,2,1,19,4,455
Sat,2023-10-07,Crystal Palace,Nott'm Forest,0–0,2023-2024,D,8,16,2,5,3,7,7,12,0,1,0,0,2023,10,7,0,0,9,21,456
Sun,2023-10-08,Brighton,Liverpool,2–2,2023-2024,A,14,14,3,4,8,1,12,20,1,2,0,0,2023,10,8,2,2,5,16,457
Sun,2023-10-08,West Ham,Newcastle,2–2,2023-2024,H,5,10,3,3,4,2,11,18,3,3,0,0,2023,10,8,2,2,26,20,458
Sun,2023-10-08,Wolves,Aston Villa,1–1,2023-2024,D,8,18,3,4,2,10,19,9,2,2,1,0,2023,10,8,1,1,27,2,459
Sun,2023-10-08,Arsenal,Man City,1–0,2023-2024,D,12,4,2,1,5,4,8,7,2,3,0,0,2023,10,8,1,0,1,18,460
Sat,2023-10-21,Liverpool,Everton,2–0,2023-2024,D,26,6,6,1,12,4,9,9,1,1,0,1,2023,10,21,2,0,16,10,461
Sat,2023-10-21,Bournemouth,Wolves,1–2,2023-2024,H,7,20,4,7,3,12,15,10,2,6,1,0,2023,10,21,1,2,3,27,462
Sat,2023-10-21,Brentford,Burnley,3–0,2023-2024,H,23,6,10,1,5,5,14,12,5,2,0,1,2023,10,21,3,0,4,6,463
Sat,2023-10-21,Man City,Brighton,2–1,2023-2024,H,10,5,6,3,2,2,9,11,2,2,1,0,2023,10,21,2,1,18,5,464
Sat,2023-10-21,Newcastle,Crystal Palace,4–0,2023-2024,H,10,17,7,3,6,8,7,12,2,3,0,0,2023,10,21,4,0,20,9,465
Sat,2023-10-21,Nott'm Forest,Luton,2–2,2023-2024,D,19,13,8,4,4,2,12,11,3,0,0,0,2023,10,21,2,2,21,17,466
Sat,2023-10-21,Chelsea,Arsenal,2–2,2023-2024,H,11,13,5,3,2,7,7,14,3,3,0,0,2023,10,21,2,2,7,1,467
Sat,2023-10-21,Sheffield United,Man United,1–2,2023-2024,D,12,14,6,5,5,4,12,10,3,1,0,0,2023,10,21,1,2,22,19,468
Sun,2023-10-22,Aston Villa,West Ham,4–1,2023-2024,H,15,14,7,4,8,7,9,15,0,1,0,0,2023,10,22,4,1,2,26,469
Mon,2023-10-23,Tottenham,Fulham,2–0,2023-2024,H,15,10,5,3,3,5,10,14,2,0,0,0,2023,10,23,2,0,25,11,470
Fri,2023-10-27,Crystal Palace,Tottenham,1–2,2023-2024,D,13,10,3,1,11,2,19,11,2,1,0,0,2023,10,27,1,2,9,25,471
Sat,2023-10-28,Chelsea,Brentford,0–2,2023-2024,D,17,7,2,5,10,1,12,7,1,4,0,0,2023,10,28,0,2,7,4,472
Sat,2023-10-28,Arsenal,Sheffield United,5–0,2023-2024,H,13,2,8,0,6,1,9,13,0,3,0,0,2023,10,28,5,0,1,22,473
Sat,2023-10-28,Bournemouth,Burnley,2–1,2023-2024,D,13,6,6,3,10,5,9,12,2,3,0,0,2023,10,28,2,1,3,6,474
Sat,2023-10-28,Wolves,Newcastle,2–2,2023-2024,A,11,13,6,5,8,7,13,15,1,4,0,0,2023,10,28,2,2,27,20,475
Sun,2023-10-29,West Ham,Everton,0–1,2023-2024,D,12,10,2,4,4,3,7,11,4,1,0,0,2023,10,29,0,1,26,10,476
Sun,2023-10-29,Aston Villa,Luton,3–1,2023-2024,H,17,7,6,1,6,4,11,10,3,2,0,0,2023,10,29,3,1,2,17,477
Sun,2023-10-29,Brighton,Fulham,1–1,2023-2024,H,18,10,7,5,7,3,12,8,0,3,0,0,2023,10,29,1,1,5,11,478
Sun,2023-10-29,Liverpool,Nott'm Forest,3–0,2023-2024,H,21,9,8,1,8,3,9,13,2,3,0,0,2023,10,29,3,0,16,21,479
Sun,2023-10-29,Man United,Man City,0–3,2023-2024,A,7,21,3,10,7,12,9,4,4,1,0,0,2023,10,29,0,3,19,18,480
Sat,2023-11-04,Fulham,Man United,0–1,2023-2024,D,18,12,3,5,9,4,9,15,5,2,0,0,2023,11,4,0,1,11,19,481
Sat,2023-11-04,Brentford,West Ham,3–2,2023-2024,A,16,12,4,2,4,3,12,14,1,4,0,0,2023,11,4,3,2,4,26,482
Sat,2023-11-04,Burnley,Crystal Palace,0–2,2023-2024,A,17,4,5,3,12,1,9,12,0,5,0,0,2023,11,4,0,2,6,9,483
Sat,2023-11-04,Everton,Brighton,1–1,2023-2024,H,10,7,4,2,3,3,15,5,4,2,0,0,2023,11,4,1,1,10,5,484
Sat,2023-11-04,Man City,Bournemouth,6–1,2023-2024,H,21,5,8,1,12,1,8,9,0,1,0,0,2023,11,4,6,1,18,3,485
Sat,2023-11-04,Sheffield United,Wolves,2–1,2023-2024,D,11,10,2,3,4,4,13,10,2,3,0,0,2023,11,4,2,1,22,27,486
Sat,2023-11-04,Newcastle,Arsenal,1–0,2023-2024,D,9,14,2,1,0,11,14,9,5,1,0,0,2023,11,4,1,0,20,1,487
Sun,2023-11-05,Nott'm Forest,Aston Villa,2–0,2023-2024,H,5,13,3,3,0,10,6,9,1,1,0,0,2023,11,5,2,0,21,2,488
Sun,2023-11-05,Luton,Liverpool,1–1,2023-2024,D,8,24,5,6,4,7,7,13,1,1,0,0,2023,11,5,1,1,17,16,489
Mon,2023-11-06,Tottenham,Chelsea,1–4,2023-2024,D,8,17,5,8,1,6,12,21,1,5,2,0,2023,11,6,1,4,25,7,490
Sat,2023-11-11,Wolves,Tottenham,2–1,2023-2024,A,17,6,4,2,11,3,19,15,4,3,0,0,2023,11,11,2,1,27,25,491
Sat,2023-11-11,Arsenal,Burnley,3–1,2023-2024,H,16,8,6,5,3,3,8,9,0,1,1,0,2023,11,11,3,1,1,6,492
Sat,2023-11-11,Crystal Palace,Everton,2–3,2023-2024,D,13,8,4,4,9,2,9,18,1,4,0,0,2023,11,11,2,3,9,10,493
Sat,2023-11-11,Man United,Luton,1–0,2023-2024,D,15,10,4,4,11,3,9,11,0,2,0,0,2023,11,11,1,0,19,17,494
Sat,2023-11-11,Bournemouth,Newcastle,2–0,2023-2024,D,19,8,10,5,6,5,10,4,2,1,0,0,2023,11,11,2,0,3,20,495
Sun,2023-11-12,Aston Villa,Fulham,3–1,2023-2024,H,12,9,6,5,2,2,4,17,2,5,0,0,2023,11,12,3,1,2,11,496
Sun,2023-11-12,Brighton,Sheffield United,1–1,2023-2024,H,11,9,6,1,6,3,13,16,3,2,1,0,2023,11,12,1,1,5,22,497
Sun,2023-11-12,Liverpool,Brentford,3–0,2023-2024,H,17,16,10,3,6,8,16,12,1,2,0,0,2023,11,12,3,0,16,4,498
Sun,2023-11-12,West Ham,Nott'm Forest,3–2,2023-2024,D,16,10,6,5,9,4,9,12,2,2,0,0,2023,11,12,3,2,26,21,499
Sun,2023-11-12,Chelsea,Man City,4–4,2023-2024,D,17,15,9,10,3,3,12,15,5,3,0,0,2023,11,12,4,4,7,18,500
Sat,2023-11-25,Man City,Liverpool,1–1,2023-2024,H,16,8,5,3,9,6,9,11,1,3,0,0,2023,11,25,1,1,18,16,501
Sat,2023-11-25,Burnley,West Ham,1–2,2023-2024,D,11,11,5,3,4,5,11,7,1,3,0,0,2023,11,25,1,2,6,26,502
Sat,2023-11-25,Luton,Crystal Palace,2–1,2023-2024,D,8,16,3,8,4,5,15,12,6,1,0,0,2023,11,25,2,1,17,9,503
Sat,2023-11-25,Newcastle,Chelsea,4–1,2023-2024,D,14,7,5,4,4,2,13,19,4,4,0,1,2023,11,25,4,1,20,7,504
Sat,2023-11-25,Nott'm Forest,Brighton,2–3,2023-2024,A,18,11,5,5,6,4,12,7,2,4,0,1,2023,11,25,2,3,21,5,505
Sat,2023-11-25,Sheffield United,Bournemouth,1–3,2023-2024,A,10,23,2,11,4,7,6,8,4,1,0,0,2023,11,25,1,3,22,3,506
Sat,2023-11-25,Brentford,Arsenal,0–1,2023-2024,D,9,15,3,4,1,8,9,7,1,1,0,0,2023,11,25,0,1,4,1,507
Sun,2023-11-26,Tottenham,Aston Villa,1–2,2023-2024,D,18,15,8,5,9,3,11,13,0,4,0,0,2023,11,26,1,2,25,2,508
Sun,2023-11-26,Everton,Man United,0–3,2023-2024,A,24,9,6,4,6,5,10,8,3,0,0,0,2023,11,26,0,3,10,19,509
Mon,2023-11-27,Fulham,Wolves,3–2,2023-2024,D,12,10,6,6,6,2,13,13,2,2,0,0,2023,11,27,3,2,11,27,510
Sat,2023-12-02,Arsenal,Wolves,2–1,2023-2024,H,19,6,6,3,4,0,10,10,1,2,0,0,2023,12,2,2,1,1,27,511
Sat,2023-12-02,Brentford,Luton,3–1,2023-2024,D,27,7,6,1,7,5,10,8,1,2,0,0,2023,12,2,3,1,4,17,512
Sat,2023-12-02,Burnley,Sheffield United,5–0,2023-2024,H,19,6,7,3,6,1,9,12,2,5,0,1,2023,12,2,5,0,6,22,513
Sat,2023-12-02,Nott'm Forest,Everton,0–1,2023-2024,D,13,12,2,3,4,3,15,14,1,0,0,0,2023,12,2,0,1,21,10,514
Sat,2023-12-02,Newcastle,Man United,1–0,2023-2024,D,22,8,4,1,7,3,6,13,1,2,0,0,2023,12,2,1,0,20,19,515
Sun,2023-12-03,Bournemouth,Aston Villa,2–2,2023-2024,D,15,11,7,3,7,7,16,12,5,3,0,0,2023,12,3,2,2,3,2,516
Sun,2023-12-03,Chelsea,Brighton,3–2,2023-2024,H,8,18,5,9,5,8,16,12,3,5,1,0,2023,12,3,3,2,7,5,517
Sun,2023-12-03,Liverpool,Fulham,4–3,2023-2024,D,26,9,12,5,3,4,6,7,0,0,0,0,2023,12,3,4,3,16,11,518
Sun,2023-12-03,West Ham,Crystal Palace,1–1,2023-2024,H,9,9,3,2,2,3,17,7,2,0,0,0,2023,12,3,1,1,26,9,519
Sun,2023-12-03,Man City,Tottenham,3–3,2023-2024,H,18,8,4,4,10,8,14,14,4,4,0,0,2023,12,3,3,3,18,25,520
Tue,2023-12-05,Wolves,Burnley,1–0,2023-2024,H,7,12,4,3,6,8,11,15,2,4,0,0,2023,12,5,1,0,27,6,521
Tue,2023-12-05,Luton,Arsenal,3–4,2023-2024,A,6,23,4,9,3,8,14,7,2,1,0,0,2023,12,5,3,4,17,1,522
Wed,2023-12-06,Brighton,Brentford,2–1,2023-2024,D,18,8,7,2,7,3,10,8,3,1,0,0,2023,12,6,2,1,5,4,523
Wed,2023-12-06,Crystal Palace,Bournemouth,0–2,2023-2024,A,16,11,3,4,3,9,10,17,1,3,0,0,2023,12,6,0,2,9,3,524
Wed,2023-12-06,Fulham,Nott'm Forest,5–0,2023-2024,H,14,4,6,1,6,1,7,10,0,1,0,0,2023,12,6,5,0,11,21,525
Wed,2023-12-06,Sheffield United,Liverpool,0–2,2023-2024,A,6,15,1,8,2,12,12,8,2,3,0,0,2023,12,6,0,2,22,16,526
Wed,2023-12-06,Aston Villa,Man City,1–0,2023-2024,D,22,2,7,2,6,0,13,13,2,2,0,0,2023,12,6,1,0,2,18,527
Wed,2023-12-06,Man United,Chelsea,2–1,2023-2024,D,28,13,9,3,12,4,12,12,4,0,0,0,2023,12,6,2,1,19,7,528
Thu,2023-12-07,Everton,Newcastle,3–0,2023-2024,D,21,13,6,3,5,2,18,8,3,0,0,0,2023,12,7,3,0,10,20,529
Thu,2023-12-07,Tottenham,West Ham,1–2,2023-2024,H,23,11,7,5,8,4,11,12,3,3,0,0,2023,12,7,1,2,25,26,530
Sat,2023-12-09,Crystal Palace,Liverpool,1–2,2023-2024,D,8,14,4,2,6,5,17,17,5,2,1,0,2023,12,9,1,2,9,16,531
Sat,2023-12-09,Brighton,Burnley,1–1,2023-2024,A,29,6,11,3,9,1,5,8,0,4,0,0,2023,12,9,1,1,5,6,532
Sat,2023-12-09,Man United,Bournemouth,0–3,2023-2024,A,20,10,3,4,10,4,7,10,3,1,0,0,2023,12,9,0,3,19,3,533
Sat,2023-12-09,Sheffield United,Brentford,1–0,2023-2024,H,9,10,4,4,3,4,14,13,5,1,0,0,2023,12,9,1,0,22,4,534
Sat,2023-12-09,Wolves,Nott'm Forest,1–1,2023-2024,D,10,8,4,2,4,3,9,11,0,1,0,0,2023,12,9,1,1,27,21,535
Sat,2023-12-09,Aston Villa,Arsenal,1–0,2023-2024,H,10,12,3,5,3,3,16,11,4,2,0,0,2023,12,9,1,0,2,1,536
Sun,2023-12-10,Everton,Chelsea,2–0,2023-2024,D,9,16,5,4,4,8,12,12,2,2,0,0,2023,12,10,2,0,10,7,537
Sun,2023-12-10,Fulham,West Ham,5–0,2023-2024,H,14,9,8,5,3,6,5,10,2,1,0,0,2023,12,10,5,0,11,26,538
Sun,2023-12-10,Luton,Man City,1–2,2023-2024,H,4,18,2,6,6,3,16,6,2,1,0,0,2023,12,10,1,2,17,18,539
Sun,2023-12-10,Tottenham,Newcastle,4–1,2023-2024,H,23,9,12,3,3,6,10,12,1,3,0,0,2023,12,10,4,1,25,20,540
Fri,2023-12-15,Nott'm Forest,Tottenham,0–2,2023-2024,A,15,12,1,6,6,4,16,11,2,4,0,1,2023,12,15,0,2,21,25,541
Sat,2023-12-16,Chelsea,Sheffield United,2–0,2023-2024,D,15,6,6,1,7,6,9,14,1,3,0,0,2023,12,16,2,0,7,22,542
Sat,2023-12-16,Man City,Crystal Palace,2–2,2023-2024,H,19,5,9,2,6,1,12,9,1,1,0,0,2023,12,16,2,2,18,9,543
Sat,2023-12-16,Newcastle,Fulham,3–0,2023-2024,D,27,6,10,4,5,1,7,12,0,2,0,1,2023,12,16,3,0,20,11,544
Sat,2023-12-16,Burnley,Everton,0–2,2023-2024,A,14,9,2,6,8,6,9,8,0,1,0,0,2023,12,16,0,2,6,10,545
Sun,2023-12-17,Arsenal,Brighton,2–0,2023-2024,D,26,6,9,1,10,1,11,9,1,3,0,0,2023,12,17,2,0,1,5,546
Sun,2023-12-17,Brentford,Aston Villa,1–2,2023-2024,H,4,15,3,5,7,12,19,6,6,4,1,1,2023,12,17,1,2,4,2,547
Sun,2023-12-17,West Ham,Wolves,3–0,2023-2024,H,13,14,4,3,6,6,12,15,3,1,0,0,2023,12,17,3,0,26,27,548
Sun,2023-12-17,Liverpool,Man United,0–0,2023-2024,D,34,6,8,1,12,0,13,8,2,4,0,1,2023,12,17,0,0,16,19,549
Thu,2023-12-21,Crystal Palace,Brighton,1–1,2023-2024,H,11,18,3,6,3,1,12,11,5,2,0,0,2023,12,21,1,1,9,5,550
Fri,2023-12-22,Aston Villa,Sheffield United,1–1,2023-2024,D,12,5,4,2,9,1,11,16,3,3,0,0,2023,12,22,1,1,2,22,551
Sat,2023-12-23,West Ham,Man United,2–0,2023-2024,D,12,11,5,3,4,4,13,15,2,3,0,0,2023,12,23,2,0,26,19,552
Sat,2023-12-23,Fulham,Burnley,0–2,2023-2024,D,19,7,5,2,8,6,5,17,2,1,0,0,2023,12,23,0,2,11,6,553
Sat,2023-12-23,Luton,Newcastle,1–0,2023-2024,H,16,15,5,2,6,7,11,5,2,1,0,0,2023,12,23,1,0,17,20,554
Sat,2023-12-23,Nott'm Forest,Bournemouth,2–3,2023-2024,D,11,18,5,7,6,6,10,10,0,3,1,0,2023,12,23,2,3,21,3,555
Sat,2023-12-23,Tottenham,Everton,2–1,2023-2024,H,13,18,6,8,3,8,6,18,1,4,0,0,2023,12,23,2,1,25,10,556
Sat,2023-12-23,Liverpool,Arsenal,1–1,2023-2024,D,13,13,3,2,4,5,13,14,2,5,0,0,2023,12,23,1,1,16,1,557
Sun,2023-12-24,Wolves,Chelsea,2–1,2023-2024,D,14,16,6,5,10,6,11,9,3,5,0,0,2023,12,24,2,1,27,7,558
Tue,2023-12-26,Newcastle,Nott'm Forest,1–3,2023-2024,D,19,15,7,6,10,2,10,11,3,3,0,0,2023,12,26,1,3,20,21,559
Tue,2023-12-26,Bournemouth,Fulham,3–0,2023-2024,H,16,8,4,3,6,5,10,10,0,2,0,0,2023,12,26,3,0,3,11,560
Tue,2023-12-26,Sheffield United,Luton,2–3,2023-2024,A,21,12,6,4,9,4,13,13,5,0,0,0,2023,12,26,2,3,22,17,561
Tue,2023-12-26,Burnley,Liverpool,0–2,2023-2024,A,9,19,0,10,4,4,7,10,2,1,0,0,2023,12,26,0,2,6,16,562
Tue,2023-12-26,Man United,Aston Villa,3–2,2023-2024,A,13,10,7,4,3,6,10,10,1,3,0,0,2023,12,26,3,2,19,2,563
Wed,2023-12-27,Brentford,Wolves,1–4,2023-2024,A,14,11,4,5,8,2,5,14,1,1,0,0,2023,12,27,1,4,4,27,564
Wed,2023-12-27,Chelsea,Crystal Palace,2–1,2023-2024,D,9,13,4,5,4,3,13,16,3,2,0,0,2023,12,27,2,1,7,9,565
Wed,2023-12-27,Everton,Man City,1–3,2023-2024,H,7,23,2,9,8,4,13,5,4,2,0,0,2023,12,27,1,3,10,18,566
Thu,2023-12-28,Brighton,Tottenham,4–2,2023-2024,H,15,19,9,3,7,6,18,6,3,2,0,0,2023,12,28,4,2,5,25,567
Thu,2023-12-28,Arsenal,West Ham,0–2,2023-2024,A,30,6,8,3,10,3,8,8,2,0,0,0,2023,12,28,0,2,1,26,568
Sat,2023-12-30,Luton,Chelsea,2–3,2023-2024,A,15,12,6,8,7,2,14,21,2,2,0,0,2023,12,30,2,3,17,7,569
Sat,2023-12-30,Aston Villa,Burnley,3–2,2023-2024,H,19,9,7,5,6,2,9,14,4,1,0,1,2023,12,30,3,2,2,6,570
Sat,2023-12-30,Crystal Palace,Brentford,3–1,2023-2024,H,13,9,6,4,7,4,14,10,0,1,0,0,2023,12,30,3,1,9,4,571
Sat,2023-12-30,Man City,Sheffield United,2–0,2023-2024,H,18,4,4,2,12,2,5,6,1,1,0,0,2023,12,30,2,0,18,22,572
Sat,2023-12-30,Wolves,Everton,3–0,2023-2024,H,12,10,6,0,5,2,9,14,2,3,0,0,2023,12,30,3,0,27,10,573
Sat,2023-12-30,Nott'm Forest,Man United,2–1,2023-2024,D,8,10,2,5,4,5,9,11,2,4,0,0,2023,12,30,2,1,21,19,574
Sun,2023-12-31,Fulham,Arsenal,2–1,2023-2024,D,15,13,4,3,5,4,11,10,4,1,0,0,2023,12,31,2,1,11,1,575
Sun,2023-12-31,Tottenham,Bournemouth,3–1,2023-2024,H,12,24,6,4,4,13,9,18,3,3,0,0,2023,12,31,3,1,25,3,576
Mon,2024-01-01,Liverpool,Newcastle,4–2,2023-2024,D,34,5,15,3,7,3,16,15,3,5,0,0,2024,1,1,4,2,16,20,577
Tue,2024-01-02,West Ham,Brighton,0–0,2023-2024,D,6,22,2,8,2,0,4,6,1,0,0,0,2024,1,2,0,0,26,5,578
Fri,2024-01-12,Burnley,Luton,1–1,2023-2024,H,13,14,7,5,2,8,7,12,1,0,0,0,2024,1,12,1,1,6,17,579
Sat,2024-01-13,Chelsea,Fulham,1–0,2023-2024,H,17,14,3,4,6,4,13,9,5,1,0,0,2024,1,13,1,0,7,11,580
Sat,2024-01-13,Newcastle,Man City,2–3,2023-2024,H,12,27,5,11,3,13,7,7,1,2,0,0,2024,1,13,2,3,20,18,581
Sun,2024-01-14,Everton,Aston Villa,0–0,2023-2024,D,10,16,2,5,4,5,13,14,1,4,0,0,2024,1,14,0,0,10,2,582
Sun,2024-01-14,Man United,Tottenham,2–2,2023-2024,H,9,16,2,6,8,13,8,5,2,1,0,0,2024,1,14,2,2,19,25,583
Sat,2024-01-20,Arsenal,Crystal Palace,5–0,2023-2024,H,21,12,6,5,6,7,8,12,0,0,0,0,2024,1,20,5,0,1,9,584
Sat,2024-01-20,Brentford,Nott'm Forest,3–2,2023-2024,D,11,12,5,3,6,4,10,14,1,3,0,0,2024,1,20,3,2,4,21,585
Sun,2024-01-21,Sheffield United,West Ham,2–2,2023-2024,D,21,16,6,5,4,1,11,10,3,1,1,1,2024,1,21,2,2,22,26,586
Sun,2024-01-21,Bournemouth,Liverpool,0–4,2023-2024,D,11,14,1,7,8,5,9,12,1,2,0,0,2024,1,21,0,4,3,16,587
Mon,2024-01-22,Brighton,Wolves,0–0,2023-2024,D,11,8,4,3,8,2,10,13,1,4,0,0,2024,1,22,0,0,5,27,588
Tue,2024-01-30,Nott'm Forest,Arsenal,1–2,2023-2024,D,9,19,3,3,2,11,6,7,0,1,0,0,2024,1,30,1,2,21,1,589
Tue,2024-01-30,Fulham,Everton,0–0,2023-2024,D,25,21,6,4,15,6,6,13,1,2,0,0,2024,1,30,0,0,11,10,590
Tue,2024-01-30,Luton,Brighton,4–0,2023-2024,H,18,9,8,2,7,4,13,14,2,2,0,0,2024,1,30,4,0,17,5,591
Tue,2024-01-30,Crystal Palace,Sheffield United,3–2,2023-2024,D,12,9,4,5,11,1,8,18,1,4,0,0,2024,1,30,3,2,9,22,592
Tue,2024-01-30,Aston Villa,Newcastle,1–3,2023-2024,A,12,14,6,5,8,7,14,12,4,1,0,0,2024,1,30,1,3,2,20,593
Wed,2024-01-31,Man City,Burnley,3–1,2023-2024,H,14,8,4,3,7,3,3,13,2,2,0,0,2024,1,31,3,1,18,6,594
Wed,2024-01-31,Tottenham,Brentford,3–2,2023-2024,A,19,9,5,5,5,3,13,15,2,3,0,0,2024,1,31,3,2,25,4,595
Wed,2024-01-31,Liverpool,Chelsea,4–1,2023-2024,H,28,4,13,3,8,1,15,16,2,4,0,0,2024,1,31,4,1,16,7,596
Thu,2024-02-01,West Ham,Bournemouth,1–1,2023-2024,A,9,9,3,4,1,5,13,11,1,3,0,0,2024,2,1,1,1,26,3,597
Thu,2024-02-01,Wolves,Man United,3–4,2023-2024,A,16,21,7,8,4,5,10,10,2,5,0,0,2024,2,1,3,4,27,19,598
Sat,2024-02-03,Everton,Tottenham,2–2,2023-2024,A,14,9,5,6,9,5,8,14,3,0,0,0,2024,2,3,2,2,10,25,599
Sat,2024-02-03,Brighton,Crystal Palace,4–1,2023-2024,H,13,7,6,5,3,2,8,14,1,3,0,0,2024,2,3,4,1,5,9,600
Sat,2024-02-03,Burnley,Fulham,2–2,2023-2024,A,12,15,4,7,2,13,11,7,2,2,0,0,2024,2,3,2,2,6,11,601
Sat,2024-02-03,Newcastle,Luton,4–4,2023-2024,D,19,11,6,8,8,2,13,16,2,2,0,0,2024,2,3,4,4,20,17,602
Sat,2024-02-03,Sheffield United,Aston Villa,0–5,2023-2024,A,10,14,5,10,3,4,10,7,1,0,0,0,2024,2,3,0,5,22,2,603
Sun,2024-02-04,Bournemouth,Nott'm Forest,1–1,2023-2024,D,9,8,2,6,11,6,19,12,3,2,1,0,2024,2,4,1,1,3,21,604
Sun,2024-02-04,Chelsea,Wolves,2–4,2023-2024,A,15,14,6,7,10,1,15,11,3,2,0,0,2024,2,4,2,4,7,27,605
Sun,2024-02-04,Man United,West Ham,3–0,2023-2024,H,12,22,5,3,5,8,10,5,0,1,0,0,2024,2,4,3,0,19,26,606
Sun,2024-02-04,Arsenal,Liverpool,3–1,2023-2024,D,15,10,7,1,2,4,11,11,6,2,0,1,2024,2,4,3,1,1,16,607
Mon,2024-02-05,Brentford,Man City,1–3,2023-2024,D,9,25,3,15,8,13,2,4,1,0,0,0,2024,2,5,1,3,4,18,608
Sat,2024-02-10,Man City,Everton,2–0,2023-2024,D,19,5,3,1,9,0,6,11,0,2,0,0,2024,2,10,2,0,18,10,609
Sat,2024-02-10,Fulham,Bournemouth,3–1,2023-2024,H,7,25,6,4,1,14,11,11,1,2,0,0,2024,2,10,3,1,11,3,610
Sat,2024-02-10,Liverpool,Burnley,3–1,2023-2024,D,25,9,10,4,9,3,11,13,3,2,0,0,2024,2,10,3,1,16,6,611
Sat,2024-02-10,Luton,Sheffield United,1–3,2023-2024,A,20,7,5,3,13,1,7,12,1,2,0,0,2024,2,10,1,3,17,22,612
Sat,2024-02-10,Tottenham,Brighton,2–1,2023-2024,A,16,6,6,3,9,6,14,13,2,3,0,0,2024,2,10,2,1,25,5,613
Sat,2024-02-10,Wolves,Brentford,0–2,2023-2024,A,17,9,5,6,7,4,11,9,2,3,0,0,2024,2,10,0,2,27,4,614
Sat,2024-02-10,Nott'm Forest,Newcastle,2–3,2023-2024,D,13,7,3,5,4,4,9,6,1,2,0,0,2024,2,10,2,3,21,20,615
Sun,2024-02-11,West Ham,Arsenal,0–6,2023-2024,A,5,25,1,12,2,6,17,11,4,0,0,0,2024,2,11,0,6,26,1,616
Sun,2024-02-11,Aston Villa,Man United,1–2,2023-2024,A,23,17,10,5,10,8,9,7,3,2,0,0,2024,2,11,1,2,2,19,617
Mon,2024-02-12,Crystal Palace,Chelsea,1–3,2023-2024,H,13,14,4,5,1,7,14,7,2,2,0,0,2024,2,12,1,3,9,7,618
Sat,2024-02-17,Brentford,Liverpool,1–4,2023-2024,A,15,15,6,8,1,6,4,18,2,1,0,0,2024,2,17,1,4,4,16,619
Sat,2024-02-17,Burnley,Arsenal,0–5,2023-2024,A,8,16,0,7,4,6,11,8,2,1,0,0,2024,2,17,0,5,6,1,620
Sat,2024-02-17,Fulham,Aston Villa,1–2,2023-2024,A,15,12,4,3,4,4,11,6,5,2,0,0,2024,2,17,1,2,11,2,621
Sat,2024-02-17,Newcastle,Bournemouth,2–2,2023-2024,D,17,12,5,7,4,2,9,22,1,3,0,0,2024,2,17,2,2,20,3,622
Sat,2024-02-17,Nott'm Forest,West Ham,2–0,2023-2024,H,19,10,8,3,5,3,13,15,4,4,0,1,2024,2,17,2,0,21,26,623
Sat,2024-02-17,Tottenham,Wolves,1–2,2023-2024,A,15,12,4,7,10,4,8,13,0,1,0,0,2024,2,17,1,2,25,27,624
Sat,2024-02-17,Man City,Chelsea,1–1,2023-2024,A,31,9,5,6,12,1,7,12,1,3,0,0,2024,2,17,1,1,18,7,625
Sun,2024-02-18,Sheffield United,Brighton,0–5,2023-2024,A,6,24,1,10,5,10,3,5,1,4,1,0,2024,2,18,0,5,22,5,626
Sun,2024-02-18,Luton,Man United,1–2,2023-2024,A,22,21,4,9,8,6,7,21,3,5,0,0,2024,2,18,1,2,17,19,627
Mon,2024-02-19,Everton,Crystal Palace,1–1,2023-2024,D,19,10,4,4,3,6,8,12,0,2,0,0,2024,2,19,1,1,10,9,628
Tue,2024-02-20,Man City,Brentford,1–0,2023-2024,D,25,6,11,2,10,1,12,6,2,4,0,0,2024,2,20,1,0,18,4,629
Wed,2024-02-21,Liverpool,Luton,4–1,2023-2024,A,29,12,13,3,13,4,15,14,1,4,0,0,2024,2,21,4,1,16,17,630
Sat,2024-02-24,Aston Villa,Nott'm Forest,4–2,2023-2024,H,16,10,6,3,7,2,7,16,1,2,0,0,2024,2,24,4,2,2,21,631
Sat,2024-02-24,Brighton,Everton,1–1,2023-2024,D,23,6,7,3,11,3,9,14,2,3,1,0,2024,2,24,1,1,5,10,632
Sat,2024-02-24,Crystal Palace,Burnley,3–0,2023-2024,D,15,2,6,0,12,3,8,13,3,1,0,1,2024,2,24,3,0,9,6,633
Sat,2024-02-24,Man United,Fulham,1–2,2023-2024,D,21,17,9,5,10,9,6,11,2,5,0,0,2024,2,24,1,2,19,11,634
Sat,2024-02-24,Bournemouth,Man City,0–1,2023-2024,A,13,15,4,6,3,8,14,6,2,2,0,0,2024,2,24,0,1,3,18,635
Sat,2024-02-24,Arsenal,Newcastle,4–1,2023-2024,H,18,3,8,2,9,0,15,6,1,0,0,0,2024,2,24,4,1,1,20,636
Sun,2024-02-25,Wolves,Sheffield United,1–0,2023-2024,H,13,12,2,4,5,6,8,4,2,1,0,0,2024,2,25,1,0,27,22,637
Mon,2024-02-26,West Ham,Brentford,4–2,2023-2024,H,17,14,6,8,1,7,5,9,1,2,0,0,2024,2,26,4,2,26,4,638
Sat,2024-03-02,Brentford,Chelsea,2–2,2023-2024,A,14,17,5,6,0,6,10,9,3,1,0,0,2024,3,2,2,2,4,7,639
Sat,2024-03-02,Everton,West Ham,1–3,2023-2024,D,22,12,11,5,4,5,9,6,1,2,0,0,2024,3,2,1,3,10,26,640
Sat,2024-03-02,Fulham,Brighton,3–0,2023-2024,H,12,15,5,5,2,6,16,10,1,2,0,0,2024,3,2,3,0,11,5,641
Sat,2024-03-02,Newcastle,Wolves,3–0,2023-2024,H,14,12,7,3,3,5,8,11,0,1,0,0,2024,3,2,3,0,20,27,642
Sat,2024-03-02,Nott'm Forest,Liverpool,0–1,2023-2024,D,8,22,2,2,3,12,11,12,2,2,0,0,2024,3,2,0,1,21,16,643
Sat,2024-03-02,Tottenham,Crystal Palace,3–1,2023-2024,D,14,4,6,1,11,1,7,16,1,2,0,0,2024,3,2,3,1,25,9,644
Sat,2024-03-02,Luton,Aston Villa,2–3,2023-2024,A,13,12,5,8,8,6,8,19,1,4,0,0,2024,3,2,2,3,17,2,645
Sun,2024-03-03,Burnley,Bournemouth,0–2,2023-2024,A,20,10,6,3,7,2,8,13,2,4,0,0,2024,3,3,0,2,6,3,646
Sun,2024-03-03,Man City,Man United,3–1,2023-2024,A,27,3,8,1,15,2,5,10,0,1,0,0,2024,3,3,3,1,18,19,647
Mon,2024-03-04,Sheffield United,Arsenal,0–6,2023-2024,A,4,22,0,10,0,7,11,4,1,0,0,0,2024,3,4,0,6,22,1,648
Sat,2024-03-09,Man United,Everton,2–0,2023-2024,H,15,23,8,6,5,8,13,11,1,2,0,0,2024,3,9,2,0,19,10,649
Sat,2024-03-09,Bournemouth,Sheffield United,2–2,2023-2024,A,32,13,12,9,10,3,12,11,3,5,0,0,2024,3,9,2,2,3,22,650
Sat,2024-03-09,Crystal Palace,Luton,1–1,2023-2024,H,21,8,4,2,8,6,20,11,2,3,0,0,2024,3,9,1,1,9,17,651
Sat,2024-03-09,Wolves,Fulham,2–1,2023-2024,D,8,23,3,6,3,4,7,11,2,2,0,0,2024,3,9,2,1,27,11,652
Sat,2024-03-09,Arsenal,Brentford,2–1,2023-2024,D,17,9,6,4,10,4,9,10,2,4,0,0,2024,3,9,2,1,1,4,653
Sun,2024-03-10,Aston Villa,Tottenham,0–4,2023-2024,D,10,9,1,5,6,4,11,15,0,2,1,0,2024,3,10,0,4,2,25,654
Sun,2024-03-10,Brighton,Nott'm Forest,1–0,2023-2024,H,10,9,3,4,6,3,14,14,4,4,0,0,2024,3,10,1,0,5,21,655
Sun,2024-03-10,West Ham,Burnley,2–2,2023-2024,A,22,11,4,4,4,4,11,18,2,4,0,0,2024,3,10,2,2,26,6,656
Sun,2024-03-10,Liverpool,Man City,1–1,2023-2024,A,19,10,6,6,7,4,6,10,0,3,0,0,2024,3,10,1,1,16,18,657
Mon,2024-03-11,Chelsea,Newcastle,3–2,2023-2024,D,12,11,8,3,0,4,12,7,3,1,0,0,2024,3,11,3,2,7,20,658
Wed,2024-03-13,Bournemouth,Luton,4–3,2023-2024,A,24,8,10,4,11,3,16,11,1,2,0,0,2024,3,13,4,3,3,17,659
Sat,2024-03-16,Burnley,Brentford,2–1,2023-2024,H,17,9,6,5,5,4,14,17,2,4,0,1,2024,3,16,2,1,6,4,660
Sat,2024-03-16,Luton,Nott'm Forest,1–1,2023-2024,A,10,16,4,6,6,7,10,17,1,2,0,0,2024,3,16,1,1,17,21,661
Sat,2024-03-16,Fulham,Tottenham,3–0,2023-2024,H,16,14,7,5,4,5,9,10,2,3,0,0,2024,3,16,3,0,11,25,662
Sun,2024-03-17,West Ham,Aston Villa,1–1,2023-2024,H,13,13,5,5,7,11,13,12,3,3,0,0,2024,3,17,1,1,26,2,663
Sat,2024-03-30,Newcastle,West Ham,4–3,2023-2024,A,24,10,9,4,3,4,9,8,1,1,1,0,2024,3,30,4,3,20,26,664
Sat,2024-03-30,Bournemouth,Everton,2–1,2023-2024,D,11,7,4,3,9,8,14,11,1,2,0,0,2024,3,30,2,1,3,10,665
Sat,2024-03-30,Chelsea,Burnley,2–2,2023-2024,H,33,18,13,7,12,4,12,7,2,2,0,1,2024,3,30,2,2,7,6,666
Sat,2024-03-30,Nott'm Forest,Crystal Palace,1–1,2023-2024,A,12,10,5,3,4,6,14,12,1,1,0,0,2024,3,30,1,1,21,9,667
Sat,2024-03-30,Sheffield United,Fulham,3–3,2023-2024,D,8,24,4,9,2,15,10,13,4,1,0,0,2024,3,30,3,3,22,11,668
Sat,2024-03-30,Tottenham,Luton,2–1,2023-2024,A,17,7,4,3,3,6,16,14,2,4,0,0,2024,3,30,2,1,25,17,669
Sat,2024-03-30,Aston Villa,Wolves,2–0,2023-2024,H,11,13,5,3,5,4,11,19,3,4,0,0,2024,3,30,2,0,2,27,670
Sat,2024-03-30,Brentford,Man United,1–1,2023-2024,D,31,11,5,5,14,4,7,14,2,2,0,0,2024,3,30,1,1,4,19,671
Sun,2024-03-31,Liverpool,Brighton,2–1,2023-2024,D,30,9,8,3,8,4,20,6,5,3,0,0,2024,3,31,2,1,16,5,672
Sun,2024-03-31,Man City,Arsenal,0–0,2023-2024,D,12,6,1,2,7,4,9,20,0,2,0,0,2024,3,31,0,0,18,1,673
Tue,2024-04-02,Newcastle,Everton,1–1,2023-2024,H,18,10,6,3,7,3,9,14,0,3,0,0,2024,4,2,1,1,20,10,674
Tue,2024-04-02,Nott'm Forest,Fulham,3–1,2023-2024,H,16,18,4,3,3,8,7,8,0,0,0,0,2024,4,2,3,1,21,11,675
Tue,2024-04-02,Bournemouth,Crystal Palace,1–0,2023-2024,D,11,3,6,2,9,2,13,14,3,2,0,0,2024,4,2,1,0,3,9,676
Tue,2024-04-02,Burnley,Wolves,1–1,2023-2024,D,13,8,6,2,7,4,10,12,0,2,0,0,2024,4,2,1,1,6,27,677
Tue,2024-04-02,West Ham,Tottenham,1–1,2023-2024,D,11,13,4,4,9,5,13,9,1,4,0,0,2024,4,2,1,1,26,25,678
Wed,2024-04-03,Arsenal,Luton,2–0,2023-2024,H,13,5,4,1,3,1,12,8,1,1,0,0,2024,4,3,2,0,1,17,679
Wed,2024-04-03,Brentford,Brighton,0–0,2023-2024,D,5,24,2,6,1,5,9,12,1,1,0,0,2024,4,3,0,0,4,5,680
Wed,2024-04-03,Man City,Aston Villa,4–1,2023-2024,H,25,8,11,3,2,3,6,13,1,2,0,0,2024,4,3,4,1,18,2,681
Thu,2024-04-04,Liverpool,Sheffield United,3–1,2023-2024,H,29,8,9,3,13,1,6,9,0,1,0,0,2024,4,4,3,1,16,22,682
Thu,2024-04-04,Chelsea,Man United,4–3,2023-2024,D,28,19,10,5,12,3,7,15,3,0,0,0,2024,4,4,4,3,7,19,683
Sat,2024-04-06,Crystal Palace,Man City,2–4,2023-2024,D,7,18,4,8,2,9,13,3,1,1,0,0,2024,4,6,2,4,9,18,684
Sat,2024-04-06,Aston Villa,Brentford,3–3,2023-2024,H,11,8,3,3,11,3,15,11,2,2,0,0,2024,4,6,3,3,2,4,685
Sat,2024-04-06,Everton,Burnley,1–0,2023-2024,H,12,6,3,1,3,5,11,13,2,1,0,1,2024,4,6,1,0,10,6,686
Sat,2024-04-06,Fulham,Newcastle,0–1,2023-2024,D,14,12,4,5,14,3,10,13,1,2,0,0,2024,4,6,0,1,11,20,687
Sat,2024-04-06,Luton,Bournemouth,2–1,2023-2024,D,19,8,9,1,7,2,7,14,0,0,0,0,2024,4,6,2,1,17,3,688
Sat,2024-04-06,Wolves,West Ham,1–2,2023-2024,H,14,11,7,4,4,4,15,7,5,2,0,0,2024,4,6,1,2,27,26,689
Sat,2024-04-06,Brighton,Arsenal,0–3,2023-2024,A,10,20,2,7,8,7,14,13,1,2,0,0,2024,4,6,0,3,5,1,690
Sun,2024-04-07,Man United,Liverpool,2–2,2023-2024,A,9,28,5,7,6,11,9,10,5,2,0,0,2024,4,7,2,2,19,16,691
Sun,2024-04-07,Sheffield United,Chelsea,2–2,2023-2024,D,11,6,6,3,7,6,12,10,4,2,0,0,2024,4,7,2,2,22,7,692
Sun,2024-04-07,Tottenham,Nott'm Forest,3–1,2023-2024,D,17,13,7,6,12,2,11,12,2,3,0,0,2024,4,7,3,1,25,21,693
Sat,2024-04-13,Newcastle,Tottenham,4–0,2023-2024,H,18,11,5,2,16,3,14,12,0,4,0,0,2024,4,13,4,0,20,25,694
Sat,2024-04-13,Brentford,Sheffield United,2–0,2023-2024,D,9,8,5,2,3,6,8,11,3,1,0,0,2024,4,13,2,0,4,22,695
Sat,2024-04-13,Burnley,Brighton,1–1,2023-2024,D,11,20,3,8,4,5,18,8,1,2,0,0,2024,4,13,1,1,6,5,696
Sat,2024-04-13,Man City,Luton,5–1,2023-2024,H,33,4,13,2,12,1,7,6,1,0,0,0,2024,4,13,5,1,18,17,697
Sat,2024-04-13,Nott'm Forest,Wolves,2–2,2023-2024,D,18,11,9,4,10,1,15,10,2,3,0,0,2024,4,13,2,2,21,27,698
Sat,2024-04-13,Bournemouth,Man United,2–2,2023-2024,H,20,8,5,2,7,2,13,14,4,0,0,0,2024,4,13,2,2,3,19,699
Sun,2024-04-14,Liverpool,Crystal Palace,0–1,2023-2024,A,21,8,6,5,11,1,10,10,1,1,0,0,2024,4,14,0,1,16,9,700
Sun,2024-04-14,West Ham,Fulham,0–2,2023-2024,A,15,18,4,10,8,3,6,13,1,2,0,0,2024,4,14,0,2,26,11,701
Sun,2024-04-14,Arsenal,Aston Villa,0–2,2023-2024,D,18,11,4,2,4,6,12,7,3,1,0,0,2024,4,14,0,2,1,2,702
Mon,2024-04-15,Chelsea,Everton,6–0,2023-2024,H,14,10,10,2,4,8,5,21,1,4,0,0,2024,4,15,6,0,7,10,703
Sat,2024-04-20,Luton,Brentford,1–5,2023-2024,A,6,21,3,9,4,9,13,9,1,2,0,0,2024,4,20,1,5,17,4,704
Sat,2024-04-20,Sheffield United,Burnley,1–4,2023-2024,A,18,16,11,9,11,2,10,9,1,0,0,0,2024,4,20,1,4,22,6,705
Sat,2024-04-20,Wolves,Arsenal,0–2,2023-2024,A,5,24,3,9,1,2,14,9,3,2,0,0,2024,4,20,0,2,27,1,706
Sun,2024-04-21,Everton,Nott'm Forest,2–0,2023-2024,H,7,8,4,3,6,4,15,9,3,2,0,0,2024,4,21,2,0,10,21,707
Sun,2024-04-21,Aston Villa,Bournemouth,3–1,2023-2024,D,14,14,4,6,8,4,8,14,1,3,0,0,2024,4,21,3,1,2,3,708
Sun,2024-04-21,Crystal Palace,West Ham,5–2,2023-2024,H,18,4,7,1,4,0,9,9,3,2,0,0,2024,4,21,5,2,9,26,709
Sun,2024-04-21,Fulham,Liverpool,1–3,2023-2024,D,12,14,5,7,1,4,5,11,3,0,0,0,2024,4,21,1,3,11,16,710
Tue,2024-04-23,Arsenal,Chelsea,5–0,2023-2024,H,27,7,10,1,4,2,12,11,2,2,0,0,2024,4,23,5,0,1,7,711
Wed,2024-04-24,Wolves,Bournemouth,0–1,2023-2024,A,15,21,4,6,8,12,10,17,4,1,0,1,2024,4,24,0,1,27,3,712
Wed,2024-04-24,Crystal Palace,Newcastle,2–0,2023-2024,D,20,7,7,2,7,2,10,15,3,3,0,0,2024,4,24,2,0,9,20,713
Wed,2024-04-24,Everton,Liverpool,2–0,2023-2024,H,16,23,6,7,4,13,6,13,0,3,0,0,2024,4,24,2,0,10,16,714
Wed,2024-04-24,Man United,Sheffield United,4–2,2023-2024,D,25,10,13,4,9,4,7,9,0,1,0,0,2024,4,24,4,2,19,22,715
Thu,2024-04-25,Brighton,Man City,0–4,2023-2024,A,7,14,3,6,4,4,10,3,2,0,0,0,2024,4,25,0,4,5,18,716
Sat,2024-04-27,West Ham,Liverpool,2–2,2023-2024,H,11,28,8,8,5,8,8,10,0,2,0,0,2024,4,27,2,2,26,16,717
Sat,2024-04-27,Fulham,Crystal Palace,1–1,2023-2024,D,9,14,2,4,5,9,11,15,0,2,0,0,2024,4,27,1,1,11,9,718
Sat,2024-04-27,Man United,Burnley,1–1,2023-2024,D,27,16,10,7,6,5,7,11,1,3,0,0,2024,4,27,1,1,19,6,719
Sat,2024-04-27,Newcastle,Sheffield United,5–1,2023-2024,D,20,15,7,5,4,5,9,10,0,0,0,0,2024,4,27,5,1,20,22,720
Sat,2024-04-27,Wolves,Luton,2–1,2023-2024,H,13,9,5,6,4,4,14,14,3,1,0,0,2024,4,27,2,1,27,17,721
Sat,2024-04-27,Everton,Brentford,1–0,2023-2024,D,18,10,1,4,6,6,10,12,1,2,0,0,2024,4,27,1,0,10,4,722
Sat,2024-04-27,Aston Villa,Chelsea,2–2,2023-2024,H,9,21,4,5,2,4,13,14,3,5,0,0,2024,4,27,2,2,2,7,723
Sun,2024-04-28,Bournemouth,Brighton,3–0,2023-2024,H,15,13,6,1,8,2,14,10,2,2,0,0,2024,4,28,3,0,3,5,724
Sun,2024-04-28,Tottenham,Arsenal,2–3,2023-2024,A,14,9,2,3,8,6,12,16,2,1,0,0,2024,4,28,2,3,25,1,725
Sun,2024-04-28,Nott'm Forest,Man City,0–2,2023-2024,A,14,11,2,5,4,5,8,6,0,0,0,0,2024,4,28,0,2,21,18,726
Thu,2024-05-02,Chelsea,Tottenham,2–0,2023-2024,H,16,19,5,3,4,9,12,16,0,1,0,0,2024,5,2,2,0,7,25,727
Fri,2024-05-03,Luton,Everton,1–1,2023-2024,D,18,10,5,3,8,7,14,12,1,3,0,0,2024,5,3,1,1,17,10,728
Sat,2024-05-04,Arsenal,Bournemouth,3–0,2023-2024,H,25,7,9,2,6,1,16,12,2,3,0,0,2024,5,4,3,0,1,3,729
Sat,2024-05-04,Brentford,Fulham,0–0,2023-2024,D,7,15,3,3,7,6,3,6,1,1,0,0,2024,5,4,0,0,4,11,730
Sat,2024-05-04,Burnley,Newcastle,1–4,2023-2024,A,17,23,5,11,4,11,8,8,2,2,0,0,2024,5,4,1,4,6,20,731
Sat,2024-05-04,Sheffield United,Nott'm Forest,1–3,2023-2024,D,17,15,5,4,5,3,9,7,0,1,1,0,2024,5,4,1,3,22,21,732
Sat,2024-05-04,Man City,Wolves,5–1,2023-2024,H,20,2,12,1,6,0,4,17,0,4,0,0,2024,5,4,5,1,18,27,733
Sun,2024-05-05,Brighton,Aston Villa,1–0,2023-2024,D,15,2,8,1,7,3,13,10,2,1,0,0,2024,5,5,1,0,5,2,734
Sun,2024-05-05,Chelsea,West Ham,5–0,2023-2024,H,25,13,14,2,8,6,12,10,1,3,0,0,2024,5,5,5,0,7,26,735
Sun,2024-05-05,Liverpool,Tottenham,4–2,2023-2024,H,25,11,13,6,8,3,14,12,1,4,0,0,2024,5,5,4,2,16,25,736
Mon,2024-05-06,Crystal Palace,Man United,4–0,2023-2024,H,18,7,10,2,6,3,12,8,1,1,0,0,2024,5,6,4,0,9,19,737
Sat,2024-05-11,Fulham,Man City,0–4,2023-2024,A,1,16,1,9,1,7,9,6,1,0,1,0,2024,5,11,0,4,11,18,738
Sat,2024-05-11,Bournemouth,Brentford,1–2,2023-2024,D,13,11,4,5,3,8,16,12,2,2,0,0,2024,5,11,1,2,3,4,739
Sat,2024-05-11,Everton,Sheffield United,1–0,2023-2024,H,15,13,6,1,3,6,6,11,1,2,0,0,2024,5,11,1,0,10,22,740
Sat,2024-05-11,Newcastle,Brighton,1–1,2023-2024,D,18,15,7,4,8,4,9,16,3,4,0,0,2024,5,11,1,1,20,5,741
Sat,2024-05-11,Tottenham,Burnley,2–1,2023-2024,D,21,7,9,3,9,3,10,14,3,5,0,0,2024,5,11,2,1,25,6,742
Sat,2024-05-11,West Ham,Luton,3–1,2023-2024,A,24,4,8,1,7,6,9,15,1,3,0,0,2024,5,11,3,1,26,17,743
Sat,2024-05-11,Wolves,Crystal Palace,1–3,2023-2024,A,13,13,7,3,8,3,13,12,3,2,0,1,2024,5,11,1,3,27,9,744
Sat,2024-05-11,Nott'm Forest,Chelsea,2–3,2023-2024,D,20,12,4,5,5,6,14,8,2,3,0,0,2024,5,11,2,3,21,7,745
Sun,2024-05-12,Man United,Arsenal,0–1,2023-2024,A,14,11,2,5,4,7,5,6,0,2,0,0,2024,5,12,0,1,19,1,746
Mon,2024-05-13,Aston Villa,Liverpool,3–3,2023-2024,A,19,14,5,7,5,4,11,15,1,1,0,0,2024,5,13,3,3,2,16,747
Tue,2024-05-14,Tottenham,Man City,0–2,2023-2024,D,10,8,5,5,7,4,14,11,3,3,0,0,2024,5,14,0,2,25,18,748
Wed,2024-05-15,Brighton,Chelsea,1–2,2023-2024,A,12,13,2,6,4,6,13,14,2,2,0,1,2024,5,15,1,2,5,7,749
Wed,2024-05-15,Man United,Newcastle,3–2,2023-2024,H,17,21,8,8,9,9,16,7,3,3,0,0,2024,5,15,3,2,19,20,750
Sun,2024-05-19,Arsenal,Everton,2–1,2023-2024,D,26,5,5,2,8,1,8,11,4,3,0,0,2024,5,19,2,1,1,10,751
Sun,2024-05-19,Brentford,Newcastle,2–4,2023-2024,A,10,12,5,7,3,0,15,11,4,4,0,0,2024,5,19,2,4,4,20,752
Sun,2024-05-19,Brighton,Man United,0–2,2023-2024,D,17,11,3,4,7,5,10,9,1,3,0,0,2024,5,19,0,2,5,19,753
Sun,2024-05-19,Burnley,Nott'm Forest,1–2,2023-2024,A,20,12,3,6,4,3,11,5,1,0,0,0,2024,5,19,1,2,6,21,754
Sun,2024-05-19,Chelsea,Bournemouth,2–1,2023-2024,H,16,22,6,5,6,5,5,9,2,3,0,0,2024,5,19,2,1,7,3,755
Sun,2024-05-19,Crystal Palace,Aston Villa,5–0,2023-2024,H,15,8,9,2,2,4,10,8,1,4,0,0,2024,5,19,5,0,9,2,756
Sun,2024-05-19,Liverpool,Wolves,2–0,2023-2024,H,36,4,14,3,10,2,14,11,1,1,0,1,2024,5,19,2,0,16,27,757
Sun,2024-05-19,Luton,Fulham,2–4,2023-2024,A,15,15,6,7,4,4,15,20,5,4,0,0,2024,5,19,2,4,17,11,758
Sun,2024-05-19,Man City,West Ham,3–1,2023-2024,H,28,3,12,2,11,2,3,12,0,1,0,0,2024,5,19,3,1,18,26,759
Sun,2024-05-19,Sheffield United,Tottenham,0–3,2023-2024,A,6,18,1,9,2,6,11,9,2,0,0,0,2024,5,19,0,3,22,25,760
Fri,2024-08-16,Man United,Fulham,1–0,2024-2025,D,14,10,5,2,7,8,12,10,2,3,0,0,2024,8,16,1,0,19,11,761
Sat,2024-08-17,Ipswich,Liverpool,0–2,2024-2025,D,7,18,2,5,2,10,9,18,3,1,0,0,2024,8,17,0,2,13,16,762
Sat,2024-08-17,Arsenal,Wolves,2–0,2024-2025,H,18,9,6,3,8,2,17,14,2,2,0,0,2024,8,17,2,0,1,27,763
Sat,2024-08-17,Everton,Brighton,0–3,2024-2025,A,9,10,1,5,1,5,8,8,1,1,1,0,2024,8,17,0,3,10,5,764
Sat,2024-08-17,Newcastle,Southampton,1–0,2024-2025,H,3,19,1,4,3,12,15,16,2,4,1,0,2024,8,17,1,0,20,23,765
Sat,2024-08-17,Nott'm Forest,Bournemouth,1–1,2024-2025,H,14,13,8,4,2,6,17,8,1,3,0,0,2024,8,17,1,1,21,3,766
Sat,2024-08-17,West Ham,Aston Villa,1–2,2024-2025,D,14,15,3,3,5,3,18,11,1,2,0,0,2024,8,17,1,2,26,2,767
Sun,2024-08-18,Brentford,Crystal Palace,2–1,2024-2025,H,9,14,5,6,4,7,6,15,1,5,0,0,2024,8,18,2,1,4,9,768
Sun,2024-08-18,Chelsea,Man City,0–2,2024-2025,A,10,11,3,5,4,3,12,9,1,1,0,0,2024,8,18,0,2,7,18,769
Mon,2024-08-19,Leicester,Tottenham,1–1,2024-2025,A,7,15,3,7,2,13,11,12,1,1,0,0,2024,8,19,1,1,15,25,770
Sat,2024-08-24,Brighton,Man United,2–1,2024-2025,H,14,11,5,4,4,4,9,13,1,2,0,0,2024,8,24,2,1,5,19,771
Sat,2024-08-24,Crystal Palace,West Ham,0–2,2024-2025,D,14,18,2,3,3,3,9,17,1,1,0,0,2024,8,24,0,2,9,26,772
Sat,2024-08-24,Fulham,Leicester,2–1,2024-2025,D,18,10,6,4,7,5,14,13,2,2,0,0,2024,8,24,2,1,11,15,773
Sat,2024-08-24,Man City,Ipswich,4–1,2024-2025,H,14,1,5,1,10,1,4,15,2,3,0,0,2024,8,24,4,1,18,13,774
Sat,2024-08-24,Southampton,Nott'm Forest,0–1,2024-2025,D,5,23,1,8,4,10,14,14,3,3,0,0,2024,8,24,0,1,23,21,775
Sat,2024-08-24,Tottenham,Everton,4–0,2024-2025,H,13,10,7,1,12,5,11,15,0,0,0,0,2024,8,24,4,0,25,10,776
Sat,2024-08-24,Aston Villa,Arsenal,0–2,2024-2025,D,11,9,3,4,4,1,8,15,1,3,0,0,2024,8,24,0,2,2,1,777
Sun,2024-08-25,Bournemouth,Newcastle,1–1,2024-2025,H,16,14,4,5,8,9,19,8,2,2,0,0,2024,8,25,1,1,3,20,778
Sun,2024-08-25,Wolves,Chelsea,2–6,2024-2025,D,12,14,4,8,5,5,13,13,2,3,0,0,2024,8,25,2,6,27,7,779
Sun,2024-08-25,Liverpool,Brentford,2–0,2024-2025,H,19,8,8,2,9,4,10,7,2,3,0,0,2024,8,25,2,0,16,4,780
Sat,2024-08-31,Arsenal,Brighton,1–1,2024-2025,H,11,22,7,4,3,7,12,7,3,2,1,0,2024,8,31,1,1,1,5,781
Sat,2024-08-31,Brentford,Southampton,3–1,2024-2025,H,20,18,7,6,2,8,10,7,2,1,0,0,2024,8,31,3,1,4,23,782
Sat,2024-08-31,Everton,Bournemouth,2–3,2024-2025,D,18,17,8,7,8,4,6,1,2,1,0,0,2024,8,31,2,3,10,3,783
Sat,2024-08-31,Ipswich,Fulham,1–1,2024-2025,D,11,9,4,4,8,6,15,15,2,3,0,0,2024,8,31,1,1,13,11,784
Sat,2024-08-31,Leicester,Aston Villa,1–2,2024-2025,A,9,10,3,5,1,4,13,21,4,5,0,0,2024,8,31,1,2,15,2,785
Sat,2024-08-31,Nott'm Forest,Wolves,1–1,2024-2025,D,16,11,5,3,7,3,15,18,3,4,0,0,2024,8,31,1,1,21,27,786
Sat,2024-08-31,West Ham,Man City,1–3,2024-2025,A,10,23,2,8,3,11,10,3,3,2,0,0,2024,8,31,1,3,26,18,787
Sun,2024-09-01,Chelsea,Crystal Palace,1–1,2024-2025,H,13,9,7,3,4,5,9,13,4,2,0,0,2024,9,1,1,1,7,9,788
Sun,2024-09-01,Newcastle,Tottenham,2–1,2024-2025,H,9,20,3,6,7,12,16,13,4,4,0,0,2024,9,1,2,1,20,25,789
Sun,2024-09-01,Man United,Liverpool,0–3,2024-2025,A,8,11,3,3,5,2,7,7,4,1,0,0,2024,9,1,0,3,19,16,790
Sat,2024-09-14,Southampton,Man United,0–3,2024-2025,A,6,20,4,10,0,7,11,14,1,4,1,0,2024,9,14,0,3,23,19,791
Sat,2024-09-14,Brighton,Ipswich,0–0,2024-2025,D,21,6,6,1,9,2,14,16,4,3,0,0,2024,9,14,0,0,5,13,792
Sat,2024-09-14,Crystal Palace,Leicester,2–2,2024-2025,A,20,9,4,4,5,2,11,15,0,3,0,0,2024,9,14,2,2,9,15,793
Sat,2024-09-14,Fulham,West Ham,1–1,2024-2025,H,21,11,5,3,3,2,15,18,2,3,0,0,2024,9,14,1,1,11,26,794
Sat,2024-09-14,Liverpool,Nott'm Forest,0–1,2024-2025,D,14,5,5,3,7,2,15,6,4,4,0,0,2024,9,14,0,1,16,21,795
Sat,2024-09-14,Man City,Brentford,2–1,2024-2025,H,18,8,7,5,12,3,9,3,3,1,0,0,2024,9,14,2,1,18,4,796
Sat,2024-09-14,Aston Villa,Everton,3–2,2024-2025,A,17,6,8,2,6,2,10,12,1,4,0,0,2024,9,14,3,2,2,10,797
Sat,2024-09-14,Bournemouth,Chelsea,0–1,2024-2025,D,19,10,7,3,6,3,16,9,6,8,0,0,2024,9,14,0,1,3,7,798
Sun,2024-09-15,Tottenham,Arsenal,0–1,2024-2025,D,15,7,5,4,7,6,13,10,5,3,0,0,2024,9,15,0,1,25,1,799
Sun,2024-09-15,Wolves,Newcastle,1–2,2024-2025,H,12,14,5,6,4,7,17,6,3,3,0,0,2024,9,15,1,2,27,20,800
Sat,2024-09-21,West Ham,Chelsea,0–3,2024-2025,A,15,12,7,5,6,5,17,9,5,2,0,0,2024,9,21,0,3,26,7,801
Sat,2024-09-21,Aston Villa,Wolves,3–1,2024-2025,A,9,10,4,4,6,5,11,16,3,6,0,0,2024,9,21,3,1,2,27,802
Sat,2024-09-21,Fulham,Newcastle,3–1,2024-2025,H,22,15,11,4,6,0,16,8,6,0,0,0,2024,9,21,3,1,11,20,803
Sat,2024-09-21,Leicester,Everton,1–1,2024-2025,A,12,16,2,5,6,1,11,12,1,2,0,0,2024,9,21,1,1,15,10,804
Sat,2024-09-21,Liverpool,Bournemouth,3–0,2024-2025,H,19,19,13,6,3,9,10,12,1,4,0,0,2024,9,21,3,0,16,3,805
Sat,2024-09-21,Southampton,Ipswich,1–1,2024-2025,H,11,13,3,6,2,10,16,16,4,4,0,0,2024,9,21,1,1,23,13,806
Sat,2024-09-21,Tottenham,Brentford,3–1,2024-2025,H,23,6,10,6,9,4,11,9,3,1,0,0,2024,9,21,3,1,25,4,807
Sat,2024-09-21,Crystal Palace,Man United,0–0,2024-2025,D,9,15,4,6,4,11,7,12,3,1,0,0,2024,9,21,0,0,9,19,808
Sun,2024-09-22,Brighton,Nott'm Forest,2–2,2024-2025,H,14,4,3,3,9,1,12,11,3,4,0,1,2024,9,22,2,2,5,21,809
Sun,2024-09-22,Man City,Arsenal,2–2,2024-2025,A,33,5,11,3,8,2,7,10,3,4,0,1,2024,9,22,2,2,18,1,810
Sat,2024-09-28,Newcastle,Man City,1–1,2024-2025,A,11,16,4,6,5,6,14,10,4,4,0,0,2024,9,28,1,1,20,18,811
Sat,2024-09-28,Arsenal,Leicester,4–2,2024-2025,H,36,5,16,3,17,0,11,6,2,4,0,0,2024,9,28,4,2,1,15,812
Sat,2024-09-28,Brentford,West Ham,1–1,2024-2025,H,8,19,3,3,7,7,2,11,2,3,0,0,2024,9,28,1,1,4,26,813
Sat,2024-09-28,Chelsea,Brighton,4–2,2024-2025,H,15,15,7,5,8,2,11,8,3,2,0,0,2024,9,28,4,2,7,5,814
Sat,2024-09-28,Everton,Crystal Palace,2–1,2024-2025,A,8,17,2,5,5,8,13,11,2,1,0,0,2024,9,28,2,1,10,9,815
Sat,2024-09-28,Nott'm Forest,Fulham,0–1,2024-2025,D,11,14,1,2,6,5,11,15,2,4,0,0,2024,9,28,0,1,21,11,816
Sat,2024-09-28,Wolves,Liverpool,1–2,2024-2025,A,8,10,3,6,2,10,16,8,2,3,0,0,2024,9,28,1,2,27,16,817
Sun,2024-09-29,Ipswich,Aston Villa,2–2,2024-2025,A,15,7,5,3,10,0,10,14,4,1,0,0,2024,9,29,2,2,13,2,818
Sun,2024-09-29,Man United,Tottenham,0–3,2024-2025,A,11,24,2,10,5,3,16,14,5,3,1,0,2024,9,29,0,3,19,25,819
Mon,2024-09-30,Bournemouth,Southampton,3–1,2024-2025,H,14,9,6,3,7,4,19,12,2,5,0,0,2024,9,30,3,1,3,23,820
Sat,2024-10-05,Crystal Palace,Liverpool,0–1,2024-2025,A,9,16,5,4,3,8,7,15,4,2,0,0,2024,10,5,0,1,9,16,821
Sat,2024-10-05,Arsenal,Southampton,3–1,2024-2025,D,29,8,6,2,13,1,10,9,0,3,0,0,2024,10,5,3,1,1,23,822
Sat,2024-10-05,Brentford,Wolves,5–3,2024-2025,H,19,17,12,6,10,3,9,10,2,3,0,0,2024,10,5,5,3,4,27,823
Sat,2024-10-05,Leicester,Bournemouth,1–0,2024-2025,H,6,17,2,2,0,9,12,14,4,1,0,0,2024,10,5,1,0,15,3,824
Sat,2024-10-05,Man City,Fulham,3–2,2024-2025,D,20,11,7,4,8,3,4,10,2,1,0,0,2024,10,5,3,2,18,11,825
Sat,2024-10-05,West Ham,Ipswich,4–1,2024-2025,H,23,9,13,2,5,5,12,6,0,1,0,0,2024,10,5,4,1,26,13,826
Sat,2024-10-05,Everton,Newcastle,0–0,2024-2025,D,8,14,2,3,0,10,12,8,1,2,0,0,2024,10,5,0,0,10,20,827
Sun,2024-10-06,Aston Villa,Man United,0–0,2024-2025,D,11,10,1,4,6,3,12,11,1,5,0,0,2024,10,6,0,0,2,19,828
Sun,2024-10-06,Chelsea,Nott'm Forest,1–1,2024-2025,D,22,16,8,9,11,3,12,11,6,2,0,1,2024,10,6,1,1,7,21,829
Sun,2024-10-06,Brighton,Tottenham,3–2,2024-2025,A,11,13,4,3,4,7,14,10,2,2,0,0,2024,10,6,3,2,5,25,830
Sat,2024-10-19,Tottenham,West Ham,4–1,2024-2025,D,22,11,7,4,13,5,10,15,1,3,0,1,2024,10,19,4,1,25,26,831
Sat,2024-10-19,Fulham,Aston Villa,1–3,2024-2025,D,10,14,4,5,6,11,8,11,3,3,1,1,2024,10,19,1,3,11,2,832
Sat,2024-10-19,Ipswich,Everton,0–2,2024-2025,A,13,11,2,8,5,8,12,10,1,1,0,0,2024,10,19,0,2,13,10,833
Sat,2024-10-19,Man United,Brentford,2–1,2024-2025,A,23,8,11,2,9,2,14,5,2,2,0,0,2024,10,19,2,1,19,4,834
Sat,2024-10-19,Newcastle,Brighton,0–1,2024-2025,A,21,10,6,5,9,4,11,9,2,2,0,0,2024,10,19,0,1,20,5,835
Sat,2024-10-19,Southampton,Leicester,2–3,2024-2025,H,14,18,7,4,10,6,10,10,5,3,1,0,2024,10,19,2,3,23,15,836
Sat,2024-10-19,Bournemouth,Arsenal,2–0,2024-2025,D,13,6,4,1,7,4,12,11,1,1,0,1,2024,10,19,2,0,3,1,837
Sun,2024-10-20,Wolves,Man City,1–2,2024-2025,D,3,22,2,7,1,18,8,5,4,1,0,0,2024,10,20,1,2,27,18,838
Sun,2024-10-20,Liverpool,Chelsea,2–1,2024-2025,H,9,12,5,2,1,6,12,13,4,3,0,0,2024,10,20,2,1,16,7,839
Mon,2024-10-21,Nott'm Forest,Crystal Palace,1–0,2024-2025,D,20,20,6,7,6,6,9,12,2,3,0,0,2024,10,21,1,0,21,9,840
Fri,2024-10-25,Leicester,Nott'm Forest,1–3,2024-2025,D,11,20,1,5,6,7,16,9,5,2,0,0,2024,10,25,1,3,15,21,841
Sat,2024-10-26,Aston Villa,Bournemouth,1–1,2024-2025,D,18,11,8,3,9,7,12,14,7,6,0,0,2024,10,26,1,1,2,3,842
Sat,2024-10-26,Brentford,Ipswich,4–3,2024-2025,D,20,11,9,5,5,5,7,10,0,1,0,1,2024,10,26,4,3,4,13,843
Sat,2024-10-26,Brighton,Wolves,2–2,2024-2025,H,19,14,6,7,9,6,12,10,3,3,0,0,2024,10,26,2,2,5,27,844
Sat,2024-10-26,Man City,Southampton,1–0,2024-2025,H,22,5,8,2,12,1,9,9,1,3,0,0,2024,10,26,1,0,18,23,845
Sat,2024-10-26,Everton,Fulham,1–1,2024-2025,D,10,14,5,3,4,2,8,8,1,0,0,0,2024,10,26,1,1,10,11,846
Sun,2024-10-27,Chelsea,Newcastle,2–1,2024-2025,D,17,11,7,3,7,4,13,16,6,3,0,0,2024,10,27,2,1,7,20,847
Sun,2024-10-27,Crystal Palace,Tottenham,1–0,2024-2025,H,14,11,6,3,8,8,16,12,4,4,0,0,2024,10,27,1,0,9,25,848
Sun,2024-10-27,West Ham,Man United,2–1,2024-2025,D,12,18,3,5,6,5,6,7,5,1,0,0,2024,10,27,2,1,26,19,849
Sun,2024-10-27,Arsenal,Liverpool,2–2,2024-2025,H,9,9,3,4,1,3,14,14,2,2,0,0,2024,10,27,2,2,1,16,850
Sat,2024-11-02,Newcastle,Arsenal,1–0,2024-2025,H,9,10,4,1,4,6,16,18,4,4,0,0,2024,11,2,1,0,20,1,851
Sat,2024-11-02,Bournemouth,Man City,2–1,2024-2025,H,12,18,6,4,3,10,11,6,2,1,0,0,2024,11,2,2,1,3,18,852
Sat,2024-11-02,Ipswich,Leicester,1–1,2024-2025,D,14,20,2,6,4,6,11,10,4,2,1,0,2024,11,2,1,1,13,15,853
Sat,2024-11-02,Liverpool,Brighton,2–1,2024-2025,A,16,13,8,5,10,7,10,18,1,1,0,0,2024,11,2,2,1,16,5,854
Sat,2024-11-02,Nott'm Forest,West Ham,3–0,2024-2025,H,19,4,6,2,11,6,7,9,1,2,0,1,2024,11,2,3,0,21,26,855
Sat,2024-11-02,Southampton,Everton,1–0,2024-2025,D,9,16,2,5,3,6,14,18,4,2,0,0,2024,11,2,1,0,23,10,856
Sat,2024-11-02,Wolves,Crystal Palace,2–2,2024-2025,D,11,19,6,7,3,6,7,9,1,2,0,0,2024,11,2,2,2,27,9,857
Sun,2024-11-03,Tottenham,Aston Villa,4–1,2024-2025,A,16,12,6,1,6,4,14,14,2,0,0,0,2024,11,3,4,1,25,2,858
Sun,2024-11-03,Man United,Chelsea,1–1,2024-2025,D,11,12,4,3,4,8,19,14,6,2,0,0,2024,11,3,1,1,19,7,859
Mon,2024-11-04,Fulham,Brentford,2–1,2024-2025,A,26,5,12,2,11,3,3,10,2,1,0,0,2024,11,4,2,1,11,4,860
Sat,2024-11-09,Brentford,Bournemouth,3–2,2024-2025,D,12,15,6,3,6,4,8,16,2,4,0,0,2024,11,9,3,2,4,3,861
Sat,2024-11-09,Crystal Palace,Fulham,0–2,2024-2025,A,13,17,5,7,1,8,10,11,1,1,1,0,2024,11,9,0,2,9,11,862
Sat,2024-11-09,West Ham,Everton,0–0,2024-2025,D,11,18,6,4,7,6,10,9,1,2,0,0,2024,11,9,0,0,26,10,863
Sat,2024-11-09,Wolves,Southampton,2–0,2024-2025,H,8,9,4,0,1,9,14,12,1,4,0,0,2024,11,9,2,0,27,23,864
Sat,2024-11-09,Brighton,Man City,2–1,2024-2025,A,10,15,4,6,0,4,12,10,3,3,0,0,2024,11,9,2,1,5,18,865
Sat,2024-11-09,Liverpool,Aston Villa,2–0,2024-2025,H,14,12,5,2,2,9,11,15,0,3,0,0,2024,11,9,2,0,16,2,866
Sun,2024-11-10,Man United,Leicester,3–0,2024-2025,H,13,6,3,5,1,5,9,5,0,1,0,0,2024,11,10,3,0,19,15,867
Sun,2024-11-10,Nott'm Forest,Newcastle,1–3,2024-2025,H,9,17,3,6,4,5,13,6,1,1,0,0,2024,11,10,1,3,21,20,868
Sun,2024-11-10,Tottenham,Ipswich,1–2,2024-2025,A,17,8,5,3,12,2,10,19,1,5,0,0,2024,11,10,1,2,25,13,869
Sun,2024-11-10,Chelsea,Arsenal,1–1,2024-2025,D,17,13,3,3,4,3,12,12,4,2,0,0,2024,11,10,1,1,7,1,870
Sat,2024-11-23,Leicester,Chelsea,1–2,2024-2025,A,4,16,1,7,2,9,15,12,4,3,0,0,2024,11,23,1,2,15,7,871
Sat,2024-11-23,Arsenal,Nott'm Forest,3–0,2024-2025,H,19,7,7,0,8,1,10,1,3,2,0,0,2024,11,23,3,0,1,21,872
Sat,2024-11-23,Aston Villa,Crystal Palace,2–2,2024-2025,A,17,13,5,6,10,1,10,11,3,2,0,0,2024,11,23,2,2,2,9,873
Sat,2024-11-23,Bournemouth,Brighton,1–2,2024-2025,A,19,6,5,4,7,0,13,10,2,2,0,1,2024,11,23,1,2,3,5,874
Sat,2024-11-23,Everton,Brentford,0–0,2024-2025,D,27,9,5,2,10,4,8,10,0,0,0,1,2024,11,23,0,0,10,4,875
Sat,2024-11-23,Fulham,Wolves,1–4,2024-2025,D,10,10,3,5,7,2,14,14,3,0,0,0,2024,11,23,1,4,11,27,876
Sat,2024-11-23,Man City,Tottenham,0–4,2024-2025,A,23,9,5,7,9,3,19,9,4,2,0,0,2024,11,23,0,4,18,25,877
Sun,2024-11-24,Southampton,Liverpool,2–3,2024-2025,D,7,27,5,11,3,10,11,9,3,4,0,0,2024,11,24,2,3,23,16,878
Sun,2024-11-24,Ipswich,Man United,1–1,2024-2025,D,11,11,6,4,4,3,11,10,0,0,0,0,2024,11,24,1,1,13,19,879
Mon,2024-11-25,Newcastle,West Ham,0–2,2024-2025,A,18,15,2,6,8,3,11,8,1,0,0,0,2024,11,25,0,2,20,26,880
Fri,2024-11-29,Brighton,Southampton,1–1,2024-2025,H,22,10,5,2,7,6,20,16,2,4,0,0,2024,11,29,1,1,5,23,881
Sat,2024-11-30,Brentford,Leicester,4–1,2024-2025,H,13,7,6,3,5,4,9,10,1,1,0,0,2024,11,30,4,1,4,15,882
Sat,2024-11-30,Crystal Palace,Newcastle,1–1,2024-2025,D,16,1,4,0,8,9,12,11,3,3,0,0,2024,11,30,1,1,9,20,883
Sat,2024-11-30,Nott'm Forest,Ipswich,1–0,2024-2025,D,12,7,5,3,8,7,5,16,1,3,0,0,2024,11,30,1,0,21,13,884
Sat,2024-11-30,Wolves,Bournemouth,2–4,2024-2025,A,10,12,3,8,3,4,13,11,4,1,0,0,2024,11,30,2,4,27,3,885
Sat,2024-11-30,West Ham,Arsenal,2–5,2024-2025,A,12,16,5,7,2,10,10,13,4,1,0,0,2024,11,30,2,5,26,1,886
Sun,2024-12-01,Chelsea,Aston Villa,3–0,2024-2025,H,17,10,8,4,3,4,21,6,2,2,0,0,2024,12,1,3,0,7,2,887
Sun,2024-12-01,Man United,Everton,4–0,2024-2025,H,11,8,5,2,2,2,12,12,2,3,0,0,2024,12,1,4,0,19,10,888
Sun,2024-12-01,Tottenham,Fulham,1–1,2024-2025,D,8,14,3,6,7,11,4,14,0,1,0,1,2024,12,1,1,1,25,11,889
Sun,2024-12-01,Liverpool,Man City,2–0,2024-2025,H,18,8,7,2,7,4,9,8,1,3,0,0,2024,12,1,2,0,16,18,890
Tue,2024-12-03,Ipswich,Crystal Palace,0–1,2024-2025,D,9,13,2,3,4,7,14,13,2,4,0,0,2024,12,3,0,1,13,9,891
Tue,2024-12-03,Leicester,West Ham,3–1,2024-2025,H,8,31,6,10,3,9,9,7,2,2,0,0,2024,12,3,3,1,15,26,892
Wed,2024-12-04,Everton,Wolves,4–0,2024-2025,H,13,6,4,2,3,4,10,8,2,0,0,0,2024,12,4,4,0,10,27,893
Wed,2024-12-04,Man City,Nott'm Forest,3–0,2024-2025,H,17,12,7,3,8,2,7,15,2,4,0,0,2024,12,4,3,0,18,21,894
Wed,2024-12-04,Newcastle,Liverpool,3–3,2024-2025,H,17,16,6,5,5,6,9,17,2,5,0,0,2024,12,4,3,3,20,16,895
Wed,2024-12-04,Southampton,Chelsea,1–5,2024-2025,A,6,26,4,13,5,7,7,14,1,0,1,0,2024,12,4,1,5,23,7,896
Wed,2024-12-04,Arsenal,Man United,2–0,2024-2025,D,14,5,6,2,13,0,12,8,1,3,0,0,2024,12,4,2,0,1,19,897
Wed,2024-12-04,Aston Villa,Brentford,3–1,2024-2025,H,20,9,10,1,10,5,11,15,2,2,0,0,2024,12,4,3,1,2,4,898
Thu,2024-12-05,Fulham,Brighton,3–1,2024-2025,H,6,13,2,3,5,6,7,8,2,2,0,0,2024,12,5,3,1,11,5,899
Thu,2024-12-05,Bournemouth,Tottenham,1–0,2024-2025,H,21,12,8,4,5,9,15,8,2,2,0,0,2024,12,5,1,0,3,25,900
Sat,2024-12-07,Aston Villa,Southampton,1–0,2024-2025,H,18,4,5,0,14,1,18,15,1,3,0,0,2024,12,7,1,0,2,23,901
Sat,2024-12-07,Brentford,Newcastle,4–2,2024-2025,D,11,16,8,3,3,4,10,7,3,0,0,0,2024,12,7,4,2,4,20,902
Sat,2024-12-07,Crystal Palace,Man City,2–2,2024-2025,D,12,12,3,4,6,8,4,10,1,0,0,1,2024,12,7,2,2,9,18,903
Sat,2024-12-07,Man United,Nott'm Forest,2–3,2024-2025,D,17,11,7,3,5,3,10,13,0,2,0,0,2024,12,7,2,3,19,21,904
Sun,2024-12-08,Fulham,Arsenal,1–1,2024-2025,H,2,12,2,4,0,6,10,9,4,2,0,0,2024,12,8,1,1,11,1,905
Sun,2024-12-08,Ipswich,Bournemouth,1–2,2024-2025,H,18,22,5,6,6,13,9,13,2,1,0,0,2024,12,8,1,2,13,3,906
Sun,2024-12-08,Leicester,Brighton,2–2,2024-2025,A,10,16,3,7,5,5,9,10,1,2,0,0,2024,12,8,2,2,15,5,907
Sun,2024-12-08,Tottenham,Chelsea,3–4,2024-2025,H,13,17,5,8,5,10,17,11,2,2,0,0,2024,12,8,3,4,25,7,908
Mon,2024-12-09,West Ham,Wolves,2–1,2024-2025,D,19,19,4,5,11,0,12,17,5,4,0,0,2024,12,9,2,1,26,27,909
Sat,2024-12-14,Arsenal,Everton,0–0,2024-2025,D,13,2,5,0,8,2,6,9,0,3,0,0,2024,12,14,0,0,1,10,910
Sat,2024-12-14,Liverpool,Fulham,2–2,2024-2025,A,16,12,4,3,5,4,10,7,3,4,1,0,2024,12,14,2,2,16,11,911
Sat,2024-12-14,Newcastle,Leicester,4–0,2024-2025,H,27,4,11,1,5,2,7,16,3,3,0,0,2024,12,14,4,0,20,15,912
Sat,2024-12-14,Wolves,Ipswich,1–2,2024-2025,A,16,10,6,5,7,3,13,9,0,2,1,0,2024,12,14,1,2,27,13,913
Sat,2024-12-14,Nott'm Forest,Aston Villa,2–1,2024-2025,D,17,8,6,2,4,3,12,6,0,1,0,0,2024,12,14,2,1,21,2,914
Sun,2024-12-15,Brighton,Crystal Palace,1–3,2024-2025,A,17,13,5,5,8,5,11,15,1,4,0,0,2024,12,15,1,3,5,9,915
Sun,2024-12-15,Man City,Man United,1–2,2024-2025,H,10,10,3,3,8,2,5,14,1,1,0,0,2024,12,15,1,2,18,19,916
Sun,2024-12-15,Chelsea,Brentford,2–1,2024-2025,H,26,9,8,4,8,5,11,7,0,2,1,0,2024,12,15,2,1,7,4,917
Sun,2024-12-15,Southampton,Tottenham,0–5,2024-2025,A,9,18,3,9,2,5,8,15,1,3,0,0,2024,12,15,0,5,23,25,918
Mon,2024-12-16,Bournemouth,West Ham,1–1,2024-2025,D,29,16,9,3,12,6,6,11,0,2,0,0,2024,12,16,1,1,3,26,919
Sat,2024-12-21,Aston Villa,Man City,2–1,2024-2025,H,11,12,6,6,5,4,14,7,3,3,0,0,2024,12,21,2,1,2,18,920
Sat,2024-12-21,Brentford,Nott'm Forest,0–2,2024-2025,A,7,10,3,6,9,5,9,14,3,4,0,0,2024,12,21,0,2,4,21,921
Sat,2024-12-21,Ipswich,Newcastle,0–4,2024-2025,A,10,15,2,7,2,1,9,7,2,0,0,0,2024,12,21,0,4,13,20,922
Sat,2024-12-21,West Ham,Brighton,1–1,2024-2025,D,11,12,4,6,8,4,14,20,2,2,0,0,2024,12,21,1,1,26,5,923
Sat,2024-12-21,Crystal Palace,Arsenal,1–5,2024-2025,A,15,14,6,6,3,3,9,8,2,2,0,0,2024,12,21,1,5,9,1,924
Sun,2024-12-22,Everton,Chelsea,0–0,2024-2025,D,5,12,4,5,2,5,20,12,4,1,0,0,2024,12,22,0,0,10,7,925
Sun,2024-12-22,Fulham,Southampton,0–0,2024-2025,D,16,5,5,1,6,5,8,15,1,3,0,0,2024,12,22,0,0,11,23,926
Sun,2024-12-22,Leicester,Wolves,0–3,2024-2025,A,9,8,5,4,6,1,15,16,2,0,0,0,2024,12,22,0,3,15,27,927
Sun,2024-12-22,Man United,Bournemouth,0–3,2024-2025,A,23,10,7,5,13,1,11,11,1,3,0,0,2024,12,22,0,3,19,3,928
Sun,2024-12-22,Tottenham,Liverpool,3–6,2024-2025,A,9,24,5,12,7,5,7,9,1,2,0,0,2024,12,22,3,6,25,16,929
Thu,2024-12-26,Man City,Everton,1–1,2024-2025,D,24,8,5,3,8,5,5,10,1,4,0,0,2024,12,26,1,1,18,10,930
Thu,2024-12-26,Bournemouth,Crystal Palace,0–0,2024-2025,D,18,10,4,4,5,2,13,12,2,2,0,0,2024,12,26,0,0,3,9,931
Thu,2024-12-26,Chelsea,Fulham,1–2,2024-2025,H,12,14,8,7,3,1,13,13,1,3,0,0,2024,12,26,1,2,7,11,932
Thu,2024-12-26,Newcastle,Aston Villa,3–0,2024-2025,H,22,4,8,1,9,6,15,10,2,1,0,1,2024,12,26,3,0,20,2,933
Thu,2024-12-26,Nott'm Forest,Tottenham,1–0,2024-2025,H,10,13,3,4,2,7,12,13,3,2,0,1,2024,12,26,1,0,21,25,934
Thu,2024-12-26,Southampton,West Ham,0–1,2024-2025,D,18,16,5,2,2,2,15,8,1,2,0,0,2024,12,26,0,1,23,26,935
Thu,2024-12-26,Wolves,Man United,2–0,2024-2025,D,7,11,4,4,4,4,12,12,2,2,0,1,2024,12,26,2,0,27,19,936
Thu,2024-12-26,Liverpool,Leicester,3–1,2024-2025,D,19,4,7,1,14,1,17,5,3,2,0,0,2024,12,26,3,1,16,15,937
Fri,2024-12-27,Brighton,Brentford,0–0,2024-2025,D,24,8,7,3,5,3,6,12,0,2,0,0,2024,12,27,0,0,5,4,938
Fri,2024-12-27,Arsenal,Ipswich,1–0,2024-2025,H,13,3,5,0,5,1,7,12,1,1,0,0,2024,12,27,1,0,1,13,939
Sun,2024-12-29,Leicester,Man City,0–2,2024-2025,A,11,14,4,5,4,4,11,6,2,1,0,0,2024,12,29,0,2,15,18,940
Sun,2024-12-29,Crystal Palace,Southampton,2–1,2024-2025,D,19,7,10,3,8,7,18,19,2,3,0,0,2024,12,29,2,1,9,23,941
Sun,2024-12-29,Everton,Nott'm Forest,0–2,2024-2025,A,13,11,2,7,5,4,13,10,4,1,0,0,2024,12,29,0,2,10,21,942
Sun,2024-12-29,Fulham,Bournemouth,2–2,2024-2025,H,11,16,6,9,1,7,7,16,1,3,0,0,2024,12,29,2,2,11,3,943
Sun,2024-12-29,Tottenham,Wolves,2–2,2024-2025,H,13,11,3,3,5,5,9,10,1,2,0,0,2024,12,29,2,2,25,27,944
Sun,2024-12-29,West Ham,Liverpool,0–5,2024-2025,A,7,22,0,13,3,6,7,10,0,0,0,0,2024,12,29,0,5,26,16,945
Mon,2024-12-30,Aston Villa,Brighton,2–2,2024-2025,D,20,13,4,4,12,3,9,14,2,3,0,0,2024,12,30,2,2,2,5,946
Mon,2024-12-30,Ipswich,Chelsea,2–0,2024-2025,H,9,20,6,5,4,7,9,5,4,4,0,0,2024,12,30,2,0,13,7,947
Mon,2024-12-30,Man United,Newcastle,0–2,2024-2025,A,10,12,0,4,2,3,13,8,1,1,0,0,2024,12,30,0,2,19,20,948
Wed,2025-01-01,Brentford,Arsenal,1–3,2024-2025,D,5,14,2,5,4,3,6,8,1,2,0,0,2025,1,1,1,3,4,1,949
Sat,2025-01-04,Tottenham,Newcastle,1–2,2024-2025,A,13,14,4,4,9,10,11,15,1,4,0,0,2025,1,4,1,2,25,20,950
Sat,2025-01-04,Aston Villa,Leicester,2–1,2024-2025,D,13,4,5,2,7,2,10,11,0,1,0,0,2025,1,4,2,1,2,15,951
Sat,2025-01-04,Bournemouth,Everton,1–0,2024-2025,D,19,9,8,0,9,3,15,14,2,2,0,0,2025,1,4,1,0,3,10,952
Sat,2025-01-04,Crystal Palace,Chelsea,1–1,2024-2025,A,13,15,6,1,6,6,9,12,0,2,0,0,2025,1,4,1,1,9,7,953
Sat,2025-01-04,Man City,West Ham,4–1,2024-2025,H,10,17,7,4,7,1,8,13,2,1,0,0,2025,1,4,4,1,18,26,954
Sat,2025-01-04,Southampton,Brentford,0–5,2024-2025,A,8,20,1,11,2,2,10,4,2,0,0,0,2025,1,4,0,5,23,4,955
Sat,2025-01-04,Brighton,Arsenal,1–1,2024-2025,A,11,9,4,3,2,5,17,14,2,3,0,0,2025,1,4,1,1,5,1,956
Sun,2025-01-05,Fulham,Ipswich,2–2,2024-2025,A,15,7,4,3,9,2,10,14,1,5,0,0,2025,1,5,2,2,11,13,957
Sun,2025-01-05,Liverpool,Man United,2–2,2024-2025,D,19,13,6,4,6,9,10,13,2,4,0,0,2025,1,5,2,2,16,19,958
Mon,2025-01-06,Wolves,Nott'm Forest,0–3,2024-2025,A,13,11,6,3,5,3,10,8,1,2,0,0,2025,1,6,0,3,27,21,959
Tue,2025-01-14,Brentford,Man City,2–2,2024-2025,D,18,21,6,8,4,5,4,4,0,0,0,0,2025,1,14,2,2,4,18,960
Tue,2025-01-14,Chelsea,Bournemouth,2–2,2024-2025,H,26,7,10,3,9,3,15,16,2,3,0,0,2025,1,14,2,2,7,3,961
Tue,2025-01-14,West Ham,Fulham,3–2,2024-2025,H,4,21,3,5,0,3,9,18,3,3,0,0,2025,1,14,3,2,26,11,962
Tue,2025-01-14,Nott'm Forest,Liverpool,1–1,2024-2025,H,6,23,3,7,0,9,7,10,2,1,0,0,2025,1,14,1,1,21,16,963
Wed,2025-01-15,Everton,Aston Villa,0–1,2024-2025,D,10,11,3,3,8,5,17,10,2,1,0,0,2025,1,15,0,1,10,2,964
Wed,2025-01-15,Leicester,Crystal Palace,0–2,2024-2025,D,21,9,4,4,4,3,7,6,0,0,0,0,2025,1,15,0,2,15,9,965
Wed,2025-01-15,Newcastle,Wolves,3–0,2024-2025,H,17,13,5,7,4,2,10,13,0,2,0,0,2025,1,15,3,0,20,27,966
Wed,2025-01-15,Arsenal,Tottenham,2–1,2024-2025,H,14,10,4,2,10,4,16,9,3,1,0,0,2025,1,15,2,1,1,25,967
Thu,2025-01-16,Ipswich,Brighton,0–2,2024-2025,D,5,11,3,5,1,9,13,14,2,2,0,0,2025,1,16,0,2,13,5,968
Thu,2025-01-16,Man United,Southampton,3–1,2024-2025,A,23,13,9,5,5,4,7,10,1,3,0,0,2025,1,16,3,1,19,23,969
Sat,2025-01-18,Newcastle,Bournemouth,1–4,2024-2025,A,13,19,5,10,7,6,7,18,1,6,0,0,2025,1,18,1,4,20,3,970
Sat,2025-01-18,Brentford,Liverpool,0–2,2024-2025,D,11,37,6,8,2,15,6,14,2,3,0,0,2025,1,18,0,2,4,16,971
Sat,2025-01-18,Leicester,Fulham,0–2,2024-2025,D,8,17,4,2,5,2,8,8,3,1,0,0,2025,1,18,0,2,15,11,972
Sat,2025-01-18,West Ham,Crystal Palace,0–2,2024-2025,D,7,12,0,7,2,4,13,10,1,0,1,0,2025,1,18,0,2,26,9,973
Sat,2025-01-18,Arsenal,Aston Villa,2–2,2024-2025,H,18,8,6,4,10,1,10,18,2,3,0,0,2025,1,18,2,2,1,2,974
Sun,2025-01-19,Everton,Tottenham,3–2,2024-2025,H,12,11,6,6,3,8,14,14,2,1,0,0,2025,1,19,3,2,10,25,975
Sun,2025-01-19,Man United,Brighton,1–3,2024-2025,D,10,6,1,3,4,2,13,12,3,3,0,0,2025,1,19,1,3,19,5,976
Sun,2025-01-19,Nott'm Forest,Southampton,3–2,2024-2025,H,14,10,5,4,2,8,4,18,0,4,0,0,2025,1,19,3,2,21,23,977
Sun,2025-01-19,Ipswich,Man City,0–6,2024-2025,A,8,17,4,9,4,7,4,7,0,1,0,0,2025,1,19,0,6,13,18,978
Mon,2025-01-20,Chelsea,Wolves,3–1,2024-2025,D,19,9,7,4,3,6,8,14,4,2,0,0,2025,1,20,3,1,7,27,979
Sat,2025-01-25,Bournemouth,Nott'm Forest,5–0,2024-2025,H,16,18,10,4,3,9,9,12,2,3,0,0,2025,1,25,5,0,3,21,980
Sat,2025-01-25,Brighton,Everton,0–1,2024-2025,A,16,3,1,1,9,1,8,11,3,4,0,0,2025,1,25,0,1,5,10,981
Sat,2025-01-25,Liverpool,Ipswich,4–1,2024-2025,H,16,3,6,3,3,4,10,11,0,2,0,0,2025,1,25,4,1,16,13,982
Sat,2025-01-25,Southampton,Newcastle,1–3,2024-2025,A,12,17,5,9,3,8,10,5,1,0,0,0,2025,1,25,1,3,23,20,983
Sat,2025-01-25,Wolves,Arsenal,0–1,2024-2025,D,9,9,4,3,1,5,20,10,0,1,1,1,2025,1,25,0,1,27,1,984
Sat,2025-01-25,Man City,Chelsea,3–1,2024-2025,D,15,10,6,4,2,4,6,8,3,2,0,0,2025,1,25,3,1,18,7,985
Sun,2025-01-26,Crystal Palace,Brentford,1–2,2024-2025,D,16,13,5,6,4,7,8,11,2,2,0,0,2025,1,26,1,2,9,4,986
Sun,2025-01-26,Tottenham,Leicester,1–2,2024-2025,H,15,12,6,3,6,4,6,16,1,5,0,0,2025,1,26,1,2,25,15,987
Sun,2025-01-26,Aston Villa,West Ham,1–1,2024-2025,H,14,14,4,4,4,3,13,16,2,3,0,0,2025,1,26,1,1,2,26,988
Sun,2025-01-26,Fulham,Man United,0–1,2024-2025,D,9,4,3,1,3,0,7,9,0,1,0,0,2025,1,26,0,1,11,19,989
Sat,2025-02-01,Nott'm Forest,Brighton,7–0,2024-2025,H,14,10,9,5,4,6,8,13,1,3,0,0,2025,2,1,7,0,21,5,990
Sat,2025-02-01,Bournemouth,Liverpool,0–2,2024-2025,A,14,19,3,7,3,3,15,9,2,3,0,0,2025,2,1,0,2,3,16,991
Sat,2025-02-01,Everton,Leicester,4–0,2024-2025,H,13,9,7,1,5,6,7,13,0,0,0,0,2025,2,1,4,0,10,15,992
Sat,2025-02-01,Ipswich,Southampton,1–2,2024-2025,D,15,9,6,4,1,2,11,14,0,3,0,0,2025,2,1,1,2,13,23,993
Sat,2025-02-01,Newcastle,Fulham,1–2,2024-2025,H,11,15,4,4,4,7,10,15,4,4,0,0,2025,2,1,1,2,20,11,994
Sat,2025-02-01,Wolves,Aston Villa,2–0,2024-2025,H,8,10,5,3,5,8,20,13,2,3,0,0,2025,2,1,2,0,27,2,995
Sun,2025-02-02,Brentford,Tottenham,0–2,2024-2025,A,20,13,4,2,10,3,4,11,0,1,0,0,2025,2,2,0,2,4,25,996
Sun,2025-02-02,Man United,Crystal Palace,0–2,2024-2025,D,17,11,2,3,11,0,12,13,3,1,0,0,2025,2,2,0,2,19,9,997
Sun,2025-02-02,Arsenal,Man City,5–1,2024-2025,H,12,7,7,4,5,2,6,7,2,0,0,0,2025,2,2,5,1,1,18,998
Mon,2025-02-03,Chelsea,West Ham,2–1,2024-2025,A,22,14,3,5,4,3,11,10,3,1,0,0,2025,2,3,2,1,7,26,999
Wed,2025-02-12,Everton,Liverpool,2–2,2024-2025,D,10,6,3,4,2,3,9,20,2,2,1,1,2025,2,12,2,2,10,16,1000
Fri,2025-02-14,Brighton,Chelsea,3–0,2024-2025,H,13,8,5,0,2,9,12,15,1,2,0,0,2025,2,14,3,0,5,7,1001
Sat,2025-02-15,Leicester,Arsenal,0–2,2024-2025,D,6,11,2,5,3,7,9,10,2,1,0,0,2025,2,15,0,2,15,1,1002
Sat,2025-02-15,Aston Villa,Ipswich,1–1,2024-2025,D,25,4,6,3,16,1,7,11,0,3,0,1,2025,2,15,1,1,2,13,1003
Sat,2025-02-15,Fulham,Nott'm Forest,2–1,2024-2025,D,24,8,10,2,8,4,13,8,0,0,0,0,2025,2,15,2,1,11,21,1004
Sat,2025-02-15,Man City,Newcastle,4–0,2024-2025,H,11,3,7,1,7,4,5,13,0,1,0,0,2025,2,15,4,0,18,20,1005
Sat,2025-02-15,Southampton,Bournemouth,1–3,2024-2025,A,11,14,4,7,4,6,13,15,1,3,0,0,2025,2,15,1,3,23,3,1006
Sat,2025-02-15,West Ham,Brentford,0–1,2024-2025,A,13,14,3,5,9,2,10,13,1,1,0,0,2025,2,15,0,1,26,4,1007
Sat,2025-02-15,Crystal Palace,Everton,1–2,2024-2025,A,17,11,6,6,6,2,9,12,0,1,0,0,2025,2,15,1,2,9,10,1008
Sun,2025-02-16,Liverpool,Wolves,2–1,2024-2025,H,10,16,3,4,4,3,15,13,2,2,0,0,2025,2,16,2,1,16,27,1009
Sun,2025-02-16,Tottenham,Man United,1–0,2024-2025,H,22,16,7,6,10,5,13,9,1,2,0,0,2025,2,16,1,0,25,19,1010
Wed,2025-02-19,Aston Villa,Liverpool,2–2,2024-2025,H,9,17,4,3,6,8,8,6,1,0,0,0,2025,2,19,2,2,2,16,1011
Fri,2025-02-21,Leicester,Brentford,0–4,2024-2025,A,8,14,3,6,5,6,10,10,4,0,0,0,2025,2,21,0,4,15,4,1012
Sat,2025-02-22,Everton,Man United,2–2,2024-2025,H,9,9,8,3,7,9,12,9,4,1,0,0,2025,2,22,2,2,10,19,1013
Sat,2025-02-22,Arsenal,West Ham,0–1,2024-2025,A,20,5,2,2,2,0,16,15,1,3,1,0,2025,2,22,0,1,1,26,1014
Sat,2025-02-22,Bournemouth,Wolves,0–1,2024-2025,A,8,13,3,5,6,7,17,9,3,3,1,0,2025,2,22,0,1,3,27,1015
Sat,2025-02-22,Fulham,Crystal Palace,0–2,2024-2025,A,10,10,0,5,7,7,10,7,1,3,0,0,2025,2,22,0,2,11,9,1016
Sat,2025-02-22,Ipswich,Tottenham,1–4,2024-2025,A,17,10,5,6,4,4,15,14,2,1,0,0,2025,2,22,1,4,13,25,1017
Sat,2025-02-22,Southampton,Brighton,0–4,2024-2025,A,6,18,1,12,5,6,11,12,2,0,0,0,2025,2,22,0,4,23,5,1018
Sat,2025-02-22,Aston Villa,Chelsea,2–1,2024-2025,A,12,15,6,7,2,3,15,16,1,3,0,0,2025,2,22,2,1,2,7,1019
Sun,2025-02-23,Newcastle,Nott'm Forest,4–3,2024-2025,H,13,17,5,5,7,6,11,13,1,4,0,0,2025,2,23,4,3,20,21,1020
Sun,2025-02-23,Man City,Liverpool,0–2,2024-2025,A,16,8,5,4,7,5,3,10,0,0,0,0,2025,2,23,0,2,18,16,1021
Tue,2025-02-25,Brighton,Bournemouth,2–1,2024-2025,H,11,19,4,5,1,9,12,14,2,1,0,0,2025,2,25,2,1,5,3,1022
Tue,2025-02-25,Crystal Palace,Aston Villa,4–1,2024-2025,H,19,6,6,2,3,8,19,10,3,1,0,0,2025,2,25,4,1,9,2,1023
Tue,2025-02-25,Wolves,Fulham,1–2,2024-2025,D,18,11,5,5,7,5,8,15,1,3,0,0,2025,2,25,1,2,27,11,1024
Tue,2025-02-25,Chelsea,Southampton,4–0,2024-2025,H,19,7,10,2,4,2,6,9,1,2,0,0,2025,2,25,4,0,7,23,1025
Wed,2025-02-26,Brentford,Everton,1–1,2024-2025,H,12,14,3,4,2,5,3,6,2,1,0,0,2025,2,26,1,1,4,10,1026
Wed,2025-02-26,Man United,Ipswich,3–2,2024-2025,D,10,12,6,3,5,6,9,16,4,4,1,0,2025,2,26,3,2,19,13,1027
Wed,2025-02-26,Nott'm Forest,Arsenal,0–0,2024-2025,D,6,13,2,1,3,11,10,17,1,1,0,0,2025,2,26,0,0,21,1,1028
Wed,2025-02-26,Tottenham,Man City,0–1,2024-2025,A,11,12,6,5,8,3,12,15,3,0,0,0,2025,2,26,0,1,25,18,1029
Wed,2025-02-26,Liverpool,Newcastle,2–0,2024-2025,H,12,3,3,0,4,2,12,11,0,1,0,0,2025,2,26,2,0,16,20,1030
Thu,2025-02-27,West Ham,Leicester,2–0,2024-2025,H,8,10,2,2,3,3,12,6,0,0,0,0,2025,2,27,2,0,26,15,1031
Sat,2025-03-08,Nott'm Forest,Man City,1–0,2024-2025,D,9,14,4,3,3,2,9,7,3,2,0,0,2025,3,8,1,0,21,18,1032
Sat,2025-03-08,Brighton,Fulham,2–1,2024-2025,D,9,6,4,1,3,7,6,12,0,2,0,0,2025,3,8,2,1,5,11,1033
Sat,2025-03-08,Crystal Palace,Ipswich,1–0,2024-2025,D,19,15,4,8,5,4,8,7,4,3,0,0,2025,3,8,1,0,9,13,1034
Sat,2025-03-08,Liverpool,Southampton,3–1,2024-2025,A,28,6,7,4,6,4,10,9,2,1,0,0,2025,3,8,3,1,16,23,1035
Sat,2025-03-08,Brentford,Aston Villa,0–1,2024-2025,D,13,12,3,4,6,5,10,5,2,2,0,0,2025,3,8,0,1,4,2,1036
Sat,2025-03-08,Wolves,Everton,1–1,2024-2025,D,11,12,3,4,5,5,11,16,2,2,0,0,2025,3,8,1,1,27,10,1037
Sun,2025-03-09,Chelsea,Leicester,1–0,2024-2025,D,20,3,7,3,12,2,12,13,1,0,0,0,2025,3,9,1,0,7,15,1038
Sun,2025-03-09,Tottenham,Bournemouth,2–2,2024-2025,A,12,17,4,8,3,6,15,16,3,3,0,0,2025,3,9,2,2,25,3,1039
Sun,2025-03-09,Man United,Arsenal,1–1,2024-2025,H,10,17,6,6,2,9,8,11,0,1,0,0,2025,3,9,1,1,19,1,1040
Mon,2025-03-10,West Ham,Newcastle,0–1,2024-2025,D,9,9,2,3,3,4,7,15,0,1,0,0,2025,3,10,0,1,26,20,1041
Sat,2025-03-15,Everton,West Ham,1–1,2024-2025,D,13,10,5,5,6,5,12,8,1,2,0,0,2025,3,15,1,1,10,26,1042
Sat,2025-03-15,Ipswich,Nott'm Forest,2–4,2024-2025,A,11,11,4,6,6,3,4,13,1,1,0,0,2025,3,15,2,4,13,21,1043
Sat,2025-03-15,Man City,Brighton,2–2,2024-2025,H,11,15,3,3,4,5,10,10,2,5,0,0,2025,3,15,2,2,18,5,1044
Sat,2025-03-15,Southampton,Wolves,1–2,2024-2025,A,10,5,3,3,5,1,12,13,0,0,0,0,2025,3,15,1,2,23,27,1045
Sat,2025-03-15,Bournemouth,Brentford,1–2,2024-2025,D,17,10,5,4,4,3,13,7,3,0,0,0,2025,3,15,1,2,3,4,1046
Sun,2025-03-16,Arsenal,Chelsea,1–0,2024-2025,H,12,8,4,2,5,4,10,13,3,3,0,0,2025,3,16,1,0,1,7,1047
Sun,2025-03-16,Fulham,Tottenham,2–0,2024-2025,D,13,12,4,4,6,5,13,10,0,0,0,0,2025,3,16,2,0,11,25,1048
Sun,2025-03-16,Leicester,Man United,0–3,2024-2025,A,11,18,3,5,6,4,6,6,2,0,0,0,2025,3,16,0,3,15,19,1049
Tue,2025-04-01,Arsenal,Fulham,2–1,2024-2025,H,17,9,4,3,5,4,2,10,1,2,0,0,2025,4,1,2,1,1,11,1050
Tue,2025-04-01,Wolves,West Ham,1–0,2024-2025,H,9,10,2,1,1,2,16,12,4,2,0,0,2025,4,1,1,0,27,26,1051
Tue,2025-04-01,Nott'm Forest,Man United,1–0,2024-2025,H,8,23,2,6,3,10,5,12,1,3,0,0,2025,4,1,1,0,21,19,1052
Wed,2025-04-02,Bournemouth,Ipswich,1–2,2024-2025,A,24,10,7,2,8,3,14,15,1,2,0,0,2025,4,2,1,2,3,13,1053
Wed,2025-04-02,Brighton,Aston Villa,0–3,2024-2025,D,11,8,4,5,4,0,16,11,1,3,0,0,2025,4,2,0,3,5,2,1054
Wed,2025-04-02,Man City,Leicester,2–0,2024-2025,H,18,2,5,0,5,0,11,8,1,4,0,0,2025,4,2,2,0,18,15,1055
Wed,2025-04-02,Newcastle,Brentford,2–1,2024-2025,H,21,12,4,3,4,5,12,12,1,1,0,0,2025,4,2,2,1,20,4,1056
Wed,2025-04-02,Southampton,Crystal Palace,1–1,2024-2025,H,8,9,2,3,2,2,14,9,2,1,0,0,2025,4,2,1,1,23,9,1057
Wed,2025-04-02,Liverpool,Everton,1–0,2024-2025,D,17,5,3,0,11,5,7,11,2,2,0,0,2025,4,2,1,0,16,10,1058
Thu,2025-04-03,Chelsea,Tottenham,1–0,2024-2025,D,11,8,5,2,4,6,7,16,5,5,0,0,2025,4,3,1,0,7,25,1059
Sat,2025-04-05,Everton,Arsenal,1–1,2024-2025,A,5,14,2,5,3,8,17,13,3,1,0,0,2025,4,5,1,1,10,1,1060
Sat,2025-04-05,Crystal Palace,Brighton,2–1,2024-2025,D,8,11,3,5,2,4,12,13,0,1,2,1,2025,4,5,2,1,9,5,1061
Sat,2025-04-05,Ipswich,Wolves,1–2,2024-2025,H,6,22,2,7,4,8,12,16,2,2,0,0,2025,4,5,1,2,13,27,1062
Sat,2025-04-05,West Ham,Bournemouth,2–2,2024-2025,A,9,11,3,4,4,7,13,13,2,2,0,0,2025,4,5,2,2,26,3,1063
Sat,2025-04-05,Aston Villa,Nott'm Forest,2–1,2024-2025,H,17,19,8,3,4,4,7,15,2,2,0,0,2025,4,5,2,1,2,21,1064
Sun,2025-04-06,Brentford,Chelsea,0–0,2024-2025,D,9,21,2,5,3,6,12,12,1,3,0,0,2025,4,6,0,0,4,7,1065
Sun,2025-04-06,Fulham,Liverpool,3–2,2024-2025,H,12,14,6,6,4,4,10,9,3,0,0,0,2025,4,6,3,2,11,16,1066
Sun,2025-04-06,Tottenham,Southampton,3–1,2024-2025,H,13,12,8,4,4,1,16,20,1,1,0,0,2025,4,6,3,1,25,23,1067
Sun,2025-04-06,Man United,Man City,0–0,2024-2025,D,13,9,2,5,5,3,13,9,3,2,0,0,2025,4,6,0,0,19,18,1068
Mon,2025-04-07,Leicester,Newcastle,0–3,2024-2025,A,7,16,2,5,12,2,8,9,2,0,0,0,2025,4,7,0,3,15,20,1069
Sat,2025-04-12,Man City,Crystal Palace,5–2,2024-2025,D,21,8,9,3,1,4,10,16,2,3,0,0,2025,4,12,5,2,18,9,1070
Sat,2025-04-12,Brighton,Leicester,2–2,2024-2025,D,21,15,7,6,3,6,9,11,2,5,0,0,2025,4,12,2,2,5,15,1071
Sat,2025-04-12,Nott'm Forest,Everton,0–1,2024-2025,D,10,13,5,5,1,7,9,13,0,3,0,0,2025,4,12,0,1,21,10,1072
Sat,2025-04-12,Southampton,Aston Villa,0–3,2024-2025,D,7,25,2,10,2,14,11,4,3,1,0,0,2025,4,12,0,3,23,2,1073
Sat,2025-04-12,Arsenal,Brentford,1–1,2024-2025,D,14,3,3,2,13,5,7,9,1,3,0,0,2025,4,12,1,1,1,4,1074
Sun,2025-04-13,Chelsea,Ipswich,2–2,2024-2025,A,34,13,9,4,15,4,11,7,2,2,0,0,2025,4,13,2,2,7,13,1075
Sun,2025-04-13,Liverpool,West Ham,2–1,2024-2025,H,15,11,6,4,10,3,15,8,0,2,0,0,2025,4,13,2,1,16,26,1076
Sun,2025-04-13,Wolves,Tottenham,4–2,2024-2025,H,13,11,5,4,1,4,12,15,1,2,0,0,2025,4,13,4,2,27,25,1077
Sun,2025-04-13,Newcastle,Man United,4–1,2024-2025,D,13,9,6,5,7,2,7,9,0,2,0,0,2025,4,13,4,1,20,19,1078
Mon,2025-04-14,Bournemouth,Fulham,1–0,2024-2025,H,12,12,3,7,6,9,11,10,3,2,0,0,2025,4,14,1,0,3,11,1079
Wed,2025-04-16,Newcastle,Crystal Palace,5–0,2024-2025,H,14,11,7,4,5,4,9,15,2,3,0,0,2025,4,16,5,0,20,9,1080
Sat,2025-04-19,Brentford,Brighton,4–2,2024-2025,D,16,12,8,3,4,8,7,11,3,3,0,1,2025,4,19,4,2,4,5,1081
Sat,2025-04-19,Crystal Palace,Bournemouth,0–0,2024-2025,D,5,15,0,4,5,4,13,10,3,4,1,0,2025,4,19,0,0,9,3,1082
Sat,2025-04-19,Everton,Man City,0–2,2024-2025,D,8,12,3,7,2,5,7,6,4,0,0,0,2025,4,19,0,2,10,18,1083
Sat,2025-04-19,West Ham,Southampton,1–1,2024-2025,D,12,15,4,4,2,5,14,13,2,1,0,0,2025,4,19,1,1,26,23,1084
Sat,2025-04-19,Aston Villa,Newcastle,4–1,2024-2025,D,23,10,9,3,7,7,9,12,1,3,0,0,2025,4,19,4,1,2,20,1085
Sun,2025-04-20,Fulham,Chelsea,1–2,2024-2025,H,6,13,1,8,6,4,13,9,1,3,0,0,2025,4,20,1,2,11,7,1086
Sun,2025-04-20,Ipswich,Arsenal,0–4,2024-2025,A,4,24,0,7,0,12,10,7,0,0,1,0,2025,4,20,0,4,13,1,1087
Sun,2025-04-20,Man United,Wolves,0–1,2024-2025,D,12,4,2,2,9,2,11,18,2,3,0,0,2025,4,20,0,1,19,27,1088
Sun,2025-04-20,Leicester,Liverpool,0–1,2024-2025,D,5,28,0,10,1,13,11,7,1,2,0,0,2025,4,20,0,1,15,16,1089
Mon,2025-04-21,Tottenham,Nott'm Forest,1–2,2024-2025,A,22,4,6,3,7,1,11,12,1,4,0,0,2025,4,21,1,2,25,21,1090
Tue,2025-04-22,Man City,Aston Villa,2–1,2024-2025,D,14,7,6,3,10,2,9,10,3,3,0,0,2025,4,22,2,1,18,2,1091
Wed,2025-04-23,Arsenal,Crystal Palace,2–2,2024-2025,H,12,15,6,4,3,6,4,6,1,1,0,0,2025,4,23,2,2,1,9,1092
Sat,2025-04-26,Chelsea,Everton,1–0,2024-2025,H,10,6,7,3,10,2,11,11,0,0,0,0,2025,4,26,1,0,7,10,1093
Sat,2025-04-26,Brighton,West Ham,3–2,2024-2025,H,16,12,9,4,8,1,7,9,1,1,0,0,2025,4,26,3,2,5,26,1094
Sat,2025-04-26,Newcastle,Ipswich,3–0,2024-2025,H,25,4,5,0,11,2,9,9,1,2,0,1,2025,4,26,3,0,20,13,1095
Sat,2025-04-26,Southampton,Fulham,1–2,2024-2025,H,7,26,3,5,0,13,10,12,1,1,0,0,2025,4,26,1,2,23,11,1096
Sat,2025-04-26,Wolves,Leicester,3–0,2024-2025,H,20,8,6,2,4,2,7,17,1,4,0,0,2025,4,26,3,0,27,15,1097
Sun,2025-04-27,Bournemouth,Man United,1–1,2024-2025,H,8,25,1,6,5,10,11,12,4,2,1,0,2025,4,27,1,1,3,19,1098
Sun,2025-04-27,Liverpool,Tottenham,5–1,2024-2025,H,25,8,8,3,8,2,16,9,2,1,0,0,2025,4,27,5,1,16,25,1099
Thu,2025-05-01,Nott'm Forest,Brentford,0–2,2024-2025,A,14,11,5,3,4,5,10,12,3,5,0,0,2025,5,1,0,2,21,4,1100
Fri,2025-05-02,Man City,Wolves,1–0,2024-2025,H,9,6,2,1,4,5,7,11,0,0,0,0,2025,5,2,1,0,18,27,1101
Sat,2025-05-03,Aston Villa,Fulham,1–0,2024-2025,H,10,11,3,3,5,3,6,17,0,5,0,0,2025,5,3,1,0,2,11,1102
Sat,2025-05-03,Everton,Ipswich,2–2,2024-2025,H,8,12,3,5,3,3,12,15,4,4,0,0,2025,5,3,2,2,10,13,1103
Sat,2025-05-03,Leicester,Southampton,2–0,2024-2025,H,14,8,4,2,7,7,12,13,1,3,0,0,2025,5,3,2,0,15,23,1104
Sat,2025-05-03,Arsenal,Bournemouth,1–2,2024-2025,H,13,9,4,2,2,3,7,16,0,2,0,0,2025,5,3,1,2,1,3,1105
Sun,2025-05-04,Brentford,Man United,4–3,2024-2025,H,12,14,6,5,7,4,8,10,0,2,0,0,2025,5,4,4,3,4,19,1106
Sun,2025-05-04,Brighton,Newcastle,1–1,2024-2025,H,5,13,2,5,1,4,15,10,2,1,0,0,2025,5,4,1,1,5,20,1107
Sun,2025-05-04,West Ham,Tottenham,1–1,2024-2025,D,11,7,2,2,1,3,18,15,2,2,0,0,2025,5,4,1,1,26,25,1108
Sun,2025-05-04,Chelsea,Liverpool,3–1,2024-2025,H,17,11,7,2,3,6,10,11,2,2,0,0,2025,5,4,3,1,7,16,1109
Mon,2025-05-05,Crystal Palace,Nott'm Forest,1–1,2024-2025,D,20,12,3,4,7,4,9,15,3,8,0,0,2025,5,5,1,1,9,21,1110
Sat,2025-05-10,Fulham,Everton,1–3,2024-2025,D,18,11,6,7,5,5,15,9,1,0,0,0,2025,5,10,1,3,11,10,1111
Sat,2025-05-10,Ipswich,Brentford,0–1,2024-2025,A,11,15,4,5,5,6,6,12,2,4,0,0,2025,5,10,0,1,13,4,1112
Sat,2025-05-10,Southampton,Man City,0–0,2024-2025,D,2,26,0,5,1,15,9,8,2,0,0,0,2025,5,10,0,0,23,18,1113
Sat,2025-05-10,Wolves,Brighton,0–2,2024-2025,A,10,7,3,2,7,4,8,12,1,1,0,0,2025,5,10,0,2,27,5,1114
Sat,2025-05-10,Bournemouth,Aston Villa,0–1,2024-2025,A,10,6,4,3,10,0,19,12,4,3,0,1,2025,5,10,0,1,3,2,1115
Sun,2025-05-11,Newcastle,Chelsea,2–0,2024-2025,H,15,10,6,3,2,8,9,13,4,2,0,1,2025,5,11,2,0,20,7,1116
Sun,2025-05-11,Man United,West Ham,0–2,2024-2025,A,20,9,5,4,8,5,3,13,0,1,0,0,2025,5,11,0,2,19,26,1117
Sun,2025-05-11,Nott'm Forest,Leicester,2–2,2024-2025,D,15,10,4,6,4,4,11,11,3,3,0,0,2025,5,11,2,2,21,15,1118
Sun,2025-05-11,Tottenham,Crystal Palace,0–2,2024-2025,A,8,23,1,10,4,8,12,10,1,1,0,0,2025,5,11,0,2,25,9,1119
Sun,2025-05-11,Liverpool,Arsenal,2–2,2024-2025,H,14,15,5,7,3,1,13,10,1,1,0,1,2025,5,11,2,2,16,1,1120
Fri,2025-05-16,Aston Villa,Tottenham,2–0,2024-2025,D,18,3,7,1,9,1,5,12,1,2,0,0,2025,5,16,2,0,2,25,1121
Fri,2025-05-16,Chelsea,Man United,1–0,2024-2025,D,11,4,3,1,7,2,10,14,1,6,0,0,2025,5,16,1,0,7,19,1122
Sun,2025-05-18,Everton,Southampton,2–0,2024-2025,H,13,6,5,2,4,5,6,10,1,1,0,0,2025,5,18,2,0,10,23,1123
Sun,2025-05-18,West Ham,Nott'm Forest,1–2,2024-2025,A,16,10,5,5,8,7,14,7,6,3,0,0,2025,5,18,1,2,26,21,1124
Sun,2025-05-18,Brentford,Fulham,2–3,2024-2025,H,11,16,6,7,5,3,12,8,4,4,0,0,2025,5,18,2,3,4,11,1125
Sun,2025-05-18,Leicester,Ipswich,2–0,2024-2025,H,9,20,3,2,2,2,15,12,1,0,0,0,2025,5,18,2,0,15,13,1126
Sun,2025-05-18,Arsenal,Newcastle,1–0,2024-2025,D,12,14,4,5,10,7,9,9,3,3,0,0,2025,5,18,1,0,1,20,1127
Mon,2025-05-19,Brighton,Liverpool,3–2,2024-2025,A,25,18,12,5,3,3,9,8,1,0,0,0,2025,5,19,3,2,5,16,1128
Tue,2025-05-20,Crystal Palace,Wolves,4–2,2024-2025,H,14,12,10,3,0,10,14,8,1,2,0,0,2025,5,20,4,2,9,27,1129
Tue,2025-05-20,Man City,Bournemouth,3–1,2024-2025,H,12,8,5,2,3,1,7,13,1,3,1,1,2025,5,20,3,1,18,3,1130
Sun,2025-05-25,Bournemouth,Leicester,2–0,2024-2025,D,20,3,7,0,6,1,19,16,0,2,0,0,2025,5,25,2,0,3,15,1131
Sun,2025-05-25,Fulham,Man City,0–2,2024-2025,A,13,20,3,5,1,6,11,5,0,0,0,0,2025,5,25,0,2,11,18,1132
Sun,2025-05-25,Ipswich,West Ham,1–3,2024-2025,A,14,10,4,6,4,0,10,9,1,1,0,0,2025,5,25,1,3,13,26,1133
Sun,2025-05-25,Liverpool,Crystal Palace,1–1,2024-2025,A,14,8,3,5,11,0,7,10,1,0,1,0,2025,5,25,1,1,16,9,1134
Sun,2025-05-25,Man United,Aston Villa,2–0,2024-2025,D,25,6,10,1,4,3,10,10,2,2,0,1,2025,5,25,2,0,19,2,1135
Sun,2025-05-25,Newcastle,Everton,0–1,2024-2025,D,17,14,6,6,12,3,12,9,1,4,0,0,2025,5,25,0,1,20,10,1136
Sun,2025-05-25,Nott'm Forest,Chelsea,0–1,2024-2025,D,10,6,2,2,7,4,10,11,2,2,0,0,2025,5,25,0,1,21,7,1137
Sun,2025-05-25,Southampton,Arsenal,1–2,2024-2025,A,7,23,2,8,5,8,7,8,0,0,0,0,2025,5,25,1,2,23,1,1138
Sun,2025-05-25,Tottenham,Brighton,1–4,2024-2025,H,4,23,2,8,2,11,13,8,3,1,0,0,2025,5,25,1,4,25,5,1139
Sun,2025-05-25,Wolves,Brentford,1–1,2024-2025,A,18,13,6,7,8,3,7,9,2,1,0,0,2025,5,25,1,1,27,4,1140
Fri,2025-08-15,Liverpool,Bournemouth,4–2,2025-2026,H,19,10,10,3,6,7,7,10,1,2,0,0,2025,8,15,4,2,16,3,1141
Sat,2025-08-16,Aston Villa,Newcastle,0–0,2025-2026,D,3,16,3,3,3,6,13,11,1,1,1,0,2025,8,16,0,0,2,20,1142
Sat,2025-08-16,Brighton,Fulham,1–1,2025-2026,D,10,7,4,2,4,3,16,15,3,3,0,0,2025,8,16,1,1,5,11,1143
Sat,2025-08-16,Sunderland,West Ham,3–0,2025-2026,D,10,12,5,4,5,7,8,10,0,1,0,0,2025,8,16,3,0,24,26,1144
Sat,2025-08-16,Tottenham,Burnley,3–0,2025-2026,H,16,14,6,4,6,5,14,8,0,0,0,0,2025,8,16,3,0,25,6,1145
Sat,2025-08-16,Wolves,Man City,0–4,2025-2026,A,9,15,3,4,4,6,13,7,1,2,0,0,2025,8,16,0,4,27,18,1146
Sun,2025-08-17,Chelsea,Crystal Palace,0–0,2025-2026,D,19,12,3,4,11,2,10,12,2,3,0,0,2025,8,17,0,0,7,9,1147
Sun,2025-08-17,Nott'm Forest,Brentford,3–1,2025-2026,H,11,10,5,3,5,5,7,15,1,2,0,0,2025,8,17,3,1,21,4,1148
Sun,2025-08-17,Man United,Arsenal,0–1,2025-2026,A,22,9,7,3,3,4,10,19,1,4,0,0,2025,8,17,0,1,19,1,1149
Mon,2025-08-18,Leeds,Everton,1–0,2025-2026,D,21,7,3,1,7,2,6,8,0,2,0,0,2025,8,18,1,0,14,10,1150
Fri,2025-08-22,West Ham,Chelsea,1–5,2025-2026,A,12,12,4,7,7,5,7,10,0,1,0,0,2025,8,22,1,5,26,7,1151
Sat,2025-08-23,Man City,Tottenham,0–2,2025-2026,A,10,12,4,5,7,2,7,12,1,4,0,0,2025,8,23,0,2,18,25,1152
Sat,2025-08-23,Bournemouth,Wolves,1–0,2025-2026,H,14,6,4,1,8,3,13,16,2,4,0,1,2025,8,23,1,0,3,27,1153
Sat,2025-08-23,Brentford,Aston Villa,1–0,2025-2026,H,9,17,2,2,2,9,11,9,1,2,0,0,2025,8,23,1,0,4,2,1154
Sat,2025-08-23,Burnley,Sunderland,2–0,2025-2026,D,7,9,2,1,4,3,9,5,0,1,0,0,2025,8,23,2,0,6,24,1155
Sat,2025-08-23,Arsenal,Leeds,5–0,2025-2026,H,18,3,5,1,2,2,8,11,0,2,0,0,2025,8,23,5,0,1,14,1156
Sun,2025-08-24,Crystal Palace,Nott'm Forest,1–1,2025-2026,H,8,9,4,1,1,3,11,11,3,3,0,0,2025,8,24,1,1,9,21,1157
Sun,2025-08-24,Everton,Brighton,2–0,2025-2026,H,11,13,3,4,2,2,7,15,4,3,0,0,2025,8,24,2,0,10,5,1158
Sun,2025-08-24,Fulham,Man United,1–1,2025-2026,D,13,10,4,3,9,6,12,10,1,1,0,0,2025,8,24,1,1,11,19,1159
Mon,2025-08-25,Newcastle,Liverpool,2–3,2025-2026,A,10,5,3,4,7,1,17,15,2,3,1,0,2025,8,25,2,3,20,16,1160
Sat,2025-08-30,Chelsea,Fulham,2–0,2025-2026,H,13,11,6,3,6,4,11,17,2,2,0,0,2025,8,30,2,0,7,11,1161
Sat,2025-08-30,Man United,Burnley,3–2,2025-2026,H,26,6,6,3,7,1,9,9,1,5,0,0,2025,8,30,3,2,19,6,1162
Sat,2025-08-30,Sunderland,Brentford,2–1,2025-2026,D,12,7,3,4,3,4,11,12,3,2,0,0,2025,8,30,2,1,24,4,1163
Sat,2025-08-30,Tottenham,Bournemouth,0–1,2025-2026,A,5,20,1,6,0,8,17,13,2,4,0,0,2025,8,30,0,1,25,3,1164
Sat,2025-08-30,Wolves,Everton,2–3,2025-2026,A,12,10,4,4,2,2,15,10,0,1,0,0,2025,8,30,2,3,27,10,1165
Sat,2025-08-30,Leeds,Newcastle,0–0,2025-2026,D,10,8,1,2,5,5,10,15,1,1,0,0,2025,8,30,0,0,14,20,1166
Sun,2025-08-31,Brighton,Man City,2–1,2025-2026,A,12,12,7,3,3,2,16,14,2,2,0,0,2025,8,31,2,1,5,18,1167
Sun,2025-08-31,Nott'm Forest,West Ham,0–3,2025-2026,D,11,12,3,8,9,7,14,6,0,0,0,0,2025,8,31,0,3,21,26,1168
Sun,2025-08-31,Liverpool,Arsenal,1–0,2025-2026,D,9,11,3,1,3,8,7,10,2,2,0,0,2025,8,31,1,0,16,1,1169
Sun,2025-08-31,Aston Villa,Crystal Palace,0–3,2025-2026,A,13,6,4,4,10,1,7,14,2,3,0,0,2025,8,31,0,3,2,9,1170
Sat,2025-09-13,Arsenal,Nott'm Forest,3–0,2025-2026,H,16,5,5,1,8,4,8,11,1,1,0,0,2025,9,13,3,0,1,21,1171
Sat,2025-09-13,Bournemouth,Brighton,2–1,2025-2026,H,13,6,5,2,4,4,16,10,4,4,0,0,2025,9,13,2,1,3,5,1172
Sat,2025-09-13,Crystal Palace,Sunderland,0–0,2025-2026,D,14,6,6,0,5,3,10,8,1,1,0,0,2025,9,13,0,0,9,24,1173
Sat,2025-09-13,Everton,Aston Villa,0–0,2025-2026,D,20,7,2,1,10,3,17,15,3,3,0,0,2025,9,13,0,0,10,2,1174
Sat,2025-09-13,Fulham,Leeds,1–0,2025-2026,D,5,10,3,3,3,3,20,15,1,2,0,0,2025,9,13,1,0,11,14,1175
Sat,2025-09-13,Newcastle,Wolves,1–0,2025-2026,H,16,8,4,3,10,4,10,17,1,4,0,0,2025,9,13,1,0,20,27,1176
Sat,2025-09-13,West Ham,Tottenham,0–3,2025-2026,D,7,14,4,5,2,13,8,7,0,1,1,0,2025,9,13,0,3,26,25,1177
Sat,2025-09-13,Brentford,Chelsea,2–2,2025-2026,H,7,16,4,6,5,6,13,9,3,2,0,0,2025,9,13,2,2,4,7,1178
Sun,2025-09-14,Burnley,Liverpool,0–1,2025-2026,D,3,27,0,4,1,13,9,9,0,2,0,0,2025,9,14,0,1,6,16,1179
Sun,2025-09-14,Man City,Man United,3–0,2025-2026,H,13,12,6,2,2,4,8,8,0,0,0,0,2025,9,14,3,0,18,19,1180
Sat,2025-09-20,Liverpool,Everton,2–1,2025-2026,H,11,9,3,2,5,4,11,10,2,3,0,0,2025,9,20,2,1,16,10,1181
Sat,2025-09-20,Brighton,Tottenham,2–2,2025-2026,H,12,11,4,3,2,10,10,13,1,2,0,0,2025,9,20,2,2,5,25,1182
Sat,2025-09-20,Burnley,Nott'm Forest,1–1,2025-2026,D,12,17,5,8,4,5,12,11,1,1,0,0,2025,9,20,1,1,6,21,1183
Sat,2025-09-20,West Ham,Crystal Palace,1–2,2025-2026,A,8,18,3,3,8,8,15,5,3,3,0,0,2025,9,20,1,2,26,9,1184
Sat,2025-09-20,Wolves,Leeds,1–3,2025-2026,A,16,6,6,4,4,0,11,9,1,1,0,0,2025,9,20,1,3,27,14,1185
Sat,2025-09-20,Man United,Chelsea,2–1,2025-2026,H,11,5,4,1,5,5,13,14,0,5,1,1,2025,9,20,2,1,19,7,1186
Sat,2025-09-20,Fulham,Brentford,3–1,2025-2026,H,14,8,3,3,2,10,11,13,4,1,0,0,2025,9,20,3,1,11,4,1187
Sun,2025-09-21,Bournemouth,Newcastle,0–0,2025-2026,D,11,4,2,1,5,2,7,10,2,1,0,0,2025,9,21,0,0,3,20,1188
Sun,2025-09-21,Sunderland,Aston Villa,1–1,2025-2026,D,14,12,4,2,6,5,14,8,2,1,1,0,2025,9,21,1,1,24,2,1189
Sun,2025-09-21,Arsenal,Man City,1–1,2025-2026,A,12,5,3,3,11,2,11,10,1,2,0,0,2025,9,21,1,1,1,18,1190
Sat,2025-09-27,Brentford,Man United,3–1,2025-2026,H,10,14,8,6,4,2,14,10,2,2,0,0,2025,9,27,3,1,4,19,1191
Sat,2025-09-27,Chelsea,Brighton,1–3,2025-2026,H,13,12,3,3,5,7,9,16,3,5,1,0,2025,9,27,1,3,7,5,1192
Sat,2025-09-27,Crystal Palace,Liverpool,2–1,2025-2026,H,16,20,7,4,2,6,10,8,1,3,0,0,2025,9,27,2,1,9,16,1193
Sat,2025-09-27,Leeds,Bournemouth,2–2,2025-2026,D,19,12,8,5,7,4,12,13,2,2,0,0,2025,9,27,2,2,14,3,1194
Sat,2025-09-27,Man City,Burnley,5–1,2025-2026,D,21,9,8,2,10,2,5,7,1,3,0,0,2025,9,27,5,1,18,6,1195
Sat,2025-09-27,Nott'm Forest,Sunderland,0–1,2025-2026,A,22,11,6,3,7,4,11,6,4,2,0,0,2025,9,27,0,1,21,24,1196
Sat,2025-09-27,Tottenham,Wolves,1–1,2025-2026,D,10,9,3,3,10,9,9,11,3,2,0,0,2025,9,27,1,1,25,27,1197
Sun,2025-09-28,Aston Villa,Fulham,3–1,2025-2026,D,9,11,4,4,2,8,10,13,1,4,0,0,2025,9,28,3,1,2,11,1198
Sun,2025-09-28,Newcastle,Arsenal,1–2,2025-2026,H,8,20,3,7,7,12,8,9,2,1,0,0,2025,9,28,1,2,20,1,1199
Mon,2025-09-29,Everton,West Ham,1–1,2025-2026,H,12,14,6,3,3,5,7,16,3,4,0,0,2025,9,29,1,1,10,26,1200
Fri,2025-10-03,Bournemouth,Fulham,3–1,2025-2026,D,11,12,6,4,4,3,8,10,0,1,0,0,2025,10,3,3,1,3,11,1201
Sat,2025-10-04,Leeds,Tottenham,1–2,2025-2026,D,16,9,4,3,4,1,10,12,2,3,0,0,2025,10,4,1,2,14,25,1202
Sat,2025-10-04,Arsenal,West Ham,2–0,2025-2026,H,21,4,5,0,8,3,14,14,0,2,0,0,2025,10,4,2,0,1,26,1203
Sat,2025-10-04,Man United,Sunderland,2–0,2025-2026,H,15,8,6,3,2,3,10,12,1,4,0,0,2025,10,4,2,0,19,24,1204
Sat,2025-10-04,Chelsea,Liverpool,2–1,2025-2026,H,12,12,6,2,7,2,9,8,0,2,0,0,2025,10,4,2,1,7,16,1205
Sun,2025-10-05,Aston Villa,Burnley,2–1,2025-2026,H,15,5,7,2,6,4,9,15,3,1,0,0,2025,10,5,2,1,2,6,1206
Sun,2025-10-05,Everton,Crystal Palace,2–1,2025-2026,A,14,15,7,8,2,4,13,16,2,3,0,0,2025,10,5,2,1,10,9,1207
Sun,2025-10-05,Newcastle,Nott'm Forest,2–0,2025-2026,D,18,5,9,4,8,1,16,15,0,4,0,0,2025,10,5,2,0,20,21,1208
Sun,2025-10-05,Wolves,Brighton,1–1,2025-2026,H,6,17,3,6,2,8,13,9,2,4,0,0,2025,10,5,1,1,27,5,1209
Sun,2025-10-05,Brentford,Man City,0–1,2025-2026,A,6,10,1,4,3,2,10,6,3,2,0,0,2025,10,5,0,1,4,18,1210
Sat,2025-10-18,Nott'm Forest,Chelsea,0–3,2025-2026,D,12,17,2,6,5,2,13,16,2,2,0,1,2025,10,18,0,3,21,7,1211
Sat,2025-10-18,Brighton,Newcastle,2–1,2025-2026,H,13,16,5,3,8,4,9,9,0,1,0,0,2025,10,18,2,1,5,20,1212
Sat,2025-10-18,Burnley,Leeds,2–0,2025-2026,H,4,19,3,4,1,5,10,7,2,1,0,0,2025,10,18,2,0,6,14,1213
Sat,2025-10-18,Crystal Palace,Bournemouth,3–3,2025-2026,A,20,8,7,5,6,5,8,16,1,4,0,0,2025,10,18,3,3,9,3,1214
Sat,2025-10-18,Man City,Everton,2–0,2025-2026,D,19,5,7,1,11,3,8,14,0,2,0,0,2025,10,18,2,0,18,10,1215
Sat,2025-10-18,Sunderland,Wolves,2–0,2025-2026,H,8,16,2,3,3,2,5,12,0,0,0,0,2025,10,18,2,0,24,27,1216
Sat,2025-10-18,Fulham,Arsenal,0–1,2025-2026,D,9,16,0,5,6,10,11,4,0,0,0,0,2025,10,18,0,1,11,1,1217
Sun,2025-10-19,Tottenham,Aston Villa,1–2,2025-2026,D,9,8,3,2,6,6,11,7,2,0,0,0,2025,10,19,1,2,25,2,1218
Sun,2025-10-19,Liverpool,Man United,1–2,2025-2026,A,19,12,6,4,9,4,8,14,0,2,0,0,2025,10,19,1,2,16,19,1219
Mon,2025-10-20,West Ham,Brentford,0–2,2025-2026,A,7,22,1,7,6,10,10,10,1,1,0,0,2025,10,20,0,2,26,4,1220
Fri,2025-10-24,Leeds,West Ham,2–1,2025-2026,H,13,9,5,3,3,4,12,11,3,3,0,0,2025,10,24,2,1,14,26,1221
Sat,2025-10-25,Chelsea,Sunderland,1–2,2025-2026,D,16,10,7,4,9,1,15,13,1,1,0,0,2025,10,25,1,2,7,24,1222
Sat,2025-10-25,Newcastle,Fulham,2–1,2025-2026,H,18,12,7,5,4,3,11,18,0,2,0,0,2025,10,25,2,1,20,11,1223
Sat,2025-10-25,Man United,Brighton,4–2,2025-2026,H,13,17,9,5,1,6,4,13,2,2,0,0,2025,10,25,4,2,19,5,1224
Sat,2025-10-25,Brentford,Liverpool,3–2,2025-2026,H,17,18,8,5,5,4,7,10,3,2,0,0,2025,10,25,3,2,4,16,1225
Sun,2025-10-26,Arsenal,Crystal Palace,1–0,2025-2026,H,10,7,3,1,4,3,6,11,0,0,0,0,2025,10,26,1,0,1,9,1226
Sun,2025-10-26,Aston Villa,Man City,1–0,2025-2026,H,9,18,3,4,5,6,8,16,1,4,0,0,2025,10,26,1,0,2,18,1227
Sun,2025-10-26,Bournemouth,Nott'm Forest,2–0,2025-2026,H,13,8,5,4,6,4,17,7,3,1,0,0,2025,10,26,2,0,3,21,1228
Sun,2025-10-26,Wolves,Burnley,2–3,2025-2026,D,15,11,7,7,5,3,12,7,1,0,0,0,2025,10,26,2,3,27,6,1229
Sun,2025-10-26,Everton,Tottenham,0–3,2025-2026,A,12,7,2,4,9,8,9,8,2,0,0,0,2025,10,26,0,3,10,25,1230
Sat,2025-11-01,Brighton,Leeds,3–0,2025-2026,H,14,5,7,2,4,7,10,7,0,1,0,0,2025,11,1,3,0,5,14,1231
Sat,2025-11-01,Burnley,Arsenal,0–2,2025-2026,A,3,12,0,8,1,6,10,13,2,1,0,0,2025,11,1,0,2,6,1,1232
Sat,2025-11-01,Crystal Palace,Brentford,2–0,2025-2026,H,9,6,2,2,6,5,7,11,0,3,0,0,2025,11,1,2,0,9,4,1233
Sat,2025-11-01,Fulham,Wolves,3–0,2025-2026,H,19,5,6,2,10,1,13,14,1,3,0,1,2025,11,1,3,0,11,27,1234
Sat,2025-11-01,Nott'm Forest,Man United,2–2,2025-2026,A,17,18,3,7,8,5,10,7,1,1,0,0,2025,11,1,2,2,21,19,1235
Sat,2025-11-01,Tottenham,Chelsea,0–1,2025-2026,A,3,15,1,9,6,5,14,12,4,2,0,0,2025,11,1,0,1,25,7,1236
Sat,2025-11-01,Liverpool,Aston Villa,2–0,2025-2026,H,16,10,4,3,1,4,13,11,2,3,0,0,2025,11,1,2,0,16,2,1237
Sun,2025-11-02,West Ham,Newcastle,3–1,2025-2026,H,15,12,9,4,7,6,5,10,1,2,0,0,2025,11,2,3,1,26,20,1238
Sun,2025-11-02,Man City,Bournemouth,3–1,2025-2026,H,15,8,8,5,10,4,8,11,2,2,0,0,2025,11,2,3,1,18,3,1239
Mon,2025-11-03,Sunderland,Everton,1–1,2025-2026,A,17,8,3,2,4,1,10,12,3,2,0,0,2025,11,3,1,1,24,10,1240
Sat,2025-11-08,Tottenham,Man United,2–2,2025-2026,A,10,5,4,2,5,3,10,8,5,1,0,0,2025,11,8,2,2,25,19,1241
Sat,2025-11-08,Everton,Fulham,2–0,2025-2026,H,14,8,5,4,7,5,11,14,2,2,0,0,2025,11,8,2,0,10,11,1242
Sat,2025-11-08,West Ham,Burnley,3–2,2025-2026,D,15,16,6,7,7,4,15,13,2,2,0,0,2025,11,8,3,2,26,6,1243
Sat,2025-11-08,Sunderland,Arsenal,2–2,2025-2026,H,6,17,2,7,2,2,13,13,2,1,0,0,2025,11,8,2,2,24,1,1244
Sat,2025-11-08,Chelsea,Wolves,3–0,2025-2026,D,20,3,8,0,10,1,12,14,1,2,0,0,2025,11,8,3,0,7,27,1245
Sun,2025-11-09,Aston Villa,Bournemouth,4–0,2025-2026,H,16,13,8,4,6,9,8,20,2,2,0,0,2025,11,9,4,0,2,3,1246
Sun,2025-11-09,Brentford,Newcastle,3–1,2025-2026,A,15,5,7,1,6,2,10,13,2,1,0,0,2025,11,9,3,1,4,20,1247
Sun,2025-11-09,Crystal Palace,Brighton,0–0,2025-2026,D,10,7,2,3,4,8,10,12,1,4,0,0,2025,11,9,0,0,9,5,1248
Sun,2025-11-09,Nott'm Forest,Leeds,3–1,2025-2026,D,14,10,6,3,6,4,10,11,2,1,0,0,2025,11,9,3,1,21,14,1249
Sun,2025-11-09,Man City,Liverpool,3–0,2025-2026,H,14,7,6,1,7,7,14,15,2,4,0,0,2025,11,9,3,0,18,16,1250
Sat,2025-11-22,Burnley,Chelsea,0–2,2025-2026,A,8,15,2,5,1,9,13,8,2,3,0,0,2025,11,22,0,2,6,7,1251
Sat,2025-11-22,Bournemouth,West Ham,2–2,2025-2026,A,28,5,10,2,9,2,9,10,3,2,0,0,2025,11,22,2,2,3,26,1252
Sat,2025-11-22,Brighton,Brentford,2–1,2025-2026,A,14,10,5,4,7,4,10,9,4,2,0,0,2025,11,22,2,1,5,4,1253
Sat,2025-11-22,Fulham,Sunderland,1–0,2025-2026,D,24,4,6,2,7,4,5,13,3,3,0,0,2025,11,22,1,0,11,24,1254
Sat,2025-11-22,Liverpool,Nott'm Forest,0–3,2025-2026,A,21,15,4,7,8,6,11,8,2,0,0,0,2025,11,22,0,3,16,21,1255
Sat,2025-11-22,Wolves,Crystal Palace,0–2,2025-2026,D,8,10,1,4,1,4,13,9,2,3,0,0,2025,11,22,0,2,27,9,1256
Sat,2025-11-22,Newcastle,Man City,2–1,2025-2026,D,9,17,5,4,5,9,13,8,1,3,0,0,2025,11,22,2,1,20,18,1257
Sun,2025-11-23,Leeds,Aston Villa,1–2,2025-2026,H,14,14,5,3,3,3,18,16,5,1,0,0,2025,11,23,1,2,14,2,1258
Sun,2025-11-23,Arsenal,Tottenham,4–1,2025-2026,H,17,3,8,2,4,1,11,15,1,3,0,0,2025,11,23,4,1,1,25,1259
Mon,2025-11-24,Man United,Everton,0–1,2025-2026,A,25,3,6,1,9,1,12,9,2,0,0,1,2025,11,24,0,1,19,10,1260
Sat,2025-11-29,Brentford,Burnley,3–1,2025-2026,D,14,6,4,2,5,6,7,7,0,2,0,0,2025,11,29,3,1,4,6,1261
Sat,2025-11-29,Man City,Leeds,3–2,2025-2026,H,18,9,9,4,8,1,17,11,4,1,0,0,2025,11,29,3,2,18,14,1262
Sat,2025-11-29,Sunderland,Bournemouth,3–2,2025-2026,A,12,18,6,6,6,3,14,13,5,5,0,1,2025,11,29,3,2,24,3,1263
Sat,2025-11-29,Everton,Newcastle,1–4,2025-2026,A,10,13,2,8,8,7,4,6,0,0,0,0,2025,11,29,1,4,10,20,1264
Sat,2025-11-29,Tottenham,Fulham,1–2,2025-2026,A,14,7,2,3,8,2,11,7,3,2,0,0,2025,11,29,1,2,25,11,1265
Sun,2025-11-30,Crystal Palace,Man United,1–2,2025-2026,H,14,14,3,6,4,4,14,14,3,2,0,0,2025,11,30,1,2,9,19,1266
Sun,2025-11-30,Aston Villa,Wolves,1–0,2025-2026,D,16,9,6,4,7,3,13,21,0,4,0,0,2025,11,30,1,0,2,27,1267
Sun,2025-11-30,Nott'm Forest,Brighton,0–2,2025-2026,A,19,17,3,6,9,2,11,10,0,1,0,0,2025,11,30,0,2,21,5,1268
Sun,2025-11-30,West Ham,Liverpool,0–2,2025-2026,D,7,9,0,5,7,2,12,14,1,0,1,0,2025,11,30,0,2,26,16,1269
Sun,2025-11-30,Chelsea,Arsenal,1–1,2025-2026,D,11,8,4,4,3,3,12,13,1,6,1,0,2025,11,30,1,1,7,1,1270
Tue,2025-12-02,Bournemouth,Everton,0–1,2025-2026,D,5,13,2,3,1,6,14,14,3,3,0,0,2025,12,2,0,1,3,10,1271
Tue,2025-12-02,Fulham,Man City,4–5,2025-2026,A,12,11,6,4,7,2,9,7,0,1,0,0,2025,12,2,4,5,11,18,1272
Tue,2025-12-02,Newcastle,Tottenham,2–2,2025-2026,D,19,8,7,2,11,8,5,12,0,3,0,0,2025,12,2,2,2,20,25,1273
Wed,2025-12-03,Arsenal,Brentford,2–0,2025-2026,H,15,6,7,1,4,8,7,9,0,1,0,0,2025,12,3,2,0,1,4,1274
Wed,2025-12-03,Brighton,Aston Villa,3–4,2025-2026,D,16,14,7,10,5,6,10,9,2,2,0,0,2025,12,3,3,4,5,2,1275
Wed,2025-12-03,Burnley,Crystal Palace,0–1,2025-2026,A,11,3,4,3,3,4,9,8,0,0,0,0,2025,12,3,0,1,6,9,1276
Wed,2025-12-03,Wolves,Nott'm Forest,0–1,2025-2026,D,5,10,1,3,3,9,19,11,2,2,0,0,2025,12,3,0,1,27,21,1277
Wed,2025-12-03,Leeds,Chelsea,3–1,2025-2026,H,17,14,5,2,4,2,10,13,1,1,0,0,2025,12,3,3,1,14,7,1278
Wed,2025-12-03,Liverpool,Sunderland,1–1,2025-2026,D,23,9,4,6,7,3,10,5,1,1,0,0,2025,12,3,1,1,16,24,1279
Thu,2025-12-04,Man United,West Ham,1–1,2025-2026,D,17,11,4,3,6,6,13,9,2,2,0,0,2025,12,4,1,1,19,26,1280
Sat,2025-12-06,Aston Villa,Arsenal,2–1,2025-2026,H,15,15,6,9,3,3,10,8,0,2,0,0,2025,12,6,2,1,2,1,1281
Sat,2025-12-06,Bournemouth,Chelsea,0–0,2025-2026,D,13,11,5,4,5,0,15,13,0,2,0,0,2025,12,6,0,0,3,7,1282
Sat,2025-12-06,Everton,Nott'm Forest,3–0,2025-2026,H,11,7,5,3,6,3,17,15,4,3,0,0,2025,12,6,3,0,10,21,1283
Sat,2025-12-06,Man City,Sunderland,3–0,2025-2026,H,18,8,6,1,6,5,9,10,1,0,0,1,2025,12,6,3,0,18,24,1284
Sat,2025-12-06,Newcastle,Burnley,2–1,2025-2026,H,17,9,7,3,9,9,9,11,2,2,0,1,2025,12,6,2,1,20,6,1285
Sat,2025-12-06,Tottenham,Brentford,2–0,2025-2026,H,15,4,7,1,7,6,8,9,3,4,0,0,2025,12,6,2,0,25,4,1286
Sat,2025-12-06,Leeds,Liverpool,3–3,2025-2026,D,12,16,5,7,5,4,14,14,3,3,0,0,2025,12,6,3,3,14,16,1287
Sun,2025-12-07,Brighton,West Ham,1–1,2025-2026,D,22,14,4,5,10,6,12,8,2,2,0,0,2025,12,7,1,1,5,26,1288
Sun,2025-12-07,Fulham,Crystal Palace,1–2,2025-2026,D,12,11,4,5,6,4,5,8,0,0,0,0,2025,12,7,1,2,11,9,1289
Mon,2025-12-08,Wolves,Man United,1–4,2025-2026,D,8,27,2,10,1,9,17,12,3,2,0,0,2025,12,8,1,4,27,19,1290
Sat,2025-12-13,Chelsea,Everton,2–0,2025-2026,H,17,11,5,2,4,7,13,11,1,0,0,0,2025,12,13,2,0,7,10,1291
Sat,2025-12-13,Liverpool,Brighton,2–0,2025-2026,H,18,14,4,1,2,2,8,15,1,2,0,0,2025,12,13,2,0,16,5,1292
Sat,2025-12-13,Burnley,Fulham,2–3,2025-2026,A,16,6,8,4,10,4,8,8,1,2,0,0,2025,12,13,2,3,6,11,1293
Sat,2025-12-13,Arsenal,Wolves,2–1,2025-2026,D,16,3,2,2,8,0,7,15,0,4,0,0,2025,12,13,2,1,1,27,1294
Sun,2025-12-14,Crystal Palace,Man City,0–3,2025-2026,A,16,7,4,6,2,2,9,6,2,0,0,0,2025,12,14,0,3,9,18,1295
Sun,2025-12-14,Nott'm Forest,Tottenham,3–0,2025-2026,H,15,6,6,1,3,3,9,13,1,3,0,0,2025,12,14,3,0,21,25,1296
Sun,2025-12-14,Sunderland,Newcastle,1–0,2025-2026,D,5,6,1,2,3,6,10,10,5,4,0,0,2025,12,14,1,0,24,20,1297
Sun,2025-12-14,West Ham,Aston Villa,2–3,2025-2026,H,10,7,3,4,5,3,18,13,1,2,0,0,2025,12,14,2,3,26,2,1298
Sun,2025-12-14,Brentford,Leeds,1–1,2025-2026,D,7,18,2,4,0,3,8,9,0,0,0,0,2025,12,14,1,1,4,14,1299
Mon,2025-12-15,Man United,Bournemouth,4–4,2025-2026,H,25,14,9,9,5,4,15,12,2,3,0,0,2025,12,15,4,4,19,3,1300
Sat,2025-12-20,Newcastle,Chelsea,2–2,2025-2026,H,11,13,5,4,6,4,13,14,3,6,0,0,2025,12,20,2,2,20,7,1301
Sat,2025-12-20,Bournemouth,Burnley,1–1,2025-2026,D,16,4,1,1,5,3,11,11,1,1,0,0,2025,12,20,1,1,3,6,1302
Sat,2025-12-20,Brighton,Sunderland,0–0,2025-2026,D,16,14,4,6,3,4,11,15,2,2,0,0,2025,12,20,0,0,5,24,1303
Sat,2025-12-20,Man City,West Ham,3–0,2025-2026,H,17,7,8,3,6,0,16,10,1,1,0,0,2025,12,20,3,0,18,26,1304
Sat,2025-12-20,Wolves,Brentford,0–2,2025-2026,D,9,7,2,6,3,4,12,15,2,4,0,0,2025,12,20,0,2,27,4,1305
Sat,2025-12-20,Tottenham,Liverpool,1–2,2025-2026,D,15,8,4,4,2,6,9,7,3,3,2,0,2025,12,20,1,2,25,16,1306
Sat,2025-12-20,Everton,Arsenal,0–1,2025-2026,A,5,13,1,2,2,3,4,5,2,2,0,0,2025,12,20,0,1,10,1,1307
Sat,2025-12-20,Leeds,Crystal Palace,4–1,2025-2026,H,20,9,8,3,9,5,5,10,1,3,0,0,2025,12,20,4,1,14,9,1308
Sun,2025-12-21,Aston Villa,Man United,2–1,2025-2026,D,12,15,4,6,5,5,11,14,1,2,0,0,2025,12,21,2,1,2,19,1309
Mon,2025-12-22,Fulham,Nott'm Forest,1–0,2025-2026,H,11,12,1,2,1,5,5,9,5,4,0,0,2025,12,22,1,0,11,21,1310
Fri,2025-12-26,Man United,Newcastle,1–0,2025-2026,H,10,16,4,3,2,11,9,5,2,1,0,0,2025,12,26,1,0,19,20,1311
Sat,2025-12-27,Nott'm Forest,Man City,1–2,2025-2026,D,7,16,2,5,5,5,5,13,1,2,0,0,2025,12,27,1,2,21,18,1312
Sat,2025-12-27,Arsenal,Brighton,2–1,2025-2026,H,24,8,6,3,7,2,7,13,2,3,0,0,2025,12,27,2,1,1,5,1313
Sat,2025-12-27,Brentford,Bournemouth,4–1,2025-2026,H,15,20,7,10,2,15,9,8,2,2,0,0,2025,12,27,4,1,4,3,1314
Sat,2025-12-27,Burnley,Everton,0–0,2025-2026,D,16,15,0,6,6,5,8,8,0,2,0,0,2025,12,27,0,0,6,10,1315
Sat,2025-12-27,Liverpool,Wolves,2–1,2025-2026,H,14,9,4,4,6,4,5,13,0,1,0,0,2025,12,27,2,1,16,27,1316
Sat,2025-12-27,West Ham,Fulham,0–1,2025-2026,D,11,15,2,4,5,4,8,8,1,3,0,0,2025,12,27,0,1,26,11,1317
Sat,2025-12-27,Chelsea,Aston Villa,1–2,2025-2026,H,14,11,3,8,6,7,16,8,5,3,0,0,2025,12,27,1,2,7,2,1318
Sun,2025-12-28,Sunderland,Leeds,1–1,2025-2026,H,8,17,3,6,3,9,7,9,1,0,0,0,2025,12,28,1,1,24,14,1319
Sun,2025-12-28,Crystal Palace,Tottenham,0–1,2025-2026,A,15,8,2,4,3,2,7,5,3,2,0,0,2025,12,28,0,1,9,25,1320
Tue,2025-12-30,Burnley,Newcastle,1–3,2025-2026,A,15,20,4,9,3,4,9,3,2,1,0,0,2025,12,30,1,3,6,20,1321
Tue,2025-12-30,Chelsea,Bournemouth,2–2,2025-2026,D,17,17,3,6,12,3,5,12,1,1,0,0,2025,12,30,2,2,7,3,1322
Tue,2025-12-30,Nott'm Forest,Everton,0–2,2025-2026,A,21,11,6,3,9,2,11,9,1,0,0,0,2025,12,30,0,2,21,10,1323
Tue,2025-12-30,West Ham,Brighton,2–2,2025-2026,H,10,16,4,6,5,5,11,18,3,5,0,0,2025,12,30,2,2,26,5,1324
Tue,2025-12-30,Arsenal,Aston Villa,4–1,2025-2026,D,22,11,7,3,3,3,18,9,2,3,0,0,2025,12,30,4,1,1,2,1325
Tue,2025-12-30,Man United,Wolves,1–1,2025-2026,D,15,11,6,4,8,4,9,12,0,2,0,0,2025,12,30,1,1,19,27,1326
Thu,2026-01-01,Crystal Palace,Fulham,1–1,2025-2026,H,11,17,2,5,6,3,7,10,0,5,0,0,2026,1,1,1,1,9,11,1327
Thu,2026-01-01,Liverpool,Leeds,0–0,2025-2026,D,19,4,4,2,8,3,10,8,0,2,0,0,2026,1,1,0,0,16,14,1328
Thu,2026-01-01,Brentford,Tottenham,0–0,2025-2026,D,7,9,2,3,3,1,8,10,1,2,0,0,2026,1,1,0,0,4,25,1329
Thu,2026-01-01,Sunderland,Man City,0–0,2025-2026,D,10,14,4,4,3,5,9,6,1,1,0,0,2026,1,1,0,0,24,18,1330
Sat,2026-01-03,Aston Villa,Nott'm Forest,3–1,2025-2026,H,11,10,4,5,4,4,10,20,1,2,0,0,2026,1,3,3,1,2,21,1331
Sat,2026-01-03,Brighton,Burnley,2–0,2025-2026,H,15,5,4,3,4,4,7,17,0,4,0,0,2026,1,3,2,0,5,6,1332
Sat,2026-01-03,Wolves,West Ham,3–0,2025-2026,H,11,6,8,0,6,7,11,10,1,0,0,0,2026,1,3,3,0,27,26,1333
Sat,2026-01-03,Bournemouth,Arsenal,2–3,2025-2026,D,15,12,3,5,7,5,13,8,3,1,0,0,2026,1,3,2,3,3,1,1334
Sun,2026-01-04,Leeds,Man United,1–1,2025-2026,D,11,15,3,2,6,4,9,9,0,1,0,0,2026,1,4,1,1,14,19,1335
Sun,2026-01-04,Everton,Brentford,2–4,2025-2026,A,14,11,6,7,4,5,9,8,0,2,0,0,2026,1,4,2,4,10,4,1336
Sun,2026-01-04,Newcastle,Crystal Palace,2–0,2025-2026,D,12,11,7,1,8,6,5,12,1,3,0,0,2026,1,4,2,0,20,9,1337
Sun,2026-01-04,Tottenham,Sunderland,1–1,2025-2026,H,13,10,5,3,3,5,10,6,2,3,0,0,2026,1,4,1,1,25,24,1338
Sun,2026-01-04,Fulham,Liverpool,2–2,2025-2026,H,8,10,2,2,3,8,11,4,1,1,0,0,2026,1,4,2,2,11,16,1339
Sun,2026-01-04,Man City,Chelsea,1–1,2025-2026,H,14,8,3,3,8,2,12,14,3,3,0,0,2026,1,4,1,1,18,7,1340
Tue,2026-01-06,West Ham,Nott'm Forest,1–2,2025-2026,H,14,13,3,5,6,5,15,9,3,0,0,0,2026,1,6,1,2,26,21,1341
Wed,2026-01-07,Bournemouth,Tottenham,3–2,2025-2026,H,11,16,3,4,3,7,19,10,3,3,0,0,2026,1,7,3,2,3,25,1342
Wed,2026-01-07,Brentford,Sunderland,3–0,2025-2026,H,18,11,6,3,7,4,13,13,2,1,0,0,2026,1,7,3,0,4,24,1343
Wed,2026-01-07,Crystal Palace,Aston Villa,0–0,2025-2026,D,11,15,5,3,3,5,8,3,2,0,0,0,2026,1,7,0,0,9,2,1344
Wed,2026-01-07,Everton,Wolves,1–1,2025-2026,H,13,13,2,4,2,7,13,15,1,3,2,0,2026,1,7,1,1,10,27,1345
Wed,2026-01-07,Fulham,Chelsea,2–1,2025-2026,D,16,14,5,6,2,11,11,6,3,3,0,1,2026,1,7,2,1,11,7,1346
Wed,2026-01-07,Man City,Brighton,1–1,2025-2026,H,22,6,6,3,6,2,6,16,1,6,0,0,2026,1,7,1,1,18,5,1347
Wed,2026-01-07,Burnley,Man United,2–2,2025-2026,H,7,30,1,10,2,6,9,8,2,0,0,0,2026,1,7,2,2,6,19,1348
Wed,2026-01-07,Newcastle,Leeds,4–3,2025-2026,A,18,14,8,6,8,4,11,10,3,2,0,0,2026,1,7,4,3,20,14,1349
Thu,2026-01-08,Arsenal,Liverpool,0–0,2025-2026,D,9,8,4,0,3,0,10,9,2,2,0,0,2026,1,8,0,0,1,16,1350
Sat,2026-01-17,Man United,Man City,2–0,2025-2026,D,11,7,7,1,1,6,13,8,2,3,0,0,2026,1,17,2,0,19,18,1351
Sat,2026-01-17,Chelsea,Brentford,2–0,2025-2026,H,6,15,2,5,3,9,7,10,3,2,0,0,2026,1,17,2,0,7,4,1352
Sat,2026-01-17,Leeds,Fulham,1–0,2025-2026,D,14,8,5,1,7,3,6,11,1,5,0,0,2026,1,17,1,0,14,11,1353
Sat,2026-01-17,Liverpool,Burnley,1–1,2025-2026,H,32,7,11,1,9,1,8,10,1,2,0,0,2026,1,17,1,1,16,6,1354
Sat,2026-01-17,Sunderland,Crystal Palace,2–1,2025-2026,D,13,6,7,2,3,4,8,15,3,3,0,0,2026,1,17,2,1,24,9,1355
Sat,2026-01-17,Tottenham,West Ham,1–2,2025-2026,A,21,17,6,4,11,5,12,17,5,3,0,0,2026,1,17,1,2,25,26,1356
Sat,2026-01-17,Nott'm Forest,Arsenal,0–0,2025-2026,D,6,15,0,3,4,9,8,14,1,1,0,0,2026,1,17,0,0,21,1,1357
Sun,2026-01-18,Wolves,Newcastle,0–0,2025-2026,D,6,12,2,2,4,7,14,8,2,2,0,0,2026,1,18,0,0,27,20,1358
Sun,2026-01-18,Aston Villa,Everton,0–1,2025-2026,D,18,9,5,3,6,4,15,13,1,2,0,0,2026,1,18,0,1,2,10,1359
Mon,2026-01-19,Brighton,Bournemouth,1–1,2025-2026,A,17,11,5,2,11,6,7,6,2,3,0,0,2026,1,19,1,1,5,3,1360
Sat,2026-01-24,West Ham,Sunderland,3–1,2025-2026,H,13,7,5,2,3,3,9,16,2,4,0,0,2026,1,24,3,1,26,24,1361
Sat,2026-01-24,Burnley,Tottenham,2–2,2025-2026,D,9,18,4,11,1,3,8,9,1,0,0,0,2026,1,24,2,2,6,25,1362
Sat,2026-01-24,Fulham,Brighton,2–1,2025-2026,A,12,13,4,5,6,6,10,6,1,1,0,0,2026,1,24,2,1,11,5,1363
Sat,2026-01-24,Man City,Wolves,2–0,2025-2026,H,11,11,4,1,4,6,16,14,1,3,0,0,2026,1,24,2,0,18,27,1364
Sat,2026-01-24,Bournemouth,Liverpool,3–2,2025-2026,H,12,14,5,4,3,11,7,7,1,1,0,0,2026,1,24,3,2,3,16,1365
Sun,2026-01-25,Brentford,Nott'm Forest,0–2,2025-2026,A,10,7,1,2,6,5,11,10,1,0,0,0,2026,1,25,0,2,4,21,1366
Sun,2026-01-25,Crystal Palace,Chelsea,1–3,2025-2026,A,13,10,7,6,4,5,11,10,2,2,1,0,2026,1,25,1,3,9,7,1367
Sun,2026-01-25,Newcastle,Aston Villa,0–2,2025-2026,A,15,14,4,8,6,5,7,12,1,2,0,0,2026,1,25,0,2,20,2,1368
Sun,2026-01-25,Arsenal,Man United,2–3,2025-2026,D,15,10,4,3,9,2,11,9,2,0,0,0,2026,1,25,2,3,1,19,1369
Mon,2026-01-26,Everton,Leeds,1–1,2025-2026,A,10,14,3,4,4,4,9,13,0,3,0,0,2026,1,26,1,1,10,14,1370
Sat,2026-01-31,Brighton,Everton,1–1,2025-2026,D,11,7,2,4,5,2,13,14,1,2,0,0,2026,1,31,1,1,5,10,1371
Sat,2026-01-31,Leeds,Arsenal,0–4,2025-2026,A,3,14,1,8,4,12,10,7,1,1,0,0,2026,1,31,0,4,14,1,1372
Sat,2026-01-31,Wolves,Bournemouth,0–2,2025-2026,A,17,9,7,4,5,6,11,15,3,3,0,0,2026,1,31,0,2,27,3,1373
Sat,2026-01-31,Chelsea,West Ham,3–2,2025-2026,A,14,11,6,6,9,3,11,13,3,2,0,1,2026,1,31,3,2,7,26,1374
Sat,2026-01-31,Liverpool,Newcastle,4–1,2025-2026,H,17,8,7,2,7,11,11,7,1,3,0,0,2026,1,31,4,1,16,20,1375
Sun,2026-02-01,Aston Villa,Brentford,0–1,2025-2026,A,27,6,5,2,12,1,8,8,0,3,0,0,2026,2,1,0,1,2,4,1376
Sun,2026-02-01,Man United,Fulham,3–2,2025-2026,H,13,14,6,6,3,7,6,9,2,1,0,0,2026,2,1,3,2,19,11,1377
Sun,2026-02-01,Nott'm Forest,Crystal Palace,1–1,2025-2026,D,9,14,1,3,5,7,4,12,1,3,0,0,2026,2,1,1,1,21,9,1378
Sun,2026-02-01,Tottenham,Man City,2–2,2025-2026,A,12,15,6,3,3,4,15,12,3,3,0,0,2026,2,1,2,2,25,18,1379
Mon,2026-02-02,Sunderland,Burnley,3–0,2025-2026,H,14,5,5,0,1,2,12,10,1,4,0,0,2026,2,2,3,0,24,6,1380
Fri,2026-02-06,Leeds,Nott'm Forest,3–1,2025-2026,H,14,16,5,6,5,10,9,12,1,1,0,0,2026,2,6,3,1,14,21,1381
Sat,2026-02-07,Man United,Tottenham,2–0,2025-2026,H,23,7,10,1,7,0,12,11,1,2,0,1,2026,2,7,2,0,19,25,1382
Sat,2026-02-07,Arsenal,Sunderland,3–0,2025-2026,H,16,5,5,3,5,2,11,8,1,2,0,0,2026,2,7,3,0,1,24,1383
Sat,2026-02-07,Bournemouth,Aston Villa,1–1,2025-2026,A,20,7,9,4,11,4,4,11,1,1,0,0,2026,2,7,1,1,3,2,1384
Sat,2026-02-07,Burnley,West Ham,0–2,2025-2026,A,18,6,5,4,5,2,11,10,3,1,0,0,2026,2,7,0,2,6,26,1385
Sat,2026-02-07,Fulham,Everton,1–2,2025-2026,H,13,16,3,3,6,6,11,12,1,5,0,0,2026,2,7,1,2,11,10,1386
Sat,2026-02-07,Wolves,Chelsea,1–3,2025-2026,A,11,15,3,6,3,4,9,10,1,1,0,0,2026,2,7,1,3,27,7,1387
Sat,2026-02-07,Newcastle,Brentford,2–3,2025-2026,A,16,11,4,5,9,3,14,18,2,2,0,0,2026,2,7,2,3,20,4,1388
Sun,2026-02-08,Brighton,Crystal Palace,0–1,2025-2026,D,7,7,2,4,3,4,12,9,1,3,0,0,2026,2,8,0,1,5,9,1389
Sun,2026-02-08,Liverpool,Man City,1–2,2025-2026,D,15,17,4,7,5,4,13,16,2,4,1,0,2026,2,8,1,2,16,18,1390
Tue,2026-02-10,Chelsea,Leeds,2–2,2025-2026,H,19,4,4,2,4,1,9,13,4,4,0,0,2026,2,10,2,2,7,14,1391
Tue,2026-02-10,Everton,Bournemouth,1–2,2025-2026,H,16,11,6,4,7,2,14,15,1,3,1,0,2026,2,10,1,2,10,3,1392
Tue,2026-02-10,Tottenham,Newcastle,1–2,2025-2026,A,16,21,2,5,2,12,15,11,3,2,0,0,2026,2,10,1,2,25,20,1393
Tue,2026-02-10,West Ham,Man United,1–1,2025-2026,D,7,9,3,3,5,3,10,4,1,1,0,0,2026,2,10,1,1,26,19,1394
Wed,2026-02-11,Aston Villa,Brighton,1–0,2025-2026,D,15,9,1,3,7,5,9,15,2,3,0,0,2026,2,11,1,0,2,5,1395
Wed,2026-02-11,Crystal Palace,Burnley,2–3,2025-2026,A,21,8,3,3,8,2,11,8,2,1,0,0,2026,2,11,2,3,9,6,1396
Wed,2026-02-11,Man City,Fulham,3–0,2025-2026,H,13,14,5,3,4,4,8,10,3,1,0,0,2026,2,11,3,0,18,11,1397
Wed,2026-02-11,Nott'm Forest,Wolves,0–0,2025-2026,D,35,7,10,3,8,2,12,13,0,2,0,0,2026,2,11,0,0,21,27,1398
Wed,2026-02-11,Sunderland,Liverpool,0–1,2025-2026,D,11,23,2,3,3,11,8,10,1,0,0,0,2026,2,11,0,1,24,16,1399
Thu,2026-02-12,Brentford,Arsenal,1–1,2025-2026,D,12,7,3,2,6,4,12,11,3,2,0,0,2026,2,12,1,1,4,1,1400
Wed,2026-02-18,Wolves,Arsenal,2–2,2025-2026,A,5,10,2,4,1,3,6,8,2,1,0,0,2026,2,18,2,2,27,1,1401
Sat,2026-02-21,Aston Villa,Leeds,1–1,2025-2026,A,16,14,4,4,7,2,11,16,1,4,0,0,2026,2,21,1,1,2,14,1402
Sat,2026-02-21,Brentford,Brighton,0–2,2025-2026,A,13,11,3,7,6,4,9,14,1,2,0,0,2026,2,21,0,2,4,5,1403
Sat,2026-02-21,Chelsea,Burnley,1–1,2025-2026,H,12,12,2,4,9,5,13,11,2,2,1,0,2026,2,21,1,1,7,6,1404
Sat,2026-02-21,West Ham,Bournemouth,0–0,2025-2026,D,20,10,3,5,9,5,10,11,1,1,0,0,2026,2,21,0,0,26,3,1405
Sat,2026-02-21,Man City,Newcastle,2–1,2025-2026,H,15,13,7,7,5,5,12,13,2,5,0,0,2026,2,21,2,1,18,20,1406
Sun,2026-02-22,Crystal Palace,Wolves,1–0,2025-2026,D,14,12,3,7,7,3,19,13,5,1,0,1,2026,2,22,1,0,9,27,1407
Sun,2026-02-22,Nott'm Forest,Liverpool,0–1,2025-2026,D,18,10,2,4,7,2,13,9,2,0,0,0,2026,2,22,0,1,21,16,1408
Sun,2026-02-22,Sunderland,Fulham,1–3,2025-2026,D,12,12,2,4,6,4,6,13,1,1,0,0,2026,2,22,1,3,24,11,1409
Sun,2026-02-22,Tottenham,Arsenal,1–4,2025-2026,D,6,20,5,7,2,5,17,11,2,1,0,0,2026,2,22,1,4,25,1,1410
Mon,2026-02-23,Everton,Man United,0–1,2025-2026,D,12,11,4,3,10,1,12,7,2,3,0,0,2026,2,23,0,1,10,19,1411
Fri,2026-02-27,Wolves,Aston Villa,2–0,2025-2026,D,9,14,2,5,0,5,13,19,3,3,0,0,2026,2,27,2,0,27,2,1412
Sat,2026-02-28,Bournemouth,Sunderland,1–1,2025-2026,A,21,8,5,4,7,3,15,12,4,2,0,0,2026,2,28,1,1,3,24,1413
Sat,2026-02-28,Burnley,Brentford,3–4,2025-2026,A,12,16,3,7,4,8,9,9,2,2,0,0,2026,2,28,3,4,6,4,1414
Sat,2026-02-28,Liverpool,West Ham,5–2,2025-2026,H,18,11,7,4,10,5,12,11,2,2,0,0,2026,2,28,5,2,16,26,1415
Sat,2026-02-28,Newcastle,Everton,2–3,2025-2026,A,17,9,7,5,7,2,15,7,2,3,0,0,2026,2,28,2,3,20,10,1416
Sat,2026-02-28,Leeds,Man City,0–1,2025-2026,A,14,14,2,5,5,3,10,8,0,3,0,0,2026,2,28,0,1,14,18,1417
Sun,2026-03-01,Brighton,Nott'm Forest,2–1,2025-2026,H,14,13,7,4,4,4,12,13,3,1,0,0,2026,3,1,2,1,5,21,1418
Sun,2026-03-01,Fulham,Tottenham,2–1,2025-2026,H,18,13,4,1,5,8,11,14,3,3,0,0,2026,3,1,2,1,11,25,1419
Sun,2026-03-01,Man United,Crystal Palace,2–1,2025-2026,A,20,8,11,3,7,1,13,12,2,2,0,1,2026,3,1,2,1,19,9,1420
Sun,2026-03-01,Arsenal,Chelsea,2–1,2025-2026,D,12,9,5,3,5,10,11,14,1,3,0,1,2026,3,1,2,1,1,7,1421
Tue,2026-03-03,Bournemouth,Brentford,0–0,2025-2026,D,13,5,2,2,4,3,9,10,2,1,0,0,2026,3,3,0,0,3,4,1422
Tue,2026-03-03,Everton,Burnley,2–0,2025-2026,H,14,5,5,2,6,3,10,12,0,1,0,0,2026,3,3,2,0,10,6,1423
Tue,2026-03-03,Leeds,Sunderland,0–1,2025-2026,D,18,3,4,1,9,2,15,19,1,3,0,0,2026,3,3,0,1,14,24,1424
Tue,2026-03-03,Wolves,Liverpool,2–1,2025-2026,D,4,19,3,7,2,11,10,13,2,1,0,0,2026,3,3,2,1,27,16,1425
Wed,2026-03-04,Aston Villa,Chelsea,1–4,2025-2026,A,9,15,4,8,3,8,10,9,3,2,0,0,2026,3,4,1,4,2,7,1426
Wed,2026-03-04,Brighton,Arsenal,0–1,2025-2026,A,11,7,3,2,4,3,14,12,4,1,0,0,2026,3,4,0,1,5,1,1427
Wed,2026-03-04,Fulham,West Ham,0–1,2025-2026,D,13,9,5,3,7,5,14,12,2,4,0,0,2026,3,4,0,1,11,26,1428
Wed,2026-03-04,Man City,Nott'm Forest,2–2,2025-2026,H,21,9,7,4,6,1,10,6,0,4,0,0,2026,3,4,2,2,18,21,1429
Wed,2026-03-04,Newcastle,Man United,2–1,2025-2026,D,12,14,5,5,2,4,15,16,2,3,1,0,2026,3,4,2,1,20,19,1430
Thu,2026-03-05,Tottenham,Crystal Palace,1–3,2025-2026,A,12,9,4,4,6,3,14,14,3,2,0,0,2026,3,5,1,3,25,9,1431
Sat,2026-03-14,Burnley,Bournemouth,0–0,2025-2026,D,15,22,2,3,5,8,11,5,1,0,0,0,2026,3,14,0,0,6,3,1432
Sat,2026-03-14,Sunderland,Brighton,0–1,2025-2026,D,14,12,4,4,7,3,7,12,1,2,0,0,2026,3,14,0,1,24,5,1433
Sat,2026-03-14,Arsenal,Everton,2–0,2025-2026,D,25,9,7,3,8,3,11,12,0,0,0,0,2026,3,14,2,0,1,10,1434
Sat,2026-03-14,Chelsea,Newcastle,0–1,2025-2026,A,22,7,3,5,8,1,9,10,2,2,0,0,2026,3,14,0,1,7,20,1435
Sat,2026-03-14,West Ham,Man City,1–1,2025-2026,D,1,24,1,6,1,15,14,5,2,2,0,0,2026,3,14,1,1,26,18,1436
Sun,2026-03-15,Crystal Palace,Leeds,0–0,2025-2026,D,12,10,0,3,8,3,12,11,2,1,0,1,2026,3,15,0,0,9,14,1437
Sun,2026-03-15,Man United,Aston Villa,3–1,2025-2026,D,16,9,6,2,6,6,10,5,3,2,0,0,2026,3,15,3,1,19,2,1438
Sun,2026-03-15,Nott'm Forest,Fulham,0–0,2025-2026,D,11,5,2,0,5,4,8,10,2,3,0,0,2026,3,15,0,0,21,11,1439
Sun,2026-03-15,Liverpool,Tottenham,1–1,2025-2026,H,17,13,4,7,3,4,8,13,0,0,0,0,2026,3,15,1,1,16,25,1440
Mon,2026-03-16,Brentford,Wolves,2–2,2025-2026,H,10,13,3,4,1,5,12,10,2,4,0,0,2026,3,16,2,2,4,27,1441
Fri,2026-03-20,Bournemouth,Man United,2–2,2025-2026,D,16,14,5,5,6,8,10,9,2,2,0,1,2026,3,20,2,2,3,19,1442
Sat,2026-03-21,Brighton,Liverpool,2–1,2025-2026,D,16,12,7,5,4,8,11,11,5,5,0,0,2026,3,21,2,1,5,16,1443
Sat,2026-03-21,Fulham,Burnley,3–1,2025-2026,D,22,9,6,5,6,6,6,9,2,2,0,1,2026,3,21,3,1,11,6,1444
Sat,2026-03-21,Everton,Chelsea,3–0,2025-2026,H,10,12,9,4,3,9,6,7,0,2,0,0,2026,3,21,3,0,10,7,1445
Sat,2026-03-21,Leeds,Brentford,0–0,2025-2026,D,14,6,4,2,6,2,6,9,2,0,0,0,2026,3,21,0,0,14,4,1446
Sun,2026-03-22,Newcastle,Sunderland,1–2,2025-2026,H,16,17,4,7,9,5,8,19,1,6,0,0,2026,3,22,1,2,20,24,1447
Sun,2026-03-22,Aston Villa,West Ham,2–0,2025-2026,H,23,9,7,1,6,6,3,7,0,1,0,0,2026,3,22,2,0,2,26,1448
Sun,2026-03-22,Tottenham,Nott'm Forest,0–3,2025-2026,A,14,8,3,7,13,3,13,13,1,2,0,0,2026,3,22,0,3,25,21,1449
Fri,2026-04-10,West Ham,Wolves,4–0,2025-2026,H,18,14,7,3,5,2,11,7,2,2,0,0,2026,4,10,4,0,26,27,1450
Sat,2026-04-11,Arsenal,Bournemouth,1–2,2025-2026,D,15,8,3,3,10,1,12,18,1,3,0,0,2026,4,11,1,2,1,3,1451
Sat,2026-04-11,Brentford,Everton,2–2,2025-2026,D,17,14,4,7,2,3,6,7,0,2,0,0,2026,4,11,2,2,4,10,1452
Sat,2026-04-11,Burnley,Brighton,0–2,2025-2026,A,10,13,5,6,8,2,7,11,2,1,0,0,2026,4,11,0,2,6,5,1453
Sat,2026-04-11,Liverpool,Fulham,2–0,2025-2026,H,18,19,5,4,6,9,10,4,0,0,0,0,2026,4,11,2,0,16,11,1454
Sun,2026-04-12,Crystal Palace,Newcastle,2–1,2025-2026,A,11,7,5,3,2,4,17,12,0,3,0,0,2026,4,12,2,1,9,20,1455
Sun,2026-04-12,Nott'm Forest,Aston Villa,1–1,2025-2026,D,15,12,4,5,7,3,15,10,2,2,0,0,2026,4,12,1,1,21,2,1456
Sun,2026-04-12,Sunderland,Tottenham,1–0,2025-2026,D,13,11,2,7,2,6,14,15,3,3,0,0,2026,4,12,1,0,24,25,1457
Sun,2026-04-12,Chelsea,Man City,0–3,2025-2026,D,12,18,3,8,4,12,10,14,3,1,0,0,2026,4,12,0,3,7,18,1458
Mon,2026-04-13,Man United,Leeds,1–2,2025-2026,A,20,15,9,6,11,4,12,15,3,2,1,0,2026,4,13,1,2,19,14,1459
Sat,2026-04-18,Brentford,Fulham,0–0,2025-2026,D,13,11,4,0,9,3,8,13,0,1,0,0,2026,4,18,0,0,4,11,1460
Sat,2026-04-18,Leeds,Wolves,3–0,2025-2026,H,17,7,6,2,5,6,9,17,2,1,0,0,2026,4,18,3,0,14,27,1461
Sat,2026-04-18,Newcastle,Bournemouth,1–2,2025-2026,A,12,12,3,3,2,3,11,12,2,4,0,0,2026,4,18,1,2,20,3,1462
Sat,2026-04-18,Tottenham,Brighton,2–2,2025-2026,D,13,10,6,3,7,5,14,14,3,1,0,0,2026,4,18,2,2,25,5,1463
Sat,2026-04-18,Chelsea,Man United,0–1,2025-2026,A,21,4,3,1,7,1,12,13,1,3,0,0,2026,4,18,0,1,7,19,1464
Sun,2026-04-19,Aston Villa,Sunderland,4–3,2025-2026,H,15,10,7,7,4,5,11,11,1,3,0,0,2026,4,19,4,3,2,24,1465
Sun,2026-04-19,Everton,Liverpool,1–2,2025-2026,A,10,14,4,6,1,6,8,12,2,0,0,0,2026,4,19,1,2,10,16,1466
Sun,2026-04-19,Nott'm Forest,Burnley,4–1,2025-2026,A,10,4,4,3,4,4,8,12,0,2,0,0,2026,4,19,4,1,21,6,1467
Sun,2026-04-19,Man City,Arsenal,2–1,2025-2026,D,15,9,5,3,8,5,5,12,2,2,0,0,2026,4,19,2,1,18,1,1468
Mon,2026-04-20,Crystal Palace,West Ham,0–0,2025-2026,D,9,9,1,4,4,6,13,12,2,1,0,0,2026,4,20,0,0,9,26,1469
Tue,2026-04-21,Brighton,Chelsea,3–0,2025-2026,H,15,6,9,0,6,5,15,6,1,1,0,0,2026,4,21,3,0,5,7,1470
Wed,2026-04-22,Bournemouth,Leeds,2–2,2025-2026,D,17,10,7,3,12,1,6,10,3,0,0,0,2026,4,22,2,2,3,14,1471
Wed,2026-04-22,Burnley,Man City,0–1,2025-2026,A,9,28,1,9,3,11,10,12,0,0,0,0,2026,4,22,0,1,6,18,1472
Fri,2026-04-24,Sunderland,Nott'm Forest,0–5,2025-2026,A,14,10,4,6,3,6,13,15,2,5,0,0,2026,4,24,0,5,24,21,1473
Sat,2026-04-25,Fulham,Aston Villa,1–0,2025-2026,H,13,10,6,1,2,5,14,12,2,2,0,0,2026,4,25,1,0,11,2,1474
Sat,2026-04-25,Liverpool,Crystal Palace,3–1,2025-2026,H,9,14,3,7,5,8,10,10,1,3,0,0,2026,4,25,3,1,16,9,1475
Sat,2026-04-25,West Ham,Everton,2–1,2025-2026,D,10,11,3,3,3,4,9,11,3,4,0,0,2026,4,25,2,1,26,10,1476
Sat,2026-04-25,Wolves,Tottenham,0–1,2025-2026,D,11,11,2,2,5,5,8,14,3,4,0,0,2026,4,25,0,1,27,25,1477
Sat,2026-04-25,Arsenal,Newcastle,1–0,2025-2026,H,11,13,4,3,7,2,13,10,2,2,0,0,2026,4,25,1,0,1,20,1478
Mon,2026-04-27,Man United,Brentford,2–1,2025-2026,H,11,12,6,4,7,8,6,9,2,4,0,0,2026,4,27,2,1,19,4,1479
Fri,2026-05-01,Leeds,Burnley,3–1,2025-2026,H,18,9,8,3,5,0,12,11,4,3,0,0,2026,5,1,3,1,14,6,1480
Sat,2026-05-02,Brentford,West Ham,3–0,2025-2026,H,14,13,6,4,2,6,8,12,1,3,0,0,2026,5,2,3,0,4,26,1481
Sat,2026-05-02,Newcastle,Brighton,3–1,2025-2026,H,13,13,6,4,2,10,10,12,3,3,0,0,2026,5,2,3,1,20,5,1482
Sat,2026-05-02,Wolves,Sunderland,1–1,2025-2026,A,20,10,7,2,6,3,11,11,0,4,0,1,2026,5,2,1,1,27,24,1483
Sat,2026-05-02,Arsenal,Fulham,3–0,2025-2026,H,18,10,9,1,3,4,7,12,0,1,0,0,2026,5,2,3,0,1,11,1484
Sun,2026-05-03,Bournemouth,Crystal Palace,3–0,2025-2026,H,16,7,5,1,7,1,10,11,0,2,0,0,2026,5,3,3,0,3,9,1485
Sun,2026-05-03,Man United,Liverpool,3–2,2025-2026,H,18,13,6,5,3,2,12,11,2,2,0,0,2026,5,3,3,2,19,16,1486
Sun,2026-05-03,Aston Villa,Tottenham,1–2,2025-2026,A,5,10,1,5,5,5,12,12,2,5,0,0,2026,5,3,1,2,2,25,1487
Mon,2026-05-04,Chelsea,Nott'm Forest,1–3,2025-2026,A,21,6,5,4,10,1,12,10,3,1,0,0,2026,5,4,1,3,7,21,1488
Mon,2026-05-04,Everton,Man City,3–3,2025-2026,A,14,21,6,4,5,9,15,5,4,1,0,0,2026,5,4,3,3,10,18,1489
Sat,2026-05-09,Liverpool,Chelsea,1–1,2025-2026,D,8,6,3,3,5,2,17,17,2,4,0,0,2026,5,9,1,1,16,7,1490
Sat,2026-05-09,Brighton,Wolves,3–0,2025-2026,H,14,5,6,1,7,1,9,11,1,2,0,0,2026,5,9,3,0,5,27,1491
Sat,2026-05-09,Fulham,Bournemouth,0–1,2025-2026,D,14,10,2,5,11,2,12,21,4,2,1,1,2026,5,9,0,1,11,3,1492
Sat,2026-05-09,Sunderland,Man United,0–0,2025-2026,D,15,11,4,1,7,8,12,12,0,3,0,0,2026,5,9,0,0,24,19,1493
Sat,2026-05-09,Man City,Brentford,3–0,2025-2026,D,25,4,10,2,10,2,8,14,4,2,0,0,2026,5,9,3,0,18,4,1494
Sun,2026-05-10,Burnley,Aston Villa,2–2,2025-2026,D,15,18,6,7,2,8,18,8,1,1,0,0,2026,5,10,2,2,6,2,1495
Sun,2026-05-10,Crystal Palace,Everton,2–2,2025-2026,D,21,13,8,6,5,10,5,13,0,2,0,0,2026,5,10,2,2,9,10,1496
Sun,2026-05-10,Nott'm Forest,Newcastle,1–1,2025-2026,D,17,16,6,6,2,1,16,11,2,0,0,0,2026,5,10,1,1,21,20,1497
Sun,2026-05-10,West Ham,Arsenal,0–1,2025-2026,D,9,15,3,4,4,3,14,12,3,4,0,0,2026,5,10,0,1,26,1,1498
Mon,2026-05-11,Tottenham,Leeds,1–1,2025-2026,D,16,11,3,4,14,2,12,7,3,1,0,0,2026,5,11,1,1,25,14,1499
Wed,2026-05-13,Man City,Crystal Palace,3–0,2025-2026,H,15,6,4,2,9,4,10,7,0,2,0,0,2026,5,13,3,0,18,9,1500
Fri,2026-05-15,Aston Villa,Liverpool,4–2,2025-2026,H,14,16,9,5,4,9,12,9,3,1,0,0,2026,5,15,4,2,2,16,1501
Sun,2026-05-17,Man United,Nott'm Forest,3–2,2025-2026,H,29,11,8,4,7,6,11,5,2,1,0,0,2026,5,17,3,2,19,21,1502
Sun,2026-05-17,Brentford,Crystal Palace,2–2,2025-2026,D,14,16,3,5,9,4,7,5,1,3,0,0,2026,5,17,2,2,4,9,1503
Sun,2026-05-17,Everton,Sunderland,1–3,2025-2026,H,10,7,4,3,3,2,14,9,3,0,0,0,2026,5,17,1,3,10,24,1504
Sun,2026-05-17,Leeds,Brighton,1–0,2025-2026,D,7,19,1,8,7,8,9,7,1,0,0,0,2026,5,17,1,0,14,5,1505
Sun,2026-05-17,Wolves,Fulham,1–1,2025-2026,D,11,13,3,5,3,6,20,8,1,0,0,0,2026,5,17,1,1,27,11,1506
Sun,2026-05-17,Newcastle,West Ham,3–1,2025-2026,H,15,15,7,8,9,1,8,11,1,3,0,0,2026,5,17,3,1,20,26,1507
Mon,2026-05-18,Arsenal,Burnley,1–0,2025-2026,H,13,5,3,0,3,3,7,16,1,3,0,0,2026,5,18,1,0,1,6,1508
Tue,2026-05-19,Bournemouth,Man City,1–1,2025-2026,H,10,14,2,5,7,6,16,7,4,2,0,0,2026,5,19,1,1,3,18,1509
Tue,2026-05-19,Chelsea,Tottenham,2–1,2025-2026,H,9,9,4,3,3,4,11,18,4,3,0,0,2026,5,19,2,1,7,25,1510
Sun,2026-05-24,Brighton,Man United,0–3,2025-2026,A,13,11,2,7,0,3,11,8,0,1,0,0,2026,5,24,0,3,5,19,1511
Sun,2026-05-24,Burnley,Wolves,1–1,2025-2026,A,16,16,8,4,7,7,10,11,2,2,0,0,2026,5,24,1,1,6,27,1512
Sun,2026-05-24,Crystal Palace,Arsenal,1–2,2025-2026,A,8,17,3,7,3,4,9,12,0,1,0,0,2026,5,24,1,2,9,1,1513
Sun,2026-05-24,Fulham,Newcastle,2–0,2025-2026,H,21,7,6,2,6,6,13,6,2,2,0,0,2026,5,24,2,0,11,20,1514
Sun,2026-05-24,Liverpool,Brentford,1–1,2025-2026,D,24,11,8,2,14,2,9,9,2,3,0,0,2026,5,24,1,1,16,4,1515
Sun,2026-05-24,Man City,Aston Villa,1–2,2025-2026,H,16,12,3,5,9,4,8,4,1,0,0,0,2026,5,24,1,2,18,2,1516
Sun,2026-05-24,Nott'm Forest,Bournemouth,1–1,2025-2026,H,15,17,5,4,6,3,11,7,1,1,0,0,2026,5,24,1,1,21,3,1517
Sun,2026-05-24,Sunderland,Chelsea,2–1,2025-2026,H,20,10,2,1,7,7,15,18,3,2,0,0,2026,5,24,2,1,24,7,1518
Sun,2026-05-24,Tottenham,Everton,1–0,2025-2026,H,21,8,6,3,6,2,15,12,5,3,0,1,2026,5,24,1,0,25,10,1519
Sun,2026-05-24,West Ham,Leeds,3–0,2025-2026,D,16,13,9,3,6,4,11,14,0,3,0,0,2026,5,24,3,0,26,14,1520
Fri,2026-08-21,Arsenal,Coventry,3–0,2026-2027,H,20,4,6,1,8,2,10,13,1,1,0,0,2026,8,21,3,0,1,8,1521
Sat,2026-08-22,Hull,Man United,2–0,2026-2027,H,8,21,4,5,1,6,10,9,2,1,0,0,2026,8,22,2,0,12,19,1522
Sat,2026-08-22,Everton,Crystal Palace,2–0,2026-2027,H,16,11,5,4,4,0,5,15,0,1,0,0,2026,8,22,2,0,10,9,1523
Sat,2026-08-22,Ipswich,Sunderland,2–1,2026-2027,D,10,11,3,4,3,5,12,14,0,3,0,0,2026,8,22,2,1,13,24,1524
Sat,2026-08-22,Nott'm Forest,Leeds,0–1,2026-2027,D,12,11,2,3,3,2,15,14,2,1,0,0,2026,8,22,0,1,21,14,1525
Sat,2026-08-22,Brentford,Tottenham,3–0,2026-2027,H,26,9,8,4,7,3,17,14,1,1,0,0,2026,8,22,3,0,4,25,1526
Sun,2026-08-23,Brighton,Aston Villa,4–0,2026-2027,H,21,6,6,0,5,2,12,11,2,3,0,1,2026,8,23,4,0,5,2,1527
Sun,2026-08-23,Man City,Bournemouth,2–1,2026-2027,A,13,5,6,4,8,3,11,11,1,2,0,0,2026,8,23,2,1,18,3,1528
Sun,2026-08-23,Newcastle,Liverpool,2–2,2026-2027,H,13,27,4,7,2,6,16,15,5,3,0,0,2026,8,23,2,2,20,16,1529
Mon,2026-08-24,Fulham,Chelsea,2–3,2026-2027,A,14,18,6,6,6,4,12,7,2,3,0,0,2026,8,24,2,3,11,7,1530
Fri,2026-08-28,Crystal Palace,Man City,1–4,2026-2027,A,9,18,1,9,2,6,8,11,1,2,0,0,2026,8,28,1,4,9,18,1531
Sat,2026-08-29,Liverpool,Nott'm Forest,2–2,2026-2027,A,13,12,4,3,3,5,13,10,4,2,0,0,2026,8,29,2,2,16,21,1532
Sat,2026-08-29,Bournemouth,Everton,1–1,2026-2027,H,17,13,5,7,10,7,11,14,3,2,0,0,2026,8,29,1,1,3,10,1533
Sat,2026-08-29,Coventry,Hull,0–1,2026-2027,D,11,6,3,2,6,2,11,8,1,4,0,0,2026,8,29,0,1,8,12,1534
Sat,2026-08-29,Tottenham,Newcastle,0–2,2026-2027,D,17,11,6,2,9,7,15,9,1,2,0,0,2026,8,29,0,2,25,20,1535
Sun,2026-08-30,Chelsea,Brighton,4–3,2026-2027,H,17,15,6,6,4,7,6,12,1,3,0,0,2026,8,30,4,3,7,5,1536
Sun,2026-08-30,Leeds,Brentford,1–1,2026-2027,A,12,22,2,5,5,6,5,13,0,4,0,0,2026,8,30,1,1,14,4,1537
Sun,2026-08-30,Sunderland,Fulham,1–0,2026-2027,D,12,11,4,0,3,4,10,15,0,2,0,0,2026,8,30,1,0,24,11,1538
Sun,2026-08-30,Man United,Ipswich,5–2,2026-2027,D,33,9,11,5,8,4,7,12,1,3,0,0,2026,8,30,5,2,19,13,1539
Mon,2026-08-31,Aston Villa,Arsenal,0–1,2026-2027,D,7,7,0,2,2,4,17,6,3,1,0,0,2026,8,31,0,1,2,1,1540
