Player,Squad,Pos,Season,Games,Minutes,Goals,Assists,xG,xA,NonPenaltyGoals,Per90_G+A-PK,Shots,KeyPasses,YellowCards,RedCards
Erling Haaland,Man City,FW,2022-2023,35,2803,36,8,32.761399537324905,5.8491098545491695,29,1.1880128433820907,123,29,5,0
Harry Kane,Tottenham,FW,2022-2023,38,3414,30,3,23.06444012373686,7.547407771460712,25,0.7381370826010546,133,57,6,0
Ivan Toney,Brentford,FW,2022-2023,33,2960,20,4,21.69119757413864,4.909892840310931,14,0.5472972972972974,94,26,9,0
Mohamed Salah,Liverpool,FW,2022-2023,38,3307,19,12,23.340063713490963,8.720245610922575,17,0.7892349561536135,125,65,2,0
Callum Wilson,Newcastle,FW,2022-2023,31,1911,18,5,18.856768030673265,3.567963434383273,15,0.9419152276295133,73,24,4,0
Marcus Rashford,Man United,FW,2022-2023,35,2907,17,5,18.761760517954823,3.735412929207087,17,0.6811145510835914,108,31,2,0
Martin Odegaard,Arsenal,MF,2022-2023,37,3203,15,7,9.137760860845448,9.209956639446318,15,0.6181704651888854,93,77,4,0
Gabriel Martinelli,Arsenal,FW,2022-2023,36,2851,15,5,10.538134384900331,9.349485490471125,15,0.6313574184496668,79,59,3,0
Ollie Watkins,Aston Villa,FW,2022-2023,37,3150,15,6,17.486295863986015,3.674034003168345,14,0.5714285714285714,85,30,4,0
Aleksandar Mitrovic,Fulham,FW,2022-2023,24,2022,14,1,16.17901684064418,2.334498234093189,10,0.48961424332344217,93,15,7,0
Bukayo Saka,Arsenal,FW,2022-2023,38,3216,14,11,11.300049655139446,7.042980744503439,12,0.6436567164179104,89,75,6,0
Rodrigo,Leeds,FW,2022-2023,31,1955,13,1,8.572983920574188,2.298705962486565,12,0.59846547314578,67,16,6,0
Harvey Barnes,Leicester,FW,2022-2023,34,2738,13,1,9.120478011667728,3.107304636389017,13,0.4601899196493791,72,19,3,0
Roberto Firmino,Liverpool,FW,2022-2023,25,1203,11,4,8.122956335544586,3.0548400916159157,11,1.1221945137157108,39,21,0,0
Gabriel Jesus,Arsenal,FW,2022-2023,26,2107,11,6,16.171134389936924,4.243733491748571,10,0.68343616516374,77,31,6,0
Phil Foden,Man City,FW,2022-2023,32,1837,11,6,6.185852009803057,5.697479462251067,11,0.8328796951551443,46,44,1,0
Miguel Almirón,Newcastle,FW,2022-2023,34,2550,11,2,8.727059464901686,2.9551383573561907,11,0.45882352941176474,69,26,2,0
Son Heung-Min,Tottenham,FW,2022-2023,36,2920,10,6,9.597895424813032,6.334341483190656,10,0.4931506849315069,81,62,2,0
Alexander Isak,Newcastle,FW,2022-2023,22,1530,10,1,8.784851711243391,1.7707323329523206,8,0.5294117647058824,51,15,3,0
James Maddison,Leicester,FW,2022-2023,30,2485,10,9,8.489387180656195,7.773198906332254,9,0.6519114688128773,85,69,10,0
Taiwo Awoniyi,Nott'm Forest,FW,2022-2023,27,1426,10,1,8.0510318800807,1.02802275121212,10,0.6942496493688639,35,10,2,0
Alexis Mac Allister,Brighton,MF,2022-2023,35,2882,10,2,11.532242968678474,3.928120201453567,4,0.18736988202637056,86,47,8,0
Eberechi Eze,Crystal Palace,FW,2022-2023,38,2657,10,4,6.831764040514827,4.619440779089928,9,0.4403462551750094,70,57,3,0
Pascal Groß,Brighton,DF,2022-2023,37,3261,9,8,5.954401790164411,11.246030485257506,9,0.46918123275068996,40,80,6,0
James Ward-Prowse,Southampton,MF,2022-2023,38,3378,9,4,5.408911099657416,6.058508426882327,7,0.29307282415630553,44,72,6,0
Bryan Mbeumo,Brentford,FW,2022-2023,38,2991,9,8,10.100785619579256,7.65799580514431,8,0.48144433299899697,71,52,5,0
Darwin Núñez,Liverpool,FW,2022-2023,29,1702,9,3,14.374805428087711,5.6468874625861645,9,0.6345475910693302,84,28,1,1
Julián Álvarez,Man City,FW,2022-2023,31,1416,9,0,7.753276175819337,2.0468210969120264,8,0.5084745762711864,47,18,0,0
Ilkay Gündogan,Man City,MF,2022-2023,31,2369,8,4,7.842695340514183,3.444544769823551,8,0.4558885605740819,54,37,0,0
Danny Ings,"Aston Villa,West Ham",FW,2022-2023,35,1562,8,2,8.25754163786769,1.4635955430567265,6,0.46094750320102434,42,15,4,0
Bruno Fernandes,Man United,MF,2022-2023,37,3326,8,8,9.385456696152689,17.266709440387785,6,0.3788334335538184,92,118,6,0
Leandro Trossard,"Arsenal,Brighton",DF,2022-2023,36,2263,8,12,7.068454213440418,6.358577378094196,8,0.7954043305346884,55,47,1,0
Brennan Johnson,Nott'm Forest,FW,2022-2023,38,2952,8,3,8.266518421471119,3.7432961594313374,7,0.30487804878048785,55,28,6,0
Granit Xhaka,Arsenal,MF,2022-2023,37,3039,7,7,5.785433189943433,4.802904064767063,7,0.4146100691016782,40,46,4,0
Kevin De Bruyne,Man City,MF,2022-2023,32,2448,7,16,4.7582743894308805,16.31964398175478,7,0.8455882352941176,65,97,1,0
Wilfried Zaha,Crystal Palace,FW,2022-2023,27,2308,7,2,7.797594489529729,2.760253319516778,7,0.3509532062391681,66,26,5,0
Kai Havertz,Chelsea,FW,2022-2023,35,2613,7,1,12.77656376361847,3.5748752877116203,6,0.24110218140068884,71,38,5,0
Yoane Wissa,Brentford,FW,2022-2023,38,1583,7,3,5.207585535943508,2.6399280801415443,7,0.5685407454200885,32,13,3,0
Philip Billing,Bournemouth,FW,2022-2023,36,2822,7,1,4.894198485650122,3.457261343486607,7,0.2551381998582566,38,27,5,0
Dwight McNeil,Everton,DF,2022-2023,36,2512,7,3,3.871220519766212,7.44360885117203,7,0.35828025477707004,46,51,5,0
Diogo Jota,Liverpool,FW,2022-2023,22,1132,7,4,6.437793597579002,1.7756053674966097,7,0.8745583038869258,35,17,2,0
Kaoru Mitoma,Brighton,DF,2022-2023,33,2306,7,5,9.245785741135478,7.035773795098066,7,0.4683434518647008,52,40,0,0
Cody Gakpo,Liverpool,FW,2022-2023,21,1483,7,2,6.554539561271668,2.981710772961378,7,0.5461901550910316,39,23,0,0
Joelinton,Newcastle,FW,2022-2023,32,2677,6,1,6.252544686198235,3.116438364610076,6,0.23533806499813226,51,26,12,0
Danny Welbeck,Brighton,FW,2022-2023,31,1868,6,3,9.550176788121462,5.098056230694056,6,0.4336188436830835,62,30,0,0
Anthony Martial,Man United,FW,2022-2023,21,987,6,2,7.3281096909195185,1.756760749965906,5,0.6382978723404256,27,12,0,0
Raheem Sterling,Chelsea,DF,2022-2023,28,1919,6,3,7.405153378844261,4.861129405908287,6,0.42209484106305367,41,34,4,0
Dominic Solanke,Bournemouth,FW,2022-2023,33,2874,6,7,9.317674346268175,3.957623152993619,6,0.407098121085595,76,21,2,0
Jarrod Bowen,West Ham,FW,2022-2023,38,3245,6,5,10.004229810088871,6.90739019960165,5,0.2773497688751926,75,48,2,0
Said Benrahma,West Ham,FW,2022-2023,35,2070,6,3,6.350573148578405,4.756499437615275,2,0.21739130434782608,73,48,0,0
Solly March,Brighton,DF,2022-2023,33,2745,6,7,8.069857582449913,9.567008880898356,6,0.4262295081967213,73,65,2,0
Douglas Luiz,Aston Villa,MF,2022-2023,37,2947,6,6,3.191290902905166,4.567880779504776,6,0.3664743807261622,34,45,6,1
Jadon Sancho,Man United,FW,2022-2023,26,1710,6,3,3.789094930514693,4.790035545825958,6,0.47368421052631576,21,43,0,0
Rúben Neves,Wolves,DF,2022-2023,35,3022,6,1,5.006285472773016,1.8384296027943487,3,0.11912640635340835,67,32,12,0
Daniel Podence,Wolves,FW,2022-2023,32,1769,6,0,3.7195267919451,2.4171172585338354,6,0.30525720746184287,43,37,5,0
Jacob Ramsey,Aston Villa,MF,2022-2023,35,2675,6,7,5.228078290820122,5.728406075388193,6,0.4373831775700935,33,42,5,0
Evan Ferguson,Brighton,FW,2022-2023,19,950,6,2,5.667327303439379,0.6870213840156794,6,0.7578947368421053,36,11,1,0
Michail Antonio,West Ham,FW,2022-2023,33,1847,5,3,7.201865157112479,1.6608268171548843,5,0.38982133188955065,39,15,2,0
Kelechi Iheanacho,Leicester,FW,2022-2023,28,1120,5,5,6.133550511673093,3.7054135501384735,4,0.7232142857142857,39,22,0,0
Jack Grealish,Man City,FW,2022-2023,28,2083,5,7,4.998198181390762,7.464956499636173,5,0.5184829572731636,41,50,3,0
Willian,Fulham,MF,2022-2023,27,2174,5,5,3.383236724883318,5.042201226577163,5,0.4139834406623735,41,51,2,0
Riyad Mahrez,Man City,FW,2022-2023,30,1941,5,10,5.864552567712963,6.157492842525244,4,0.6491499227202473,43,51,2,0
Abdoulaye Doucouré,Everton,MF,2022-2023,25,1519,5,2,3.214016545563936,2.4725133273750544,5,0.4147465437788019,20,22,6,1
Jefferson Lerma,Bournemouth,DF,2022-2023,37,3263,5,0,3.1550366831943397,2.628147560171783,5,0.1379098988660742,35,18,7,0
Emiliano Buendía,Aston Villa,FW,2022-2023,38,2446,5,2,5.6266536470502615,4.373138631694019,5,0.25756336876533115,49,40,0,0
Odsonne Edouard,Crystal Palace,FW,2022-2023,35,1819,5,2,5.535292422398925,1.2745107971131802,5,0.34634414513468936,39,17,3,0
Rodrigo Bentancur,Tottenham,MF,2022-2023,18,1516,5,2,2.4369436921551824,0.6443385947495699,5,0.4155672823218997,15,11,8,0
Morgan Gibbs-White,"Nott'm Forest,Wolves",FW,2022-2023,37,3170,5,8,6.6556903049349785,7.807910647243261,3,0.31230283911671924,62,67,6,0
Mathias Jensen,Brentford,MF,2022-2023,37,2898,5,6,1.9304941780865192,3.59164313133806,5,0.3416149068322981,23,48,5,0
Carlos Vinicius,Fulham,FW,2022-2023,28,1079,5,2,3.5915758907794952,0.5233518667519093,5,0.5838739573679332,21,8,3,0
Che Adams,Southampton,FW,2022-2023,28,2019,5,3,7.306276918388903,2.7257514875382185,5,0.35661218424962854,47,24,1,0
Jack Harrison,Leeds,DF,2022-2023,36,2793,5,7,5.013850751332939,5.010656230151653,5,0.38668098818474755,39,53,2,0
Marcus Tavernier,Bournemouth,DF,2022-2023,23,1770,5,4,3.9280984150245786,2.7044622469693422,5,0.45762711864406774,37,17,1,0
Deniz Undav,Brighton,FW,2022-2023,22,594,5,0,5.5473707262426615,1.1680052187293768,5,0.7575757575757576,27,8,2,0
Luis Sinisterra,Leeds,FW,2022-2023,19,891,5,0,3.361706962808966,0.3890431001782417,5,0.5050505050505051,28,9,1,1
Pierre-Emile Højbjerg,Tottenham,MF,2022-2023,35,3137,4,5,1.5295524531975389,3.1992804715409875,4,0.2582084794389544,33,30,5,0
Jordan Ayew,Crystal Palace,FW,2022-2023,38,2738,4,3,2.751328118145466,3.050740525126457,4,0.23009495982468955,32,30,5,0
Demarai Gray,Everton,FW,2022-2023,33,2520,4,1,6.325153514742851,3.608845199458301,2,0.10714285714285714,59,36,3,0
Patrick Bamford,Leeds,FW,2022-2023,28,1523,4,2,9.774512918666003,1.0358418971300123,4,0.3545633617859488,50,12,3,0
Andreas Pereira,Fulham,MF,2022-2023,33,2765,4,6,6.426880993880332,4.836930306628346,3,0.29294755877034356,62,60,8,0
Casemiro,Man United,MF,2022-2023,28,2127,4,3,3.140908549539745,3.8724323799833655,4,0.29619181946403383,34,28,7,2
Bernardo Silva,Man City,DF,2022-2023,34,2194,4,5,2.2564154639840126,3.916250504553318,4,0.3691886964448496,25,30,5,0
Leon Bailey,Aston Villa,FW,2022-2023,33,2031,4,4,4.778411947190762,5.5339578883722425,4,0.35450516986706054,51,30,4,0
Declan Rice,West Ham,MF,2022-2023,37,3268,4,1,2.2349475855007768,2.33805207721889,4,0.13769889840881272,36,36,5,0
Jacob Murphy,Newcastle,FW,2022-2023,36,1215,4,2,3.697086520493031,2.68278655782342,4,0.4444444444444444,29,20,0,0
Eddie Nketiah,Arsenal,FW,2022-2023,30,1017,4,1,9.223067251965404,1.481980249285698,4,0.44247787610619466,41,9,3,0
Bobby Reid,Fulham,DF,2022-2023,36,2511,4,1,4.226093959063292,1.5008238069713116,4,0.17921146953405018,31,18,8,0
Lucas Paquetá,West Ham,FW,2022-2023,28,2209,4,3,5.04679605551064,2.8692219518125057,3,0.24445450430058852,53,32,5,0
João Félix,Chelsea,FW,2022-2023,16,953,4,0,4.288620352745056,0.6466051954776049,4,0.3777544596012592,46,6,1,1
Anthony Gordon,"Everton,Newcastle",FW,2022-2023,32,1564,4,0,5.549364037811756,1.411392219364643,4,0.23017902813299235,34,14,7,0
Bruno Guimarães,Newcastle,MF,2022-2023,32,2762,4,5,2.726729958318174,3.806102696806192,4,0.29326574945691525,28,42,7,0
Crysencio Summerville,Leeds,FW,2022-2023,28,1391,4,2,3.559207702055573,1.4241413976997137,4,0.3882099209202013,29,16,4,0
Patson Daka,Leicester,FW,2022-2023,30,1164,4,4,4.064196912571788,2.733729289844632,4,0.6185567010309279,30,17,2,0
Josh Dasilva,Brentford,MF,2022-2023,36,1374,4,2,1.5916067343205214,2.0804033745080237,4,0.3930131004366812,18,12,1,0
Luis Díaz,Liverpool,FW,2022-2023,17,997,4,2,3.568711277097464,1.9563428275287151,4,0.5416248746238717,27,13,2,0
Manor Solomon,Fulham,MF,2022-2023,19,536,4,0,1.042859235778451,0.3249989273026585,4,0.6716417910447761,11,6,0,0
Kieffer Moore,Bournemouth,FW,2022-2023,27,1273,4,0,4.823006581515074,0.5260727815330029,4,0.2827965435978005,23,5,1,0
Julio Enciso,Brighton,FW,2022-2023,20,798,4,2,4.214253352954984,1.779839888215065,4,0.6766917293233082,38,13,1,0
Antony,Man United,FW,2022-2023,25,1841,4,2,5.857848301529884,2.37078566942364,4,0.2933188484519283,72,28,5,0
Carlos Alcaraz,Southampton,FW,2022-2023,18,1050,4,2,1.9036163073033092,0.8085567876696587,4,0.5142857142857143,24,5,3,0
Jamie Vardy,Leicester,FW,2022-2023,37,1832,3,4,6.644154226407409,1.7369483597576618,3,0.34388646288209607,28,14,1,0
Jeffrey Schlupp,Crystal Palace,DF,2022-2023,34,2562,3,1,3.445598446764052,2.2960132341831923,3,0.14051522248243561,28,18,7,0
Virgil van Dijk,Liverpool,DF,2022-2023,32,2839,3,1,3.122492080554366,1.1658173147588968,3,0.12680521310320536,30,7,3,0
Harrison Reed,Fulham,MF,2022-2023,37,2911,3,4,2.1825738195329905,3.5145126404240727,3,0.21642047406389558,20,35,5,0
Ben Mee,Brentford,DF,2022-2023,37,3278,3,1,3.2241614628583197,1.680261291563511,3,0.10982306284319707,27,7,2,0
Thomas Partey,Arsenal,DF,2022-2023,33,2484,3,0,2.229622021317482,1.9341314993798733,3,0.10869565217391304,28,26,5,0
Pablo Fornals,West Ham,FW,2022-2023,32,1507,3,1,1.7289359364658594,2.018738079816103,3,0.23888520238885202,27,19,0,0
Chris Wood,"Newcastle,Nott'm Forest",FW,2022-2023,25,808,3,0,3.433256816118956,0.3606983013451099,2,0.22277227722772278,12,6,0,0
Gabriel,Arsenal,DF,2022-2023,38,3416,3,0,4.335554586723447,0.1663138093426823,3,0.07903981264637003,32,5,5,0
Youri Tielemans,Leicester,MF,2022-2023,31,2365,3,2,2.239441570825875,4.528865018859506,2,0.1522198731501057,31,30,4,0
Gianluca Scamacca,West Ham,FW,2022-2023,16,940,3,0,2.5387633964419365,1.1296455087140205,3,0.28723404255319146,30,13,3,0
Reiss Nelson,Arsenal,,2022-2023,11,174,3,2,1.8955533094704151,1.2082199901342392,3,2.586206896551724,12,8,0,0
Joe Willock,Newcastle,MF,2022-2023,35,2634,3,6,7.266156509518623,7.388796498999,3,0.30751708428246016,58,40,1,0
Curtis Jones,Liverpool,MF,2022-2023,18,1059,3,1,1.2679023258388042,1.010046985000372,3,0.3399433427762039,15,14,2,0
Pedro Porro,Tottenham,DF,2022-2023,15,1154,3,3,1.3973288014531136,2.532236455008388,3,0.4679376083188908,25,25,0,0
Mason Mount,Chelsea,FW,2022-2023,24,1682,3,2,2.1364672761410475,3.0019248109310865,3,0.267538644470868,33,29,4,0
Hee-Chan Hwang,Wolves,FW,2022-2023,27,1117,3,1,2.164069874212146,0.8787439614534378,3,0.3222918531781558,18,10,1,0
Conor Gallagher,Chelsea,MF,2022-2023,35,1590,3,1,2.5371697302907705,2.6282018795609474,3,0.22641509433962262,28,21,9,1
Ethan Pinnock,Brentford,DF,2022-2023,30,2700,3,0,3.5859055295586586,0.6192105077207088,3,0.1,15,8,0,0
Vitaly Janelt,Brentford,DF,2022-2023,35,2206,3,1,2.191264372318983,1.4620734620839355,3,0.16319129646418856,14,16,3,0
Alejandro Garnacho,Man United,MF,2022-2023,19,555,3,2,3.8779171984642735,1.1436776779592035,3,0.8108108108108107,24,3,3,0
João Palhinha,Fulham,MF,2022-2023,35,3124,3,0,2.6951698008924723,0.275451373308897,3,0.08642765685019206,38,7,14,0
Jaidon Anthony,Bournemouth,DF,2022-2023,30,1204,3,1,1.7566156624816358,0.9099286124110222,3,0.29900332225913623,21,12,2,0
Rasmus Kristensen,Leeds,DF,2022-2023,26,1964,3,1,0.789253355935216,1.2889635181054473,3,0.18329938900203666,13,8,4,0
Danilo,Nott'm Forest,MF,2022-2023,13,999,3,2,1.6606165627017615,0.8088494967669249,3,0.45045045045045046,15,9,1,0
Adam Lallana,Brighton,FW,2022-2023,16,742,2,1,1.1926603838801384,0.9687040857970716,2,0.3638814016172507,8,14,0,0
Alex Iwobi,Everton,FW,2022-2023,38,3388,2,7,2.7482709400355816,6.127815451472998,2,0.23907910271546634,42,64,2,0
Theo Walcott,Southampton,FW,2022-2023,20,1149,2,2,3.126369597390294,1.8109254278242588,2,0.31331592689295035,20,15,1,0
John Stones,Man City,DF,2022-2023,23,1852,2,2,1.3161899587139487,1.4483567401766777,2,0.19438444924406045,11,8,2,0
Eric Dier,Tottenham,DF,2022-2023,33,2815,2,1,1.4715977106243372,1.6204578075557947,2,0.09591474245115453,17,7,4,0
Ben Davies,Tottenham,DF,2022-2023,31,2295,2,2,0.9933742862194777,2.469028750434518,2,0.1568627450980392,14,20,4,0
Bertrand Traoré,Aston Villa,MF,2022-2023,8,216,2,0,0.856813095510006,0.0698933973908424,2,0.8333333333333334,9,1,1,0
Ben Chilwell,Chelsea,DF,2022-2023,23,1418,2,2,1.465110638178885,1.9936782559379933,2,0.2538787023977433,16,21,3,0
Adama Traoré,Wolves,FW,2022-2023,34,1452,2,1,1.420078607276082,3.147219412028789,2,0.18595041322314051,19,23,2,0
Kurt Zouma,West Ham,DF,2022-2023,25,1990,2,0,2.125173594802618,0.056879699230194,2,0.09045226130653267,19,1,0,0
Kalidou Koulibaly,Chelsea,DF,2022-2023,23,1809,2,1,1.0540769854560494,0.305135702714324,2,0.14925373134328357,11,7,5,1
Jorginho,"Arsenal,Chelsea",MF,2022-2023,32,2138,2,1,1.7956794500350952,0.5555977635085583,0,0.04209541627689429,11,12,4,0
Trent Alexander-Arnold,Liverpool,DF,2022-2023,37,2954,2,9,1.8788890931755304,13.222441317513583,2,0.33513879485443465,40,71,5,0
João Cancelo,Man City,DF,2022-2023,17,1289,2,1,0.5918373949825764,0.8360136020928621,2,0.2094647013188518,17,12,3,1
Rodri,Man City,DF,2022-2023,36,2938,2,6,4.119232214987278,4.539481725543737,2,0.2450646698434309,50,32,5,0
Adam Armstrong,Southampton,FW,2022-2023,30,1333,2,1,2.4375014984980226,1.730416551232338,2,0.20255063765941483,25,11,2,0
Dominic Calvert-Lewin,Everton,FW,2022-2023,17,1197,2,1,6.498087804764509,1.2365073096007109,1,0.15037593984962405,31,9,3,0
Daniel James,"Fulham,Leeds",FW,2022-2023,24,790,2,1,2.1174327954649925,1.5898781195282936,2,0.34177215189873417,16,8,0,0
Harry Wilson,Fulham,MF,2022-2023,29,1087,2,3,1.8703890815377235,1.3884916454553604,2,0.4139834406623735,18,12,1,0
Jean-Philippe Mateta,Crystal Palace,FW,2022-2023,29,717,2,0,3.308864532038569,0.4064396023750305,2,0.2510460251046025,28,5,3,0
Timothy Castagne,Leicester,DF,2022-2023,37,3257,2,3,1.9257993642240765,3.172707935795188,2,0.1381639545594105,18,21,3,0
Romain Perraud,Southampton,DF,2022-2023,29,1842,2,2,1.2091420125216246,2.266822852194309,2,0.19543973941368079,29,15,4,0
Yerry Mina,Everton,DF,2022-2023,7,606,2,0,1.6610938757658005,0.0843361243605613,2,0.297029702970297,8,1,2,0
Dejan Kulusevski,Tottenham,FW,2022-2023,30,2120,2,7,2.6102962754666805,5.482720654457808,2,0.3820754716981132,43,47,2,0
Fred,Man United,MF,2022-2023,35,1207,2,2,2.2472731824964285,2.549862952902913,2,0.29826014913007454,26,30,6,0
Tom Cairney,Fulham,MF,2022-2023,33,929,2,0,1.549193875864148,1.6246961504220965,2,0.193756727664155,21,12,2,0
Ryan Sessegnon,Tottenham,DF,2022-2023,17,810,2,0,2.117515377700329,1.040791004896164,2,0.2222222222222222,18,6,4,0
William Saliba,Arsenal,DF,2022-2023,27,2418,2,1,0.8184554874897003,1.120013577863574,2,0.11166253101736973,6,6,4,0
Stuart Armstrong,Southampton,MF,2022-2023,32,1408,2,1,2.106476968154311,2.606352062895894,2,0.19176136363636365,23,18,6,0
Naif Aguerd,West Ham,DF,2022-2023,18,1600,2,0,2.5115839689970016,0.6282200030982494,2,0.11249999999999999,12,6,4,0
Matheus Cunha,Wolves,FW,2022-2023,17,978,2,0,1.591183171607554,0.8713507484644651,2,0.18404907975460122,26,8,1,0
Ben White,Arsenal,DF,2022-2023,38,3094,2,5,0.9820632422342896,4.293553752824664,2,0.20361990950226244,10,27,5,0
Emerson,Tottenham,DF,2022-2023,26,1733,2,1,1.7453065998852253,0.4839589893817901,2,0.15579919215233698,17,9,2,1
Tomas Soucek,West Ham,MF,2022-2023,36,2839,2,3,3.82576912175864,1.9310189355164769,2,0.1585065163790067,34,15,3,0
Luke Ayling,Leeds,DF,2022-2023,29,2030,2,1,2.712577499449253,1.8191682416945696,2,0.1330049261083744,24,12,3,0
Pascal Struijk,Leeds,DF,2022-2023,29,2217,2,1,1.3350814320147038,2.1753706987947226,2,0.12178619756427606,16,13,5,0
Emmanuel Dennis,Nott'm Forest,FW,2022-2023,19,705,2,2,1.5486181434243915,0.5363962892442942,2,0.5106382978723405,21,7,3,0
Fabio Carvalho,Liverpool,FW,2022-2023,13,330,2,0,1.1579107120633123,0.1046279966831207,2,0.5454545454545455,11,1,0,0
Kamaldeen Sulemana,Southampton,FW,2022-2023,18,950,2,1,1.679018633440137,1.4270181329920888,2,0.28421052631578947,25,14,1,0
Kiernan Dewsbury-Hall,Leicester,FW,2022-2023,31,2334,2,2,1.8549880683422089,3.0710923951119184,2,0.15424164524421594,26,39,3,1
Matias Viña,Bournemouth,DF,2022-2023,12,453,2,0,0.7529756985604763,0.1579136550426483,2,0.3973509933774835,9,2,1,0
Michael Olise,Crystal Palace,FW,2022-2023,37,2774,2,11,2.659285433590412,7.174625148996711,2,0.42177361211247294,51,72,2,0
Joe Ayodele-Aribo,Southampton,FW,2022-2023,21,1224,2,0,2.054455615580082,0.9876715950667858,2,0.14705882352941177,14,9,2,0
Marcos Senesi,Bournemouth,DF,2022-2023,31,2508,2,0,2.0692426282912493,0.5055976919829845,2,0.07177033492822966,8,5,7,0
Wilfried Gnonto,Leeds,FW,2022-2023,24,1344,2,4,1.833498403429985,2.921407464891672,2,0.4017857142857143,22,22,7,0
Fabian Schär,Newcastle,DF,2022-2023,36,3223,1,3,5.092751467600465,2.4296507444232702,1,0.11169717654359293,56,19,7,0
Allan Saint-Maximin,Newcastle,FW,2022-2023,25,1101,1,5,1.6111805494874716,4.724137527868152,1,0.4904632152588556,28,31,1,0
Pierre-Emerick Aubameyang,Chelsea,FW,2022-2023,15,542,1,0,2.122752519324422,0.3434317037463188,1,0.16605166051660517,16,4,1,0
Joel Matip,Liverpool,DF,2022-2023,14,1095,1,0,0.6459370153024793,0.3237086497247219,1,0.08219178082191782,5,4,3,0
Ivan Perisic,Tottenham,DF,2022-2023,34,2107,1,8,3.0171149894595146,6.623175095766783,1,0.3844328429046037,29,48,6,0
Philippe Coutinho,Aston Villa,FW,2022-2023,20,750,1,0,1.3861289341002705,0.3858625032007694,1,0.12,21,8,3,0
Joel Ward,Crystal Palace,DF,2022-2023,28,2251,1,0,1.4655719939619305,0.3378884494304657,1,0.039982230119946685,7,10,6,0
James Tomkins,Crystal Palace,DF,2022-2023,6,340,1,0,0.7290570810437202,0.0,1,0.2647058823529412,3,0,1,1
Cheikhou Kouyaté,Nott'm Forest,DF,2022-2023,21,871,1,0,0.1867025382816791,0.9933399967849256,1,0.10332950631458095,6,8,3,0
Manuel Lanzini,West Ham,MF,2022-2023,10,230,1,0,0.6443301560357213,0.3371060192584991,1,0.391304347826087,3,1,0,0
Nathan Aké,Man City,DF,2022-2023,26,1874,1,0,1.3441827092319727,1.09055732563138,1,0.048025613660619,9,9,2,0
Seamus Coleman,Everton,DF,2022-2023,23,1686,1,0,0.2670318866148591,1.4559272825717926,1,0.05338078291814946,7,4,1,0
Ashley Young,Aston Villa,DF,2022-2023,29,2044,1,0,0.3949361126869917,0.7811885923147202,1,0.04403131115459882,15,14,7,0
Christian Eriksen,Man United,FW,2022-2023,28,2094,1,8,4.86724331881851,4.558254588395357,1,0.3868194842406877,38,36,3,0
Kieran Trippier,Newcastle,DF,2022-2023,38,3368,1,7,0.8719969913363457,13.462713163346052,1,0.21377672209026127,14,110,5,0
Marc Albrighton,Leicester,MF,2022-2023,6,232,1,0,0.4420046992599964,0.5711894929409027,1,0.3879310344827586,2,6,0,0
Diego Costa,Wolves,FW,2022-2023,23,1254,1,0,2.9844185262918472,0.5990131702274084,1,0.07177033492822966,28,11,5,1
Craig Dawson,"West Ham,Wolves",DF,2022-2023,25,2148,1,0,1.5213804170489311,0.1079010032117366,1,0.04189944134078212,17,2,6,0
Kyle Walker-Peters,Southampton,DF,2022-2023,31,2659,1,0,0.6717622503638268,1.83802130445838,1,0.03384731101918014,12,15,4,0
Alex Oxlade-Chamberlain,Liverpool,FW,2022-2023,9,338,1,0,1.493293778039515,0.7890531122684479,1,0.26627218934911245,7,5,0,0
Luke Shaw,Man United,DF,2022-2023,31,2570,1,2,0.9740113597363234,3.826654343865812,1,0.10505836575875485,14,34,8,0
Tyrone Mings,Aston Villa,DF,2022-2023,35,3150,1,2,1.2113220421597362,1.1698964163661003,1,0.08571428571428572,7,5,7,0
Dennis Praet,Leicester,MF,2022-2023,22,609,1,0,0.9074058122932912,0.5022870898246765,1,0.1477832512315271,5,3,1,0
Emerson,West Ham,DF,2022-2023,22,1331,1,0,1.005102353170514,0.8198722722008824,1,0.067618332081142,11,13,2,0
Michael Keane,Everton,DF,2022-2023,12,982,1,2,1.3261511586606505,1.0489701740443709,1,0.27494908350305497,14,3,0,0
James Tarkowski,Everton,DF,2022-2023,38,3420,1,1,3.02016625367105,3.46320622228086,1,0.05263157894736842,31,15,6,0
Rob Holding,Arsenal,DF,2022-2023,14,556,1,0,0.3741819858551025,0.0,1,0.1618705035971223,5,0,0,0
Nampalys Mendy,Leicester,MF,2022-2023,19,743,1,0,0.0925476998090744,0.0272580198943614,1,0.12113055181695827,2,2,1,0
Pontus Jansson,Brentford,DF,2022-2023,12,724,1,0,0.1967248991131782,0.0,1,0.12430939226519337,4,0,0,0
Lucas Digne,Aston Villa,DF,2022-2023,28,1494,1,0,0.4971364550292492,1.567529585212469,1,0.06024096385542168,8,18,5,0
Pablo Sarabia,Wolves,FW,2022-2023,13,788,1,0,2.5362928099930286,0.7747617959976196,1,0.11421319796954314,20,11,3,0
Mateo Kovacic,Chelsea,MF,2022-2023,27,1700,1,2,1.3262846283614635,1.793226939626038,1,0.1588235294117647,23,23,8,0
Jonny,Wolves,DF,2022-2023,18,1257,1,0,0.1871340097859501,0.5784888137131929,1,0.07159904534606205,9,5,3,1
Cristiano Ronaldo,Man United,FW,2022-2023,10,517,1,0,2.1407179944217205,0.3078578971326351,1,0.17408123791102514,25,6,2,0
Christian Pulisic,Chelsea,DF,2022-2023,24,779,1,1,1.8723955135792492,0.4368242975324392,1,0.23106546854942236,18,12,1,0
Oleksandr Zinchenko,Arsenal,DF,2022-2023,27,2179,1,2,1.1754031758755443,1.958403613418341,1,0.12391005048187241,27,19,3,0
Issa Diop,Fulham,DF,2022-2023,25,2004,1,0,0.1913936026394367,0.5267390348017216,1,0.04491017964071856,3,2,2,0
Lucas Moura,Tottenham,,2022-2023,15,117,1,0,0.7378932386636734,0.2311347499489784,1,0.7692307692307692,4,4,0,1
Ricardo Pereira,Leicester,DF,2022-2023,10,450,1,1,0.0841288976371288,0.4153192117810249,1,0.4,2,7,2,0
Serge Aurier,Nott'm Forest,DF,2022-2023,24,1958,1,0,0.6691436963155866,0.802479786798358,1,0.045965270684371805,9,10,2,0
Neal Maupay,Everton,FW,2022-2023,27,1101,1,0,5.434799870476127,0.3525178078562021,1,0.08174386920980926,32,7,4,0
Marc Roca,Leeds,MF,2022-2023,32,2375,1,2,2.0919028762727976,3.2171000884845853,1,0.11368421052631579,34,33,7,0
Estupiñán,Brighton,DF,2022-2023,35,2707,1,5,2.3249325277283788,5.642439822666347,1,0.19948282231252307,30,50,4,0
Caglar Söyüncü,Leicester,DF,2022-2023,7,527,1,0,0.3382616676390171,0.1161900013685226,1,0.17077798861480076,5,1,2,0
Scott McTominay,Man United,MF,2022-2023,24,1133,1,0,1.8013716908171773,1.078185809776187,1,0.0794351279788173,13,8,8,0
Tosin Adarabioyo,Fulham,DF,2022-2023,25,2081,1,0,0.5782807385548949,0.2267771176993847,1,0.04324843825084094,17,6,4,0
Sam Surridge,Nott'm Forest,FW,2022-2023,20,275,1,0,1.692672897130251,0.051858801394701,1,0.32727272727272727,9,1,2,0
Gonçalo Guedes,Wolves,FW,2022-2023,13,718,1,1,1.2725390158593657,0.5424784012138844,1,0.25069637883008355,19,9,1,0
Kenny Tete,Fulham,DF,2022-2023,31,2589,1,5,0.7199479946866632,2.3401720114052296,1,0.2085747392815759,13,23,8,0
Richarlison,Tottenham,FW,2022-2023,27,982,1,3,3.516935642808676,1.7408953551203012,1,0.3665987780040733,27,16,3,0
Lewis Dunk,Brighton,DF,2022-2023,36,3240,1,0,2.040725097060204,0.8655232125893235,1,0.027777777777777776,22,9,4,0
Orel Mangala,Nott'm Forest,MF,2022-2023,27,1581,1,1,0.3729460705071687,0.4247147068381309,1,0.11385199240986718,9,3,3,0
Will Hughes,Crystal Palace,MF,2022-2023,27,796,1,1,0.5347504764795303,0.7693945411592722,1,0.22613065326633164,6,6,4,0
Lyanco,Southampton,DF,2022-2023,21,1160,1,1,0.7209816901013255,0.3901645038276911,1,0.15517241379310345,11,4,4,0
Joachim Andersen,Crystal Palace,DF,2022-2023,32,2786,1,0,1.8502881033346057,1.4228478781878948,1,0.03230437903804738,22,12,8,0
Júnior Firpo,Leeds,DF,2022-2023,19,1364,1,1,0.1414232105016708,0.9512499049305916,1,0.13196480938416422,2,8,6,1
Rayan Ait Nouri,Wolves,DF,2022-2023,21,1056,1,0,1.129896778613329,0.7609243048354983,1,0.08522727272727273,10,7,4,0
Conor Coady,Everton,DF,2022-2023,24,2096,1,1,0.6148279123008251,0.4616532074287534,1,0.08587786259541985,4,4,2,0
Matt Doherty,Tottenham,DF,2022-2023,12,665,1,0,0.8726177029311657,0.2881163954734802,1,0.13533834586466165,10,6,0,0
Mohamed Elyounoussi,Southampton,FW,2022-2023,33,2212,1,1,3.06923589669168,1.825184103101492,1,0.081374321880651,36,18,4,0
Duje Caleta-Car,Southampton,DF,2022-2023,13,947,1,0,1.0882597099989653,0.0416763015091419,1,0.09503695881731784,5,1,2,0
Sean Longstaff,Newcastle,MF,2022-2023,33,2509,1,4,4.526227671653032,3.4510617526248097,1,0.17935432443204466,33,23,2,0
Christian Nørgaard,Brentford,MF,2022-2023,22,1794,1,3,1.347744394093752,3.110040994361043,1,0.20066889632107024,19,12,6,0
Tim Ream,Fulham,DF,2022-2023,33,2900,1,0,0.4944004062563181,0.0717986021190881,1,0.03103448275862069,3,3,2,0
Oliver Skipp,Tottenham,MF,2022-2023,23,1510,1,0,0.2079088976606726,0.542324174195528,1,0.059602649006622516,7,10,7,0
Benoit Badiashile Mukinayi,Chelsea,DF,2022-2023,11,901,1,0,1.2135351449251175,0.6913552954792976,1,0.09988901220865705,6,3,2,0
Diogo Dalot,Man United,DF,2022-2023,26,2164,1,2,2.207693471573293,1.9137129141017797,1,0.12476894639556377,22,29,6,0
Dan Burn,Newcastle,DF,2022-2023,38,3130,1,0,2.2566577959805727,2.0211693542078137,1,0.02875399361022364,21,16,5,0
Harvey Elliott,Liverpool,FW,2022-2023,32,1602,1,2,2.027079835534096,3.9797140900045633,1,0.16853932584269662,36,26,2,0
Wesley Fofana,"Chelsea,Leicester",DF,2022-2023,17,1372,1,0,0.8552336050197482,0.0366367762908339,1,0.06559766763848397,8,2,4,0
Marc Guehi,Crystal Palace,DF,2022-2023,37,3330,1,0,1.6622220277786257,0.6576718036085367,1,0.02702702702702703,14,10,8,0
John McGinn,Aston Villa,MF,2022-2023,34,2692,1,3,1.9473767010495069,3.408585306257009,1,0.1337295690936107,42,18,7,0
Arnaut Danjuma Groeneveld,Tottenham,MF,2022-2023,9,151,1,0,0.6234146766364574,0.0274659004062414,1,0.5960264900662251,6,1,0,0
Reece James,Chelsea,DF,2022-2023,16,1242,1,1,1.0140665946528316,3.066504817456007,1,0.14492753623188406,16,21,4,0
Neco Williams,Nott'm Forest,DF,2022-2023,31,1860,1,0,1.469770667143166,1.4695117715746164,1,0.04838709677419355,25,15,7,0
Armando Broja,Chelsea,FW,2022-2023,12,266,1,0,0.8572464846074581,0.0866743996739387,1,0.3383458646616541,6,1,0,0
Ellis Simms,Everton,FW,2022-2023,11,200,1,0,1.0451708808541298,0.0746167004108429,1,0.44999999999999996,8,2,0,0
Wout Faes,Leicester,DF,2022-2023,31,2790,1,2,1.100052266381681,0.5714022628962994,1,0.0967741935483871,13,9,4,1
Joël Veltman,Brighton,DF,2022-2023,31,2215,1,1,1.341551687568426,1.0200357679277658,1,0.08126410835214447,14,10,6,0
Liam Cooper,Leeds,DF,2022-2023,18,1421,1,0,0.9520196840167046,0.4224689118564129,1,0.0633356790992259,10,5,5,0
Sékou Mara,Southampton,FW,2022-2023,22,510,1,2,1.0406398912891746,1.068390192463994,1,0.5294117647058824,16,6,1,0
Moisés Caicedo,Brighton,DF,2022-2023,37,3135,1,1,1.2356434240937233,2.643754145130515,1,0.057416267942583726,27,43,10,0
Sam Greenwood,Leeds,MF,2022-2023,18,373,1,2,0.6907202005386353,0.9013200886547564,1,0.7238605898123324,12,12,1,0
Dango Ouattara,Bournemouth,MF,2022-2023,19,1254,1,3,3.2873998740687966,2.4152716528624296,1,0.28708133971291866,26,18,1,0
Amadou Onana,Everton,MF,2022-2023,33,2529,1,2,3.0847347732633352,2.063957966864109,1,0.10676156583629892,34,22,9,0
Romeo Lavia,Southampton,MF,2022-2023,29,2261,1,0,0.2631778074428439,0.5177656905725598,1,0.039805395842547546,12,16,9,0
Jakub Kiwior,Arsenal,DF,2022-2023,7,426,1,0,0.0984370782971382,0.0273778699338436,1,0.2112676056338028,1,1,0,0
Toti,Wolves,DF,2022-2023,17,973,1,0,0.2356519745662808,0.184598222374916,1,0.09249743062692703,5,4,6,0
Tetê,Leicester,FW,2022-2023,13,756,1,0,1.8560382332652807,0.3867563046514988,1,0.11904761904761904,15,6,0,0
Stefan Bajcetic,Liverpool,MF,2022-2023,11,534,1,0,0.9587988276034594,0.7506909966468811,1,0.16853932584269662,6,4,2,0
Ryan Christie,Bournemouth,FW,2022-2023,32,1857,1,1,2.728575311601162,2.0688769351691008,1,0.09693053311793215,33,29,2,0
Brenden Aaronson,Leeds,FW,2022-2023,36,2415,1,3,3.9435534365475178,3.362793898209929,1,0.14906832298136646,41,45,2,0
Joe Worrall,Nott'm Forest,DF,2022-2023,30,2210,1,0,0.9123191181570292,0.567169152200222,1,0.04072398190045248,7,4,6,0
Lewis O&#039;Brien,Nott'm Forest,MF,2022-2023,13,572,1,0,0.4231923129409551,0.1791051030158996,1,0.15734265734265734,7,4,2,0
Lisandro Martínez,Man United,DF,2022-2023,27,2123,1,0,0.5251706019043922,0.2293218709528446,1,0.04239284032030146,10,6,6,0
Matheus Nunes,Wolves,MF,2022-2023,34,2507,1,1,2.3803958501666784,2.0282051162794232,1,0.07179896290386917,28,27,2,0
Fábio Vieira,Arsenal,MF,2022-2023,22,468,1,2,0.7378775309771299,2.2388318199664354,1,0.5769230769230769,15,12,0,0
Noni Madueke,Chelsea,FW,2022-2023,12,662,1,0,0.9803801961243152,0.513928035274148,1,0.13595166163141995,12,12,0,0
Facundo Buonanotte,Brighton,MF,2022-2023,13,553,1,1,1.0888761393725872,0.5841287039220333,1,0.325497287522604,11,6,2,0
Antoine Semenyo,Bournemouth,FW,2022-2023,11,237,1,0,0.3684318736195564,0.0759903937578201,1,0.379746835443038,3,2,0,0
João Gomes,Wolves,MF,2022-2023,11,650,1,0,0.2052773246541619,0.1225481405854225,1,0.13846153846153847,4,5,5,0
Bernd Leno,Fulham,GK,2022-2023,36,3240,0,0,0.0,0.0308126993477344,0,0.0,0,1,3,0
Thiago Alcántara,Liverpool,MF,2022-2023,18,1258,0,0,0.3972757617011666,1.4019673261791468,0,0.0,10,17,2,0
Steve Cook,Nott'm Forest,DF,2022-2023,12,958,0,0,0.1638485975563526,0.7961927652359009,0,0.0,3,3,4,0
Matt Ritchie,Newcastle,,2022-2023,7,25,0,0,0.0,0.0817376971244812,0,0.0,0,1,0,0
Junior Stanislas,Bournemouth,,2022-2023,4,52,0,0,0.0267488993704319,0.0846412032842636,0,0.0,1,2,0,0
Danny Ward,Leicester,GK,2022-2023,26,2340,0,0,0.0,0.0,0,0.0,0,0,0,0
James Milner,Liverpool,DF,2022-2023,31,841,0,1,0.3870005868375301,1.6215140726417303,0,0.1070154577883472,7,14,2,0
Mohamed Elneny,Arsenal,MF,2022-2023,5,107,0,0,0.0,0.0,0,0.0,0,0,0,0
Calum Chambers,Aston Villa,DF,2022-2023,14,318,0,0,0.0993134919553995,0.3778975680470466,0,0.0,2,2,2,0
Wayne Hennessey,Nott'm Forest,GK,2022-2023,4,271,0,0,0.0,0.0,0,0.0,0,0,0,0
Angelo Ogbonna,West Ham,DF,2022-2023,16,1235,0,0,0.2092116959393024,0.4893949385732412,0,0.0,3,3,0,0
Aaron Cresswell,West Ham,DF,2022-2023,28,2231,0,1,0.4190359637141227,3.1738543678075075,0,0.04034065441506051,9,40,3,0
David de Gea,Man United,GK,2022-2023,38,3420,0,0,0.0,0.0185502003878355,0,0.0,0,1,0,0
Jesse Lingard,Nott'm Forest,FW,2022-2023,17,937,0,0,0.6977619081735611,0.4312230888754129,0,0.0,10,11,1,0
Joe Rothwell,Bournemouth,MF,2022-2023,20,1028,0,1,0.1488286033272743,1.1982360780239103,0,0.08754863813229571,3,8,1,0
Joel Robles,Leeds,GK,2022-2023,4,360,0,0,0.0,0.0,0,0.0,0,0,1,0
Nathaniel Clyne,Crystal Palace,DF,2022-2023,22,1644,0,0,0.0,0.7021582964807749,0,0.0,0,7,3,0
Jordan Henderson,Liverpool,MF,2022-2023,35,2084,0,2,0.8594531016424298,3.592609709128737,0,0.08637236084452975,23,31,2,0
James McArthur,Crystal Palace,,2022-2023,4,42,0,0,0.0,0.0,0,0.0,0,0,0,0
Alex McCarthy,Southampton,GK,2022-2023,6,540,0,0,0.0,0.0,0,0.0,0,0,0,0
Hugo Lloris,Tottenham,GK,2022-2023,25,2208,0,0,0.0,0.0,0,0.0,0,0,0,0
Kyle Walker,Man City,DF,2022-2023,27,1957,0,0,0.3253306970000267,0.2089456282556057,0,0.0,5,6,3,0
Dele Alli,Everton,,2022-2023,2,26,0,0,0.0,0.0,0,0.0,0,0,0,0
Josh Onomah,Fulham,,2022-2023,2,11,0,0,0.0,0.0,0,0.0,0,0,0,0
Idrissa Gueye,Everton,MF,2022-2023,33,2638,0,1,0.5034467745572329,0.9359579710289836,0,0.03411675511751327,15,12,7,0
César Azpilicueta,Chelsea,DF,2022-2023,25,1511,0,0,0.3268246091902256,1.4374469444155693,0,0.0,9,13,3,0
Ruben Loftus-Cheek,Chelsea,DF,2022-2023,25,1550,0,1,0.856397295370698,1.7559158895164728,0,0.05806451612903226,9,15,1,0
Asmir Begovic,Everton,GK,2022-2023,1,90,0,0,0.0,0.0,0,0.0,0,0,0,0
Lukasz Fabianski,West Ham,GK,2022-2023,36,3115,0,0,0.0,0.0,0,0.0,0,0,1,0
André Ayew,Nott'm Forest,FW,2022-2023,13,286,0,0,0.9884005077183248,0.0331967063248157,0,0.0,4,1,1,0
Jordan Pickford,Everton,GK,2022-2023,37,3330,0,1,0.0,0.3126417994499206,0,0.02702702702702703,0,2,5,0
N&#039;Golo Kanté,Chelsea,MF,2022-2023,7,526,0,1,0.308291532099247,2.0793348141014576,0,0.1711026615969582,8,13,1,0
Daniel Amartey,Leicester,DF,2022-2023,20,1615,0,0,1.054015912115574,0.4650263823568821,0,0.0,6,5,1,0
Jamaal Lascelles,Newcastle,DF,2022-2023,7,200,0,0,0.120240394026041,0.0,0,0.0,2,0,2,0
Jack Colback,Nott'm Forest,MF,2022-2023,11,480,0,0,0.0,0.2822478041052818,0,0.0,0,2,0,0
Jonjo Shelvey,"Newcastle,Nott'm Forest",MF,2022-2023,11,565,0,0,0.1604539966210723,0.3491519913077354,0,0.0,6,6,1,0
Ayoze Pérez,Leicester,MF,2022-2023,8,373,0,1,0.8422358185052872,1.504247609525919,0,0.24128686327077745,8,11,0,0
Nathan Redmond,Southampton,,2022-2023,1,1,0,0,0.0,0.0,0,0.0,0,0,0,0
Jonny Evans,Leicester,DF,2022-2023,13,1057,0,0,0.0843219012022018,0.0927421972155571,0,0.0,1,1,1,0
Salomón Rondón,Everton,FW,2022-2023,7,96,0,0,0.7647659070789814,0.1265218034386634,0,0.0,4,2,0,0
Adam Smith,Bournemouth,DF,2022-2023,37,2957,0,1,0.9768042117357254,1.4084933251142502,0,0.03043625295908015,5,16,11,0
Fraser Forster,Tottenham,GK,2022-2023,14,1212,0,0,0.0,0.0,0,0.0,0,0,1,0
Oriol Romeu,Southampton,MF,2022-2023,1,77,0,0,0.0,0.0,0,0.0,0,0,0,0
Cédric Soares,"Arsenal,Fulham",DF,2022-2023,8,213,0,0,0.0555640272796154,0.1316027827560901,0,0.0,2,2,0,0
Matt Targett,Newcastle,DF,2022-2023,17,575,0,0,0.0252592992037534,0.3976358901709318,0,0.0,1,10,1,0
Sam Johnstone,Crystal Palace,GK,2022-2023,9,810,0,0,0.0,0.0,0,0.0,0,0,1,0
Kevin Mbabu,Fulham,DF,2022-2023,6,138,0,1,0.0,0.5595380067825317,0,0.6521739130434783,0,2,1,0
Mason Holgate,Everton,DF,2022-2023,8,505,0,0,0.9284062683582306,0.3237291630357504,0,0.0,4,6,1,1
Joseph Gomez,Liverpool,DF,2022-2023,21,1443,0,0,0.120236212387681,0.0427149012684822,0,0.0,7,1,3,0
Tom Davies,Everton,MF,2022-2023,19,500,0,0,1.3129857713356614,0.1336751990020275,0,0.0,9,2,3,0
Sergi Canos,Brentford,,2022-2023,5,55,0,0,0.0599079988896846,0.0176229998469352,0,0.0,1,1,0,0
Alisson,Liverpool,GK,2022-2023,37,3330,0,1,0.0,0.168625995516777,0,0.02702702702702703,0,1,1,0
Neto,Bournemouth,GK,2022-2023,27,2390,0,0,0.0,0.0,0,0.0,0,0,4,0
Mario Lemina,Wolves,MF,2022-2023,19,1325,0,1,0.2064824542030692,0.1570493020117283,0,0.06792452830188679,9,3,2,1
Remo Freuler,Nott'm Forest,MF,2022-2023,28,2178,0,0,0.3386984970420599,0.4867018014192581,0,0.0,8,12,5,0
Sasa Lukic,Fulham,MF,2022-2023,12,401,0,0,0.1066898759454488,0.0,0,0.0,5,0,1,0
Emil Krafth,Newcastle,,2022-2023,1,1,0,0,0.0,0.0,0,0.0,0,0,0,0
Nathaniel Chalobah,Fulham,MF,2022-2023,4,10,0,0,0.0855346992611885,0.0,0,0.0,1,0,0,1
Ryan Fraser,Newcastle,FW,2022-2023,8,309,0,0,0.3093165084719658,0.3554232940077781,0,0.0,6,5,1,0
Harry Maguire,Man United,DF,2022-2023,16,750,0,0,0.1488308310508728,0.3812321983277797,0,0.0,3,2,4,0
Andrew Robertson,Liverpool,DF,2022-2023,34,2609,0,8,1.0899251960217953,6.820856744423509,0,0.2759678037562285,13,52,3,0
Adam Forshaw,Leeds,MF,2022-2023,12,470,0,0,0.0106636295095086,0.4425672311335802,0,0.0,1,8,0,0
Javier Manquillo,Newcastle,,2022-2023,4,25,0,0,0.0,0.0,0,0.0,0,0,0,0
Jack Stephens,"Bournemouth,Southampton",DF,2022-2023,17,1215,0,0,0.2225914001464843,0.2588117085397243,0,0.0,2,3,3,0
Ainsley Maitland-Niles,Southampton,DF,2022-2023,22,1395,0,0,0.0137403002008795,0.4833124335855245,0,0.0,1,10,3,0
Lewis Cook,Bournemouth,MF,2022-2023,28,1694,0,2,0.183636961504817,2.3000271562486887,0,0.10625737898465171,6,23,4,0
Diego Llorente,Leeds,DF,2022-2023,8,646,0,0,0.301153801381588,0.0,0,0.0,6,0,1,0
Vicente Guaita,Crystal Palace,GK,2022-2023,27,2430,0,0,0.0,0.0,0,0.0,0,0,1,0
Keylor Navas,Nott'm Forest,GK,2022-2023,17,1530,0,0,0.0,0.0,0,0.0,0,0,2,0
Raphael Varane,Man United,DF,2022-2023,24,1918,0,0,0.911432646214962,0.1431176997721195,0,0.0,8,4,1,0
Alphonse Areola,West Ham,GK,2022-2023,5,305,0,0,0.0,0.0,0,0.0,0,0,0,0
Aymeric Laporte,Man City,DF,2022-2023,12,993,0,0,0.7524237418547273,0.212882986292243,0,0.0,10,6,0,0
Thilo Kehrer,West Ham,DF,2022-2023,27,2228,0,2,0.654550208710134,0.7119171218946576,0,0.0807899461400359,8,8,4,0
Maxwel Cornet,West Ham,MF,2022-2023,14,216,0,0,1.092479458078742,0.0942045971751213,0,0.0,9,1,0,0
Thiago Silva,Chelsea,DF,2022-2023,27,2352,0,2,1.4437993383035064,0.573215376585722,0,0.07653061224489796,15,5,2,0
Layvin Kurzawa,Fulham,DF,2022-2023,3,138,0,0,0.0,0.0,0,0.0,0,0,1,0
Fabinho,Liverpool,MF,2022-2023,36,2691,0,2,0.6533067272976041,2.687867143191397,0,0.06688963210702341,18,17,11,0
João Moutinho,Wolves,MF,2022-2023,31,1778,0,2,0.9379508132115006,2.346919506788254,0,0.10123734533183351,16,36,3,0
Morgan Sanson,Aston Villa,,2022-2023,2,2,0,0,0.0,0.0,0,0.0,0,0,0,0
Raúl Jiménez,Wolves,FW,2022-2023,15,842,0,1,2.711337735876441,1.5050795823335648,0,0.10688836104513064,20,9,0,0
Álex Moreno,Aston Villa,DF,2022-2023,19,1346,0,3,0.6219645887613297,2.47616658359766,0,0.20059435364041606,13,21,3,0
Mateusz Klich,Leeds,,2022-2023,14,224,0,0,0.1730077974498272,0.2886551991105079,0,0.0,4,5,2,0
Emiliano Martinez,Aston Villa,GK,2022-2023,36,3143,0,0,0.0,0.1398649960756302,0,0.0,0,2,7,0
Clement Lenglet,Tottenham,DF,2022-2023,26,2039,0,2,0.960752010345459,0.7074382677674294,0,0.08827856792545366,13,6,3,0
Kepa,Chelsea,GK,2022-2023,29,2567,0,0,0.0,0.0,0,0.0,0,0,1,0
Naby Keita,Liverpool,MF,2022-2023,8,290,0,0,0.4318549875169992,0.7309129983186722,0,0.0,10,8,1,0
Marcel Sabitzer,Man United,MF,2022-2023,11,635,0,1,0.6979504860937595,1.3641165122389791,0,0.14173228346456693,11,10,1,0
Weston McKennie,Leeds,MF,2022-2023,19,1450,0,1,0.590064475312829,0.7054706662893295,0,0.06206896551724138,13,13,7,0
Wilfred Ndidi,Leicester,DF,2022-2023,27,1691,0,0,0.1515615982934832,0.0530797010287642,0,0.0,7,3,4,0
Luka Milivojevic,Crystal Palace,MF,2022-2023,18,489,0,0,0.2416350301355123,0.1513487976044416,0,0.0,7,2,2,0
Nick Pope,Newcastle,GK,2022-2023,37,3261,0,0,0.0,0.0174218993633985,0,0.0,0,1,3,1
Aaron Wan-Bissaka,Man United,DF,2022-2023,19,1436,0,0,1.1713167987763882,1.153474660590291,0,0.0,10,15,2,0
Aaron Ramsdale,Arsenal,GK,2022-2023,38,3420,0,0,0.0,0.0,0,0.0,0,0,1,0
Yves Bissouma,Tottenham,MF,2022-2023,23,988,0,0,0.1294596353545785,0.4400514382869005,0,0.0,6,8,6,0
Cafú,Nott'm Forest,,2022-2023,1,3,0,0,0.0,0.0,0,0.0,0,0,0,0
Diego Carlos,Aston Villa,DF,2022-2023,3,203,0,0,0.7391797844320536,0.0345584973692894,0,0.0,4,1,0,0
Boubacar Kamara,Aston Villa,MF,2022-2023,24,1790,0,1,0.0835402803495526,0.6932991156354547,0,0.05027932960893854,4,7,4,0
Moussa Niakhate,Nott'm Forest,DF,2022-2023,14,1170,0,0,1.2535991268232465,0.0697230026125907,0,0.0,6,1,1,0
Jairo Riedewald,Crystal Palace,,2022-2023,6,50,0,0,0.0538971312344074,0.0,0,0.0,1,0,0,0
Zanka,Brentford,DF,2022-2023,18,1082,0,0,0.4019469805061817,0.2393823862075805,0,0.0,5,3,2,0
Jan Bednarek,"Aston Villa,Southampton",DF,2022-2023,23,1772,0,0,0.3442239593714475,0.1472967974841594,0,0.0,8,3,5,0
Shane Duffy,Fulham,,2022-2023,5,16,0,0,0.0223742593079805,0.0,0,0.0,1,0,0,0
Ederson,Man City,GK,2022-2023,35,3150,0,1,0.0,0.2855649888515472,0,0.02857142857142857,0,1,3,0
Victor Lindelöf,Man United,DF,2022-2023,20,1350,0,0,0.2323515973985195,0.0846685543656349,0,0.0,3,3,1,0
Ludwig Augustinsson,Aston Villa,DF,2022-2023,3,74,0,0,0.0730345025658607,0.0,0,0.0,2,0,1,0
Denis Zakaria,Chelsea,MF,2022-2023,7,417,0,0,0.2399110049009323,0.0211979001760482,0,0.0,2,1,0,0
Nélson Semedo,Wolves,DF,2022-2023,36,2646,0,1,0.7855268660932779,0.6530346218496561,0,0.034013605442176874,9,11,11,1
Davinson Sánchez,Tottenham,DF,2022-2023,18,845,0,0,0.3042332818731665,0.1408364623785019,0,0.0,6,2,1,0
Robin Koch,Leeds,DF,2022-2023,36,3186,0,0,1.059426173567772,0.2720854748040437,0,0.0,17,6,7,0
Boubakary Soumare,Leicester,MF,2022-2023,26,1640,0,0,0.0206572990864515,0.2854275647550821,0,0.0,1,11,9,0
Ibrahima Konaté,Liverpool,DF,2022-2023,18,1545,0,0,1.5610232884064317,0.2667285501956939,0,0.0,11,1,5,0
Harry Souttar,Leicester,DF,2022-2023,12,991,0,1,1.3052809908986092,0.1511544995009899,0,0.09081735620585267,8,3,2,0
Pedro Neto,Wolves,DF,2022-2023,18,993,0,0,1.1067704604938626,2.707404026761651,0,0.0,17,20,1,0
Ben Johnson,West Ham,DF,2022-2023,17,845,0,0,0.0838250741362571,0.2368279919028282,0,0.0,2,3,0,0
Manuel Akanji,Man City,DF,2022-2023,29,2272,0,1,1.069366091862321,0.2808441743254661,0,0.03961267605633803,15,7,2,0
Martin Dubravka,Newcastle,GK,2022-2023,2,157,0,0,0.0,0.0,0,0.0,0,0,0,0
Trevoh Chalobah,Chelsea,DF,2022-2023,25,1598,0,0,0.7949223592877388,0.1997714750468731,0,0.0,9,4,4,0
Sergio Gómez,Man City,MF,2022-2023,12,326,0,1,0.3138598967343569,0.4458680246025324,0,0.27607361963190186,7,5,0,0
Ibrahima Diallo,Southampton,MF,2022-2023,18,821,0,0,0.1378516973927617,0.1038510017096996,0,0.0,6,4,4,0
David Brooks,Bournemouth,MF,2022-2023,6,166,0,0,0.2445639120414853,0.1819901317358017,0,0.0,5,2,1,0
Neeskens Kebano,Fulham,MF,2022-2023,17,770,0,3,0.7552167885005474,1.5724477292969825,0,0.35064935064935066,9,13,0,0
Willy Boly,Nott'm Forest,DF,2022-2023,11,687,0,1,0.0699901822954416,0.117637999355793,0,0.13100436681222707,2,1,2,0
Rúben Vinagre,Everton,,2022-2023,2,13,0,0,0.0,0.0,0,0.0,0,0,0,0
Edouard Mendy,Chelsea,GK,2022-2023,10,853,0,0,0.0,0.0,0,0.0,0,0,1,0
Ryan Fredericks,Bournemouth,DF,2022-2023,12,524,0,0,0.0,0.0990857034921646,0,0.0,0,1,1,0
Mohammed Salisu,Southampton,DF,2022-2023,22,1973,0,1,1.6058198306709528,0.6115739094093442,0,0.0456158134820071,19,7,5,0
Georginio Rutter,Leeds,FW,2022-2023,11,238,0,1,0.2494509778916835,0.4192553162574768,0,0.37815126050420167,4,5,0,0
Robin Olsen,Aston Villa,GK,2022-2023,4,277,0,0,0.0,0.0,0,0.0,0,0,0,0
Hamed Junior Traore,Bournemouth,MF,2022-2023,7,435,0,0,0.7354794796556234,0.8439797200262547,0,0.0,6,14,0,0
Wout Weghorst,Man United,FW,2022-2023,17,798,0,1,2.2213404029607773,1.1286072386428714,0,0.11278195488721804,14,14,1,0
Saman Ghoddos,Brentford,,2022-2023,15,93,0,0,0.0554910004138946,0.2644379809498787,0,0.0,1,4,0,0
Marc Cucurella,Chelsea,DF,2022-2023,24,1682,0,2,0.3548601996153593,1.018142694607377,0,0.1070154577883472,7,11,4,0
Cristian Romero,Tottenham,DF,2022-2023,27,2367,0,1,0.859663300216198,0.888403657823801,0,0.03802281368821293,11,8,9,1
Emile Smith-Rowe,Arsenal,,2022-2023,12,132,0,2,0.3294837065041065,1.042964968830347,0,1.3636363636363638,4,6,0,0
Jason Steele,Brighton,GK,2022-2023,15,1350,0,1,0.0,0.1888159960508346,0,0.06666666666666667,0,1,1,0
Leander Dendoncker,"Aston Villa,Wolves",MF,2022-2023,24,888,0,0,0.5861904192715883,0.6650882922112942,0,0.0,5,7,0,0
Conor Coventry,West Ham,,2022-2023,1,1,0,0,0.0,0.0,0,0.0,0,0,0,0
Yan Valery,Southampton,DF,2022-2023,1,48,0,0,0.0,0.0,0,0.0,0,0,0,0
Giulian Biancone,Nott'm Forest,,2022-2023,2,13,0,0,0.0,0.0,0,0.0,0,0,0,0
Max Kilman,Wolves,DF,2022-2023,37,3310,0,0,1.4871823685243726,0.1923391576856374,0,0.0,14,4,3,0
Bryan Gil Salvatierra,Tottenham,FW,2022-2023,4,148,0,1,0.0724655985832214,0.2734795957803726,0,0.6081081081081081,2,2,1,0
Tyler Adams,Leeds,MF,2022-2023,24,2159,0,0,0.0683434996753931,1.370405713096261,0,0.0,4,24,4,1
Maximilian Wöber,Leeds,DF,2022-2023,16,1263,0,0,0.464545956812799,0.742159578949213,0,0.0,9,6,3,0
Chris Mepham,Bournemouth,DF,2022-2023,26,2197,0,0,0.5010207425802946,0.2000297037884593,0,0.0,8,4,7,0
James Garner,Everton,DF,2022-2023,16,777,0,1,0.8283093441277742,0.4450816921889782,0,0.11583011583011583,9,7,3,0
Mark Travers,Bournemouth,GK,2022-2023,12,1030,0,0,0.0,0.0,0,0.0,0,0,0,0
Ben Godfrey,Everton,DF,2022-2023,13,799,0,1,0.7159480974078178,0.1486973017454147,0,0.11264080100125155,6,3,2,0
Jamal Lewis,Newcastle,,2022-2023,2,4,0,0,0.0,0.0,0,0.0,0,0,0,0
Adam Webster,Brighton,DF,2022-2023,27,2000,0,0,1.5340027026832104,0.5189482178539038,0,0.0,18,6,2,0
Moussa Djenepo,Southampton,DF,2022-2023,16,695,0,2,0.2433777973055839,0.5622396729886532,0,0.2589928057553957,3,9,1,0
Dean Henderson,Nott'm Forest,GK,2022-2023,18,1620,0,0,0.0,0.0,0,0.0,0,0,2,0
Ezri Konsa Ngoyo,Aston Villa,DF,2022-2023,38,3325,0,0,0.8061013985425234,1.4513042895123365,0,0.0,8,8,6,0
James Justin,Leicester,DF,2022-2023,14,1257,0,0,0.1448470018804073,0.3056566026061773,0,0.0,5,7,0,0
Jack Stacey,Bournemouth,DF,2022-2023,10,288,0,0,0.0468770004808902,0.0,0,0.0,1,0,2,0
Renan Lodi,Nott'm Forest,DF,2022-2023,28,2236,0,1,0.751506220549345,1.318730404600501,0,0.04025044722719141,15,13,7,0
Caoimhin Kelleher,Liverpool,GK,2022-2023,1,90,0,0,0.0,0.0,0,0.0,0,0,0,0
Felipe,Nott'm Forest,DF,2022-2023,16,1427,0,1,1.246483264490962,1.502428017556667,0,0.06306937631394534,13,7,4,0
Takehiro Tomiyasu,Arsenal,DF,2022-2023,21,632,0,1,0.1446346025913953,0.6008766107261181,0,0.14240506329113925,3,4,2,0
Billy Gilmour,Brighton,MF,2022-2023,14,515,0,1,0.3644320666790008,0.3617988973855972,0,0.17475728155339806,6,2,1,0
Kieran Tierney,Arsenal,DF,2022-2023,27,733,0,1,0.3038469729945063,0.2897520996630192,0,0.1227830832196453,7,4,0,0
Lloyd Kelly,Bournemouth,DF,2022-2023,23,2044,0,2,0.1227391017600894,0.3940800903365016,0,0.08806262230919765,3,7,3,0
Boubacar Traore,Wolves,MF,2022-2023,10,399,0,1,0.0458009000867605,0.3329919874668121,0,0.22556390977443608,3,1,2,0
Tyrick Mitchell,Crystal Palace,DF,2022-2023,36,2903,0,2,0.8962186202406883,1.5452212002128365,0,0.06200482259731313,6,15,5,1
Japhet Tanganga,Tottenham,DF,2022-2023,4,153,0,0,0.0,0.0,0,0.0,0,0,0,0
Tariq Lamptey,Brighton,DF,2022-2023,20,414,0,0,0.2084955014288425,0.1961832959204912,0,0.0,5,4,1,0
Nathaniel Phillips,Liverpool,DF,2022-2023,2,67,0,0,0.0313891991972923,0.0,0,0.0,1,0,0,0
Chris Richards,Crystal Palace,DF,2022-2023,9,432,0,0,0.6922851279377937,0.4522219896316528,0,0.0,4,1,0,0
Harvey White,Tottenham,,2022-2023,1,3,0,0,0.0,0.0,0,0.0,0,0,0,0
Cole Palmer,Man City,FW,2022-2023,14,336,0,1,0.913382014259696,0.6336369244381785,0,0.26785714285714285,11,5,1,0
Luke Thomas,Leicester,DF,2022-2023,17,1064,0,0,0.0825991313904523,0.5999135356396437,0,0.0,3,4,3,0
Sven Botman,Newcastle,DF,2022-2023,36,3141,0,0,2.445929459296167,0.9378497563302516,0,0.0,22,9,2,0
Cheick Oumar Doucoure,Crystal Palace,MF,2022-2023,34,2825,0,3,0.9975933516398072,2.030144080519676,0,0.09557522123893805,36,26,8,1
Marek Rodák,Fulham,GK,2022-2023,2,180,0,0,0.0,0.0,0,0.0,0,0,0,0
Illan Meslier,Leeds,GK,2022-2023,34,3060,0,0,0.0571881011128425,0.0,0,0.0,1,0,3,0
Kalvin Phillips,Man City,MF,2022-2023,12,275,0,0,0.2444907762110233,0.136385791003704,0,0.0,6,3,1,0
Stefan Ortega Moreno,Man City,GK,2022-2023,3,270,0,0,0.0,0.0,0,0.0,0,0,0,0
Sasa Kalajdzic,Wolves,FW,2022-2023,1,48,0,0,0.5194780230522156,0.0,0,0.0,1,0,0,0
Donny van de Beek,Man United,MF,2022-2023,7,157,0,0,0.08036869764328,0.1288376990705728,0,0.0,2,3,0,0
Konstantinos Tsimikas,Liverpool,DF,2022-2023,20,754,0,4,0.6083908993750811,1.3976509422063828,0,0.47745358090185674,7,18,3,0
Mikkel Damsgaard,Brentford,FW,2022-2023,26,963,0,0,2.660358265042305,1.7436131360009313,0,0.0,12,11,4,0
Matthew Cash,Aston Villa,DF,2022-2023,26,1822,0,1,0.1666707005351781,0.4675993956625461,0,0.04939626783754117,7,8,4,0
Antonee Robinson,Fulham,DF,2022-2023,35,3088,0,1,0.0579266995191574,1.0235916152596474,0,0.029145077720207253,3,21,8,0
Aaron Hickey,Brentford,DF,2022-2023,26,1958,0,1,0.3167129307985306,0.6221226900815964,0,0.045965270684371805,11,6,7,0
Rúben Dias,Man City,DF,2022-2023,26,2006,0,0,1.9355910001322627,0.3942475691437721,0,0.0,10,3,3,0
Vladimir Coufal,West Ham,DF,2022-2023,27,2148,0,1,0.1806397484615445,2.275553598999977,0,0.04189944134078212,6,25,5,0
Hakim Ziyech,Chelsea,DF,2022-2023,18,630,0,3,0.5913859363645315,2.5491114612668757,0,0.42857142857142855,16,14,1,0
Pape Sarr,Tottenham,MF,2022-2023,11,200,0,1,0.0562562998384237,0.5660416968166828,0,0.44999999999999996,2,2,1,0
Robert Sánchez,Brighton,GK,2022-2023,23,2070,0,0,0.0,0.0,0,0.0,0,0,2,0
Elliot Anderson,Newcastle,MF,2022-2023,22,353,0,1,1.1292364411056042,1.5604944918304682,0,0.254957507082153,11,9,0,0
Kevin Schade,Brentford,FW,2022-2023,18,720,0,1,1.3834919892251492,1.5542514063417912,0,0.125,12,8,2,0
Naouirou Ahamada,Crystal Palace,,2022-2023,8,73,0,0,0.182050397619605,0.0916864015161991,0,0.0,3,2,1,0
Facundo Pellistri,Man United,,2022-2023,4,48,0,0,0.0,0.0,0,0.0,0,0,0,0
Joe Gelhardt,Leeds,FW,2022-2023,15,177,0,2,0.9828338120132684,0.731904000043869,0,1.0169491525423728,10,2,1,0
Carney Chukwuemeka,Chelsea,MF,2022-2023,14,323,0,0,0.2807844597846269,0.5179743207991123,0,0.0,5,8,0,0
Isaac Price,Everton,,2022-2023,1,30,0,0,0.0,0.0322885997593402,0,0.0,0,1,1,0
Cody Drameh,Leeds,DF,2022-2023,1,74,0,0,0.0,0.0,0,0.0,0,0,0,0
Valentino Livramento,Southampton,,2022-2023,2,19,0,0,0.0,0.0,0,0.0,0,0,0,0
Anthony Elanga,Man United,MF,2022-2023,16,408,0,1,1.2088623978197577,1.1436329931020737,0,0.22058823529411764,10,6,0,0
Tyrese Francois,Fulham,,2022-2023,1,1,0,0,0.0,0.0,0,0.0,0,0,0,0
David Raya,Brentford,GK,2022-2023,38,3420,0,0,0.1039170026779174,0.1581754013895988,0,0.0,1,2,1,0
Kristoffer Ajer,Brentford,DF,2022-2023,9,781,0,0,0.023081500083208,0.0165113992989063,0,0.0,1,1,0,0
Rico Henry,Brentford,DF,2022-2023,37,3260,0,2,1.945255502127111,3.062078721821308,0,0.05521472392638037,22,23,4,0
Frank Onyeka,Brentford,MF,2022-2023,21,823,0,2,1.3004195326939223,0.9003641102463007,0,0.2187120291616039,9,7,0,0
Mads Bech Sørensen,Brentford,,2022-2023,4,13,0,0,0.0,0.0,0,0.0,0,0,0,0
Mads Roerslev,Brentford,DF,2022-2023,20,1089,0,0,0.3934907913208008,1.8459260575473309,0,0.0,3,8,0,0
Halil Dervisoglu,Brentford,,2022-2023,1,5,0,0,0.0668924003839492,0.0,0,0.0,2,0,0,0
Albert Sambi Lokonga,"Arsenal,Crystal Palace",MF,2022-2023,15,732,0,0,0.1307045519351959,0.0456785000860691,0,0.0,2,2,2,0
Armel Bella Kotchap,Southampton,DF,2022-2023,24,1890,0,2,1.270264146849513,1.4630886502563951,0,0.09523809523809523,14,6,4,0
Nathan Collins,Wolves,DF,2022-2023,26,1788,0,0,0.1207122802734375,0.0746328979730606,0,0.0,3,2,2,1
Enock Mwepu,Brighton,FW,2022-2023,6,205,0,1,0.0766704007983207,0.4522641953080892,0,0.43902439024390244,2,3,0,0
José Sá,Wolves,GK,2022-2023,36,3240,0,0,0.0,0.0,0,0.0,0,0,2,0
Chem Campbell,Wolves,,2022-2023,5,55,0,0,0.0622584000229835,0.0,0,0.0,2,0,0,0
Cameron Archer,Aston Villa,,2022-2023,6,31,0,0,0.0,0.0,0,0.0,0,0,0,0
Shandon Baptiste,Brentford,MF,2022-2023,23,568,0,1,0.184569239616394,1.0790189672261477,0,0.15845070422535212,4,10,1,1
Jeremy Sarmiento,Brighton,MF,2022-2023,9,156,0,1,0.2745006997138262,0.2008139938116073,0,0.5769230769230769,5,2,1,0
Samuel Edozie,Southampton,FW,2022-2023,17,540,0,0,1.0850969199091196,0.3165547512471676,0,0.0,8,8,0,0
Hugo Bueno,Wolves,DF,2022-2023,21,1320,0,1,0.1124543994665145,1.070818241685629,0,0.06818181818181819,4,15,1,0
Lewis Brunt,Leicester,,2022-2023,1,21,0,0,0.0,0.0,0,0.0,0,0,0,0
Lewis Hall,Chelsea,DF,2022-2023,9,669,0,0,0.9621372651308776,2.483380403369665,0,0.0,11,15,1,0
Vitalii Mykolenko,Everton,DF,2022-2023,34,2651,0,0,0.6954699149355292,1.0392506159842014,0,0.0,10,18,4,0
Nathan Patterson,Everton,DF,2022-2023,19,1272,0,0,0.8275385983288288,0.7127293702214956,0,0.0,8,6,3,0
Omari Hutchinson,Chelsea,,2022-2023,1,20,0,0,0.0,0.0,0,0.0,0,0,0,0
Odeluga Offiah,Brighton,,2022-2023,2,17,0,0,0.0,0.0,0,0.0,0,0,0,0
Matthew Craig,Tottenham,,2022-2023,1,11,0,0,0.0,0.0,0,0.0,0,0,0,0
Malcolm Ebiowei,Crystal Palace,,2022-2023,3,26,0,0,0.0,0.0,0,0.0,0,0,0,0
Jay Stansfield,Fulham,MF,2022-2023,3,85,0,0,0.1730169951915741,0.0589650012552738,0,0.0,2,1,0,0
Luke Harris,Fulham,,2022-2023,3,6,0,0,0.0,0.0,0,0.0,0,0,0,0
Jordan Zemura,Bournemouth,DF,2022-2023,19,1465,0,1,0.3462909907102585,2.14239261392504,0,0.06143344709897611,4,18,1,0
Ben Pearson,Bournemouth,MF,2022-2023,7,285,0,0,0.0565079990774393,0.0,0,0.0,2,0,1,0
Emiliano Marcondes,Bournemouth,,2022-2023,1,6,0,0,0.0,0.0,0,0.0,0,0,0,0
Siriki Dembélé,Bournemouth,,2022-2023,6,93,0,0,0.1077635008841753,0.2604870051145553,0,0.0,2,4,0,0
Darko Gyabi,Leeds,,2022-2023,1,5,0,0,0.0653707012534141,0.0,0,0.0,1,0,0,0
Connor Ronan,Wolves,,2022-2023,1,1,0,0,0.0,0.0,0,0.0,0,0,0,0
Joseph Hodge,Wolves,MF,2022-2023,6,162,0,0,0.2323972880840301,0.0711171999573707,0,0.0,2,1,1,0
Scott McKenna,Nott'm Forest,DF,2022-2023,20,1568,0,0,0.072630500420928,0.8567974828183651,0,0.0,2,8,4,0
Harry Toffolo,Nott'm Forest,DF,2022-2023,19,922,0,0,0.2182767949998378,0.4909842014312744,0,0.0,6,5,2,0
Alex Mighten,Nott'm Forest,,2022-2023,1,5,0,0,0.0,0.0,0,0.0,0,0,0,0
Djed Spence,Tottenham,,2022-2023,4,4,0,0,0.1141080036759376,0.0,0,0.0,1,0,0,0
Gavin Bazunu,Southampton,GK,2022-2023,32,2880,0,0,0.0,0.0428376011550426,0,0.0,0,1,0,0
Tyrell Malacia,Man United,DF,2022-2023,22,1376,0,0,0.1680589988827705,0.7472324855625629,0,0.0,5,9,6,0
Levi Colwill,Brighton,DF,2022-2023,17,1213,0,2,1.5830463785678148,0.6098756808787584,0,0.1483924154987634,8,7,1,0
Jan Paul van Hecke,Brighton,DF,2022-2023,8,288,0,0,0.5538489818572998,0.0,0,0.0,2,0,2,0
Daniel Iversen,Leicester,GK,2022-2023,12,1080,0,0,0.0,0.0,0,0.0,0,0,0,0
Keane Lewis-Potter,Brentford,FW,2022-2023,10,307,0,1,0.6775096822530031,1.429301805794239,0,0.2931596091205212,7,5,0,0
Flynn Downes,West Ham,MF,2022-2023,21,738,0,0,0.3241226226091385,0.0507442839443683,0,0.0,4,2,2,0
Rico Lewis,Man City,DF,2022-2023,14,904,0,0,0.2003175821155309,1.379109164699912,0,0.0,5,11,1,0
Jamal Lowe,Bournemouth,,2022-2023,2,9,0,0,0.0,0.0,0,0.0,0,0,0,0
Bobby Clark,Liverpool,,2022-2023,1,5,0,0,0.0,0.0,0,0.0,0,0,0,0
Ryan Yates,Nott'm Forest,MF,2022-2023,26,1842,0,2,1.7420261716470122,1.0617644041776657,0,0.09771986970684039,26,7,5,0
Joseph Whitworth,Crystal Palace,GK,2022-2023,2,180,0,0,0.0,0.0,0,0.0,0,0,0,0
Owen Bevan,Bournemouth,,2022-2023,1,6,0,0,0.0,0.0,0,0.0,0,0,0,0
Marquinhos,Arsenal,,2022-2023,1,1,0,0,0.0,0.0,0,0.0,0,0,0,0
Juan Larios,Southampton,DF,2022-2023,5,144,0,0,0.0,0.0,0,0.0,0,0,0,0
Ethan Nwaneri,Arsenal,,2022-2023,1,1,0,0,0.0,0.0,0,0.0,0,0,0,0
Kobbie Mainoo,Man United,,2022-2023,1,7,0,0,0.0,0.0,0,0.0,0,0,0,0
Andrew Moran,Brighton,,2022-2023,1,9,0,0,0.0,0.0,0,0.0,0,0,0,0
Mateo Joseph,Leeds,,2022-2023,3,23,0,0,0.0736948028206825,0.0,0,0.0,1,0,0,0
Ben Doak,Liverpool,,2022-2023,2,20,0,0,0.0,0.0,0,0.0,0,0,0,0
Thomas Cannon,Everton,,2022-2023,2,15,0,0,0.0505074001848697,0.0708136036992073,0,0.0,1,1,0,0
Dexter Lembikisa,Wolves,,2022-2023,1,20,0,0,0.0,0.0,0,0.0,0,0,0,0
Divin Mubama,West Ham,,2022-2023,3,30,0,0,0.0,0.0591654740273952,0,0.0,0,1,0,0
David Ozoh,Crystal Palace,,2022-2023,1,1,0,0,0.0,0.0,0,0.0,0,0,0,0
Jack Hinshelwood,Brighton,,2022-2023,1,1,0,0,0.0,0.0,0,0.0,0,0,0,0
Gustavo Scarpa,Nott'm Forest,MF,2022-2023,6,173,0,0,0.2078698715195059,0.0278489999473094,0,0.0,7,1,1,0
David Datro Fofana,Chelsea,FW,2022-2023,3,65,0,0,0.326112687587738,0.0874276300892233,0,0.0,3,3,0,0
Mislav Orsic,Southampton,,2022-2023,1,3,0,0,0.0,0.0,0,0.0,0,0,0,0
Mykhailo Mudryk,Chelsea,FW,2022-2023,15,654,0,2,1.9044867679476736,0.7282041758298874,0,0.27522935779816515,14,10,1,0
Enzo Fernández,Chelsea,MF,2022-2023,18,1559,0,2,0.6178922252729535,2.1305470690131187,0,0.11545862732520847,20,20,3,0
James Bree,Southampton,DF,2022-2023,5,373,0,0,0.014379559084773,0.1782319955527782,0,0.0,1,4,1,0
Paul Onuachu,Southampton,FW,2022-2023,11,390,0,0,0.9351124968379736,0.3200107105076313,0,0.0,11,4,0,0
Daniel Bentley,Wolves,GK,2022-2023,2,180,0,0,0.0,0.0,0,0.0,0,0,0,0
Jhon Durán,Aston Villa,,2022-2023,12,103,0,0,0.7512960135936737,0.0525350011885166,0,0.0,7,1,1,0
Victor Kristiansen,Leicester,DF,2022-2023,12,902,0,1,0.1182039007544517,0.6666268110275269,0,0.09977827050997783,3,7,2,0
Máximo Perrone,Man City,,2022-2023,1,17,0,0,0.0,0.0,0,0.0,0,0,0,0
Yasin Ayari,Brighton,MF,2022-2023,3,59,0,0,0.0128233004361391,0.2380980178713798,0,0.0,1,2,0,0
Lewis Miley,Newcastle,,2022-2023,1,10,0,0,0.0640049427747726,0.0,0,0.0,1,0,0,0
Illia Zabarnyi,Bournemouth,DF,2022-2023,5,290,0,0,0.0,0.0,0,0.0,0,0,0,0
George Abbott,Tottenham,,2022-2023,1,1,0,0,0.0,0.0,0,0.0,0,0,0,0
Cameron Peupion,Brighton,,2022-2023,1,1,0,0,0.0536134205758571,0.0,0,0.0,1,0,0,0
Kamari Doyle,Southampton,,2022-2023,1,1,0,0,0.0,0.0,0,0.0,0,0,0,0
Dominic Ballard,Southampton,,2022-2023,2,17,0,0,0.0,0.0,0,0.0,0,0,0,0
Shea Charles,Man City,,2022-2023,1,26,0,0,0.0,0.0,0,0.0,0,0,0,0
Samuel Amo-Ameyaw,Southampton,,2022-2023,1,1,0,0,0.0,0.0250539388507604,0,0.0,0,1,0,0
Erling Haaland,Man City,FW,2023-2024,31,2581,27,5,31.65399668365717,4.7517555598169565,20,0.8717551336691205,122,29,1,0
Cole Palmer,"Chelsea,Man City",FW,2023-2024,34,2640,22,11,17.83224501274526,11.869294486939909,13,0.8181818181818182,108,72,7,0
Alexander Isak,Newcastle,FW,2023-2024,30,2305,21,2,22.07426631450653,3.652040131390095,16,0.7028199566160521,78,27,1,0
Dominic Solanke,Bournemouth,FW,2023-2024,38,3346,19,3,21.40683087334037,3.5437498800456524,17,0.5379557680812911,109,39,3,0
Phil Foden,Man City,FW,2023-2024,35,2895,19,8,11.307983005419374,8.51623285189271,19,0.839378238341969,105,73,2,0
Ollie Watkins,Aston Villa,FW,2023-2024,37,3250,19,13,19.26459836959839,7.745744535699487,19,0.8861538461538461,106,45,4,0
Mohamed Salah,Liverpool,FW,2023-2024,32,2556,18,10,21.94127439334989,12.332044444978235,13,0.8098591549295775,114,66,2,0
Son Heung-Min,Tottenham,FW,2023-2024,35,2989,17,10,12.978620901703836,13.341020658612251,15,0.7527601204416193,85,69,1,0
Jarrod Bowen,West Ham,FW,2023-2024,34,3026,16,6,13.498636420816185,6.437707958742976,16,0.6543291473892928,85,32,2,0
Jean-Philippe Mateta,Crystal Palace,FW,2023-2024,35,2303,16,5,12.290523625910282,3.52706278860569,14,0.742509769865393,46,32,3,0
Bukayo Saka,Arsenal,FW,2023-2024,35,2990,16,8,16.807056225836277,11.325986489653587,10,0.5418060200668896,107,89,4,0
Chris Wood,Nott'm Forest,FW,2023-2024,31,1797,14,1,13.364272002130749,1.987032251432538,14,0.7512520868113524,48,22,0,0
Nicolas Jackson,Chelsea,FW,2023-2024,35,2818,14,5,19.860593939200044,5.2836981769651175,14,0.6068133427963095,80,36,10,0
Kai Havertz,Arsenal,FW,2023-2024,37,2651,13,7,13.465729914605618,5.814370539039373,12,0.6450396076952094,69,45,11,0
Yoane Wissa,Brentford,FW,2023-2024,34,2556,12,3,11.16999962553382,3.828521143645048,12,0.5281690140845071,67,29,7,0
Matheus Cunha,Wolves,FW,2023-2024,32,2499,12,7,10.229120277799666,3.920058634132147,11,0.6482593037214887,73,28,8,0
Leandro Trossard,Arsenal,FW,2023-2024,34,1649,12,1,9.575767548754811,3.252073733136058,12,0.7095209217707701,60,24,2,0
Hee-Chan Hwang,Wolves,FW,2023-2024,29,2154,12,3,8.681871520355344,3.1403315979987383,11,0.584958217270195,45,17,6,0
Richarlison,Tottenham,FW,2023-2024,28,1511,11,4,9.619059151038527,1.9676255472004411,11,0.8934480476505626,61,15,3,0
Anthony Gordon,Newcastle,FW,2023-2024,35,2956,11,10,11.293779235333204,8.833045985549688,10,0.6089309878213803,81,56,10,1
Eberechi Eze,Crystal Palace,FW,2023-2024,27,2097,11,4,9.37310928851366,6.844833366572857,10,0.6008583690987124,83,54,3,0
Darwin Núñez,Liverpool,FW,2023-2024,36,2037,11,8,19.187851031310856,5.950456521473825,11,0.8394698085419735,108,33,9,0
Julián Álvarez,Man City,FW,2023-2024,36,2682,11,8,14.373571239411833,5.823111834935844,9,0.5704697986577181,98,66,2,0
Carlton Morris,Luton,FW,2023-2024,38,2879,11,4,12.306741118431091,3.691950936801732,6,0.3126085446335533,72,22,4,0
Bruno Fernandes,Man United,FW,2023-2024,35,3121,10,8,10.74626663699746,13.15852378681302,6,0.4037167574495354,95,113,9,0
Leon Bailey,Aston Villa,FW,2023-2024,35,2112,10,9,6.4655649326741695,10.29915790259838,10,0.8096590909090909,53,51,5,0
Diogo Jota,Liverpool,FW,2023-2024,21,1164,10,3,6.724682793021202,3.19649357162416,10,1.0051546391752577,41,23,1,1
Michael Olise,Crystal Palace,FW,2023-2024,19,1281,10,6,5.68741318397224,5.196664724498987,9,1.053864168618267,56,35,0,0
Rasmus Højlund,Man United,FW,2023-2024,30,2210,10,2,9.338883213698864,1.779460173100233,10,0.48868778280542985,38,28,2,0
Elijah Adebayo,Luton,FW,2023-2024,27,1422,10,0,6.630781220272183,0.8136616554111242,10,0.6329113924050632,31,14,1,0
Callum Wilson,Newcastle,FW,2023-2024,20,963,9,1,10.12450959533453,0.9339367430657148,7,0.7476635514018692,35,8,3,0
Douglas Luiz,Aston Villa,MF,2023-2024,35,3043,9,5,7.572099968791008,5.288189608603716,5,0.29576076240552085,48,53,12,0
Bryan Mbeumo,Brentford,FW,2023-2024,25,1954,9,6,9.158370908349752,5.14017678797245,6,0.5527123848515865,53,32,2,0
João Pedro,Brighton,FW,2023-2024,31,2026,9,3,11.918903339654207,5.4223863165825605,5,0.35538005923000987,75,37,2,0
Rodrigo Muniz,Fulham,FW,2023-2024,26,1602,9,1,8.481916300952435,1.3883774541318417,9,0.5617977528089887,72,16,1,0
Raheem Sterling,Chelsea,FW,2023-2024,31,1987,8,4,8.573790527880192,4.971372967585921,8,0.5435329642677402,51,30,7,0
Rodri,Man City,MF,2023-2024,34,2967,8,9,4.294270480051637,5.32604681327939,8,0.5156723963599595,62,50,8,1
Martin Odegaard,Arsenal,MF,2023-2024,35,3117,8,10,7.670226177200675,11.577396512031555,6,0.46198267564966317,77,102,2,0
Callum Hudson-Odoi,Nott'm Forest,FW,2023-2024,29,1844,8,1,3.01959465444088,3.0873287972062826,8,0.43926247288503256,38,36,0,0
Dejan Kulusevski,Tottenham,FW,2023-2024,36,2787,8,3,5.835474932566285,8.615606566891074,8,0.3552206673842842,57,65,7,0
Luis Díaz,Liverpool,FW,2023-2024,37,2706,8,5,12.864595355466008,6.482230054214597,8,0.43237250554323725,94,64,3,0
Cody Gakpo,Liverpool,FW,2023-2024,35,1640,8,5,8.769219513982534,4.2288118079304695,8,0.7134146341463415,66,25,1,0
Antoine Semenyo,Bournemouth,MF,2023-2024,33,2141,8,2,6.423830641433597,3.799709178507328,8,0.4203643157403083,70,29,7,0
Mohammed Kudus,West Ham,FW,2023-2024,33,2490,8,6,5.177267018705607,3.5089522134512663,8,0.5060240963855421,66,28,6,0
Marcus Rashford,Man United,FW,2023-2024,33,2292,7,2,7.661536030471325,2.390108224004507,5,0.274869109947644,62,24,2,0
James Ward-Prowse,West Ham,MF,2023-2024,37,3025,7,7,5.63929136376828,8.108484361320734,5,0.35702479338842974,44,64,4,0
Abdoulaye Doucouré,Everton,MF,2023-2024,32,2678,7,1,10.20444649644196,2.55271128565073,7,0.268857356235997,47,33,7,0
Odsonne Edouard,Crystal Palace,FW,2023-2024,30,1534,7,0,7.869511350989342,1.0359194399788976,7,0.4106910039113429,51,18,4,0
Raúl Jiménez,Fulham,FW,2023-2024,24,1423,7,0,5.9900733437389135,1.6923745833337307,7,0.44272663387210115,41,11,3,1
Declan Rice,Arsenal,MF,2023-2024,38,3256,7,8,3.186093623749912,5.895036246627569,7,0.41461916461916465,58,47,5,0
Dominic Calvert-Lewin,Everton,FW,2023-2024,32,2234,7,2,13.627293583005669,3.068425781559199,5,0.2820053715308863,73,19,2,0
Scott McTominay,Man United,FW,2023-2024,32,1861,7,1,6.777370238676667,1.0619673654437063,7,0.3868887694787749,44,11,2,0
Justin Kluivert,Bournemouth,MF,2023-2024,32,2029,7,1,7.296913180500269,1.6692864689975977,7,0.35485460818137016,56,21,5,0
Tomas Soucek,West Ham,MF,2023-2024,37,2885,7,2,7.466816443949938,2.1494441609829664,7,0.28076256499133445,42,20,7,0
Bruno Guimarães,Newcastle,MF,2023-2024,37,3292,7,8,4.978310074657202,7.888791332021356,7,0.4100850546780073,48,62,8,0
Alejandro Garnacho,Man United,MF,2023-2024,36,2601,7,4,9.865097627043724,5.915270071476698,7,0.3806228373702422,100,46,4,0
Michail Antonio,West Ham,FW,2023-2024,26,1775,6,2,6.025665767490864,1.559285182505846,6,0.4056338028169014,30,9,6,0
Oliver McBurnie,Sheffield United,FW,2023-2024,21,1290,6,3,7.429724760353565,2.1915900241583586,4,0.4883720930232558,33,12,3,2
Neal Maupay,"Brentford,Everton",FW,2023-2024,31,1381,6,3,7.23018298856914,2.382636667229235,6,0.5865314989138305,42,16,8,0
Bernardo Silva,Man City,MF,2023-2024,33,2599,6,9,4.0968160554766655,8.528519937768579,6,0.5194305502116199,34,65,8,0
Jacob Bruun Larsen,Burnley,FW,2023-2024,32,1272,6,0,5.2944221664220095,1.4546170141547918,5,0.3537735849056604,44,25,1,0
Moussa Diaby,Aston Villa,FW,2023-2024,38,2233,6,8,6.457844961434603,8.6211255826056,6,0.5642633228840126,54,46,1,0
Bobby Reid,Fulham,FW,2023-2024,33,1431,6,2,5.469232198782265,1.5773739200085402,6,0.5031446540880503,33,17,4,0
Sean Longstaff,Newcastle,MF,2023-2024,35,2748,6,2,7.077314300462604,3.0185976549983025,6,0.26200873362445415,41,20,7,0
John McGinn,Aston Villa,MF,2023-2024,35,3053,6,4,4.672283694148064,5.626847393810749,6,0.2947920078611202,40,45,9,1
Gabriel Martinelli,Arsenal,FW,2023-2024,35,2056,6,4,7.119670176878572,5.322934284806252,6,0.4377431906614786,58,46,1,0
Taiwo Awoniyi,Nott'm Forest,FW,2023-2024,20,1066,6,3,5.060870740562677,1.6294344998896122,6,0.7598499061913696,22,10,2,0
Evan Ferguson,Brighton,FW,2023-2024,27,1364,6,0,3.9660524409264326,0.6511713527143002,6,0.3958944281524927,33,6,1,0
Simon Adingra,Brighton,DF,2023-2024,31,2256,6,1,5.096701676025987,3.30205356515944,6,0.2792553191489362,52,33,3,0
Ben Brereton Díaz,Sheffield United,FW,2023-2024,14,1134,6,1,6.060540288686752,1.6426486261188984,5,0.4761904761904762,35,8,3,0
Alex Iwobi,"Everton,Fulham",MF,2023-2024,32,2398,5,2,5.662265548482537,4.8107705460861325,5,0.2627189324437031,55,52,2,0
Danny Welbeck,Brighton,FW,2023-2024,29,1723,5,1,6.242080001160502,2.18816620670259,5,0.3134068485200232,40,22,4,0
Ross Barkley,Luton,MF,2023-2024,32,2627,5,4,4.483209175989032,4.823556295596063,5,0.3083365055196041,66,43,6,0
Eddie Nketiah,Arsenal,FW,2023-2024,27,1036,5,2,5.057408779859543,1.209644090384245,5,0.6081081081081081,38,9,3,0
Harvey Barnes,Newcastle,FW,2023-2024,21,738,5,3,3.467865003272891,4.21071451343596,5,0.9756097560975611,27,13,3,0
Morgan Gibbs-White,Nott'm Forest,FW,2023-2024,37,3177,5,10,6.069625414907932,9.522167706862092,4,0.39660056657223797,71,74,9,0
Cristian Romero,Tottenham,DF,2023-2024,33,2796,5,0,3.9851038865745063,0.3418706227093935,5,0.1609442060085837,24,7,7,1
Lyle Foster,Burnley,FW,2023-2024,24,1938,5,3,5.608147136867046,1.4990256652235985,5,0.37151702786377705,34,19,0,1
Alexis Mac Allister,Liverpool,MF,2023-2024,33,2661,5,5,3.998983211815357,3.578091200441122,4,0.3043968432919955,44,47,7,1
Conor Gallagher,Chelsea,MF,2023-2024,37,3171,5,7,4.717563968151808,5.792711144313216,5,0.34058656575212864,48,52,7,1
Anthony Elanga,Nott'm Forest,FW,2023-2024,36,2430,5,9,6.7731207851320505,7.090984374284744,5,0.5185185185185185,54,33,1,0
Brennan Johnson,"Nott'm Forest,Tottenham",FW,2023-2024,35,2350,5,10,12.170278270728886,7.638319082558155,5,0.574468085106383,53,46,3,0
Mykhailo Mudryk,Chelsea,FW,2023-2024,31,1563,5,2,5.111277528107166,3.8853818774223328,5,0.40307101727447214,35,32,5,0
Noni Madueke,Chelsea,MF,2023-2024,23,1066,5,2,3.003602419048548,2.160680465400219,4,0.5065666041275797,32,20,2,0
Jhon Durán,Aston Villa,FW,2023-2024,23,394,5,0,1.9487376604229207,0.2149669798091054,5,1.1421319796954315,20,4,5,0
Zeki Amdouni,Burnley,FW,2023-2024,34,2025,5,1,6.100483123213053,1.494755046442151,4,0.2222222222222222,49,16,2,0
Fabian Schär,Newcastle,DF,2023-2024,36,3057,4,1,2.679914410226047,1.2247396316379309,4,0.14720314033366044,35,9,5,0
Pascal Groß,Brighton,DF,2023-2024,36,3107,4,10,6.07863125950098,8.449651076458395,3,0.37656903765690375,55,101,6,0
Kevin De Bruyne,Man City,MF,2023-2024,18,1233,4,10,2.578734993934632,11.979073725640774,4,1.0218978102189782,44,58,2,0
Idrissa Gueye,Everton,MF,2023-2024,25,1930,4,0,1.66155200637877,1.0346810910850763,4,0.18652849740932645,26,15,8,0
Jordan Ayew,Crystal Palace,FW,2023-2024,35,2563,4,7,4.262499047443271,4.95881259907037,4,0.38626609442060084,48,25,7,1
Willian,Fulham,FW,2023-2024,31,2080,4,2,5.017656198702753,4.14518438372761,2,0.17307692307692307,45,45,1,0
Ivan Toney,Brentford,FW,2023-2024,17,1447,4,2,7.132677088491619,2.186188329011202,4,0.3731859018659295,51,13,5,0
Mario Lemina,Wolves,MF,2023-2024,35,3002,4,1,4.610754423774779,1.7865049708634615,4,0.14990006662225183,48,20,10,1
Pablo Sarabia,Wolves,FW,2023-2024,30,1763,4,7,5.981299871578813,6.066077848896384,2,0.45944412932501416,46,52,5,0
Gabriel Jesus,Arsenal,FW,2023-2024,27,1496,4,5,7.291733928024769,4.235467437654734,4,0.5414438502673796,55,28,6,0
Harry Wilson,Fulham,FW,2023-2024,35,1576,4,6,2.819539733231068,3.1505596097558737,4,0.5710659898477157,39,22,6,0
James Maddison,Tottenham,MF,2023-2024,28,2206,4,9,6.2975962068885565,7.142374597489834,4,0.5303717135086128,57,66,5,0
Ben White,Arsenal,DF,2023-2024,37,3024,4,4,2.015913512557745,4.758832193911076,4,0.23809523809523808,13,38,8,0
Lucas Paquetá,West Ham,FW,2023-2024,31,2676,4,6,4.605092185549438,5.833031775429845,2,0.26905829596412556,42,41,10,0
Tahith Chong,Luton,DF,2023-2024,33,1978,4,0,3.5191842010244727,0.43756147287786,4,0.1820020222446916,30,9,4,0
Josh Brownhill,Burnley,MF,2023-2024,33,2229,4,2,1.8306225752457976,1.8270882591605184,4,0.24226110363391656,28,34,4,1
Josko Gvardiol,Man City,DF,2023-2024,28,2335,4,1,3.0817854246124625,2.115578116849065,4,0.19271948608137046,32,19,3,0
Cameron Archer,"Aston Villa,Sheffield United",FW,2023-2024,30,1870,4,1,5.785084556788206,2.983854740858078,4,0.24064171122994651,41,24,2,0
João Palhinha,Fulham,MF,2023-2024,33,2742,4,1,3.245512000285089,0.8451391234993935,4,0.1641137855579869,44,12,13,0
Marcos Senesi,Bournemouth,DF,2023-2024,31,2253,4,5,2.3658602572977543,1.8848512191325424,4,0.3595206391478029,13,22,13,0
David Datro Fofana,Burnley,FW,2023-2024,15,876,4,1,4.029318623244762,1.4943999461829662,4,0.5136986301369864,19,8,1,0
Chiedozie Ogbene,Luton,DF,2023-2024,30,1984,4,1,4.80650751106441,3.4691168274730444,4,0.22681451612903225,35,27,1,0
Gustavo Hamer,Sheffield United,FW,2023-2024,36,2986,4,6,2.414116295985877,6.986010514199734,4,0.3014065639651708,49,68,9,0
Jack Grealish,Man City,MF,2023-2024,20,975,3,1,2.3835059702396397,2.7743227388709784,3,0.3692307692307692,22,26,6,0
Andreas Pereira,Fulham,MF,2023-2024,37,2756,3,7,5.155889482237399,6.918029231950641,3,0.3265602322206096,52,83,7,0
Kurt Zouma,West Ham,DF,2023-2024,33,2849,3,0,2.339608912356198,0.1828841548413038,3,0.09477009477009476,16,4,3,0
Andrew Robertson,Liverpool,DF,2023-2024,23,1684,3,2,2.4325872622430325,6.65541476290673,3,0.2672209026128266,12,62,2,0
Trent Alexander-Arnold,Liverpool,DF,2023-2024,28,2190,3,4,2.745258178561926,8.361615665256977,3,0.28767123287671237,47,64,6,0
Thiago Silva,Chelsea,DF,2023-2024,31,2530,3,1,0.7915211245417595,1.4041369603946805,3,0.1422924901185771,14,9,4,0
Christopher Nkunku,Chelsea,FW,2023-2024,11,416,3,0,2.412173550575972,0.2275804504752159,3,0.6490384615384616,16,3,0,0
Gabriel,Arsenal,DF,2023-2024,36,3050,3,0,4.025354804471135,0.8747859355062246,3,0.08852459016393444,31,3,4,0
Lewis Dunk,Brighton,DF,2023-2024,33,2895,3,1,2.9649088978767395,1.1697372319176793,3,0.12435233160621763,34,13,7,1
Solly March,Brighton,DF,2023-2024,7,571,3,1,2.7198847085237503,0.9913322664797306,3,0.6304728546409808,14,7,1,0
Jacob Murphy,Newcastle,DF,2023-2024,21,1216,3,7,2.8978680092841387,5.225788880139589,3,0.7401315789473685,30,31,1,0
Dwight McNeil,Everton,DF,2023-2024,35,2914,3,6,3.64070400595665,10.325187070295216,3,0.2779684282772821,57,69,2,0
Pedro Porro,Tottenham,DF,2023-2024,35,3101,3,7,2.83508870145306,7.285218555480242,3,0.29022895840051594,53,52,3,0
Mathias Jensen,Brentford,MF,2023-2024,32,2294,3,3,0.689183003269136,4.908007476478815,3,0.23539668700959024,14,41,5,0
Miguel Almirón,Newcastle,FW,2023-2024,33,1967,3,1,5.132560992613435,3.0761873684823517,3,0.18301982714794104,41,25,2,0
Harvey Elliott,Liverpool,FW,2023-2024,34,1268,3,6,2.5765033923089504,4.262343382462859,3,0.638801261829653,49,36,2,0
Jarrad Branthwaite,Everton,DF,2023-2024,35,3122,3,0,1.9108920088037848,0.9319860828109086,3,0.08648302370275464,14,4,8,0
Jack Harrison,Everton,MF,2023-2024,29,2229,3,3,4.149862082675099,4.3471535332500935,3,0.24226110363391656,34,27,1,0
Dara O&#039;Shea,Burnley,DF,2023-2024,33,2899,3,4,0.9073518002405764,1.6444027656689286,3,0.21731631597102452,19,13,5,1
Jéremy Doku,Man City,DF,2023-2024,29,1616,3,8,3.76985201984644,5.476052410900593,3,0.6126237623762376,56,45,3,0
Pape Sarr,Tottenham,MF,2023-2024,34,2141,3,3,3.842421315610409,2.0322468373924494,3,0.25221858944418496,36,20,9,0
Jayden Bogle,Sheffield United,DF,2023-2024,34,2817,3,0,2.602401724085212,0.7326478343456984,3,0.09584664536741214,32,10,8,0
Dominik Szoboszlai,Liverpool,MF,2023-2024,33,2135,3,2,3.519060474820435,5.657645266503096,3,0.2107728337236534,60,55,1,0
Beto,Everton,FW,2023-2024,30,898,3,0,7.16694748448208,1.1942407237365842,3,0.30066815144766146,43,11,2,0
Micky van de Ven,Tottenham,DF,2023-2024,27,2345,3,0,0.9709036685526372,0.0354084856808185,3,0.11513859275053304,8,1,5,0
James McAtee,"Man City,Sheffield United",FW,2023-2024,31,1848,3,3,3.202349577099085,3.065165574662388,2,0.24350649350649348,26,28,2,0
Marcus Tavernier,Bournemouth,FW,2023-2024,30,2163,3,4,4.385046798735857,6.264871651306748,3,0.2912621359223301,53,44,3,0
Kaoru Mitoma,Brighton,DF,2023-2024,19,1482,3,4,4.680040899664164,3.3876203782856464,3,0.42510121457489886,34,25,4,0
Keane Lewis-Potter,Brentford,DF,2023-2024,30,1432,3,1,8.581757307052612,1.6146608591079712,3,0.25139664804469275,43,13,0,0
Wilson Odobert,Burnley,FW,2023-2024,29,2150,3,2,2.5438556540757418,4.427815416827798,3,0.20930232558139533,49,31,3,0
Kobbie Mainoo,Man United,MF,2023-2024,24,1980,3,1,0.7737709768116474,0.8450042605400085,3,0.18181818181818182,11,15,3,0
Jack Hinshelwood,Brighton,DF,2023-2024,12,890,3,0,2.163621000945568,0.8382504060864449,3,0.3033707865168539,14,8,1,0
Enzo Fernández,Chelsea,MF,2023-2024,28,2237,3,2,6.147583088837564,3.558830797672272,2,0.16092981671881987,47,32,7,0
Facundo Buonanotte,Brighton,FW,2023-2024,27,1408,3,1,2.974676702171564,2.304281622171402,3,0.2556818181818182,21,19,7,0
Morgan Rogers,Aston Villa,MF,2023-2024,11,652,3,1,1.086574248969555,0.90475139208138,3,0.5521472392638037,11,9,3,0
Timo Werner,Tottenham,FW,2023-2024,13,827,2,3,4.212947295978665,3.4769514203071594,2,0.5441354292623942,29,15,1,0
Joelinton,Newcastle,FW,2023-2024,20,1289,2,1,2.559178806841373,2.958754763007164,2,0.2094647013188518,19,23,6,0
Nathan Aké,Man City,DF,2023-2024,29,2046,2,2,2.18010578583926,1.736834991723299,2,0.1759530791788856,20,10,0,0
Jeffrey Schlupp,Crystal Palace,FW,2023-2024,29,1370,2,2,1.8823988568037748,2.1711694821715355,2,0.26277372262773724,19,18,1,0
Virgil van Dijk,Liverpool,DF,2023-2024,36,3177,2,2,3.299967482686043,1.8630620841868224,2,0.113314447592068,45,11,3,1
Jay Rodriguez,Burnley,FW,2023-2024,21,781,2,1,4.621791888028383,0.1711099222302436,1,0.23047375160051217,22,4,0,0
Adama Traoré,Fulham,MF,2023-2024,17,310,2,3,1.4920614697039127,0.7020887192338705,2,1.4516129032258063,11,7,2,0
Josh Cullen,Burnley,MF,2023-2024,25,2072,2,3,0.532621605321765,1.9263525325804949,2,0.2171814671814672,16,26,9,0
Ben Mee,Brentford,DF,2023-2024,16,1290,2,0,1.4556071758270264,0.2498973030596971,2,0.13953488372093023,10,6,1,1
Harry Maguire,Man United,DF,2023-2024,22,1645,2,2,2.137907139956951,1.306744921952486,2,0.2188449848024316,20,6,3,0
Álex Moreno,Aston Villa,DF,2023-2024,21,1033,2,0,1.4437588155269625,1.1591111738234758,2,0.17424975798644723,8,11,2,0
Estupiñán,Brighton,DF,2023-2024,19,1239,2,3,1.034091948531568,3.28635298833251,2,0.3631961259079903,11,26,4,0
Tosin Adarabioyo,Fulham,DF,2023-2024,20,1618,2,0,0.9477480566129088,0.1365393549203872,2,0.11124845488257107,14,2,2,0
Giovani Lo Celso,Tottenham,MF,2023-2024,22,466,2,2,0.4979793429374695,1.60302646830678,2,0.7725321888412017,13,17,2,0
Youri Tielemans,Aston Villa,FW,2023-2024,32,1580,2,6,1.0049287639558315,3.0543287601321936,2,0.45569620253164556,14,18,3,0
Philip Billing,Bournemouth,MF,2023-2024,29,1359,2,2,2.870723254047334,3.7171403001993895,2,0.26490066225165565,30,23,3,1
Enes Ünal,Bournemouth,FW,2023-2024,16,283,2,2,4.017524182796478,1.2090652771294117,2,1.2720848056537102,23,5,1,0
Pau Torres,Aston Villa,DF,2023-2024,29,2467,2,0,1.5308636222034693,0.6226628543809056,2,0.0729631130928253,12,8,1,0
Joachim Andersen,Crystal Palace,DF,2023-2024,38,3420,2,3,2.444138385821134,2.889101937413216,2,0.13157894736842105,21,21,7,0
Pedro Neto,Wolves,FW,2023-2024,20,1524,2,9,3.287029344588518,5.216042526066303,2,0.6496062992125984,36,37,4,0
Manuel Akanji,Man City,DF,2023-2024,30,2517,2,0,2.200386293232441,0.5265345014631748,2,0.07151370679380215,15,13,2,1
Rayan Ait Nouri,Wolves,DF,2023-2024,33,2391,2,1,3.2441271310672164,2.3514519911259413,2,0.11292346298619825,23,25,7,0
Nicolo Zaniolo,Aston Villa,FW,2023-2024,25,820,2,0,3.7046729400753975,0.6395295020192862,2,0.21951219512195122,27,10,7,0
Willy Boly,Nott'm Forest,DF,2023-2024,20,1461,2,1,1.4704081807285547,1.3754375465214252,2,0.18480492813141683,14,8,1,1
Axel Disasi,Chelsea,DF,2023-2024,31,2586,2,0,2.678889036178589,0.1950406357645988,2,0.06960556844547564,16,3,6,0
William Saliba,Arsenal,DF,2023-2024,38,3420,2,1,2.367191250436008,0.2489092536270618,2,0.07894736842105263,10,6,4,0
Christian Nørgaard,Brentford,MF,2023-2024,31,2556,2,1,3.172293212264776,2.970704079605639,2,0.10563380281690142,36,24,8,0
Diogo Dalot,Man United,DF,2023-2024,36,3171,2,3,1.3286937261000276,3.0855262465775013,2,0.14191106906338694,30,38,4,1
Max Kilman,Wolves,DF,2023-2024,38,3420,2,0,2.598186601884663,1.1396792819723487,2,0.05263157894736842,14,17,7,0
Dan Burn,Newcastle,DF,2023-2024,33,2763,2,2,4.111052492633462,1.8968225196003916,2,0.13029315960912052,23,9,4,0
Carlos Vinicius,Fulham,FW,2023-2024,13,286,2,0,1.6243880316615105,0.5761066563427448,2,0.6293706293706294,9,5,2,0
Jean-Ricner Bellegarde,Wolves,DF,2023-2024,22,938,2,1,1.361364832147956,0.9551639519631864,2,0.2878464818763326,15,12,0,1
Takehiro Tomiyasu,Arsenal,DF,2023-2024,22,1106,2,1,1.6189159248024223,0.5923872366547585,2,0.24412296564195296,17,6,0,1
Anssumane Fati,Brighton,FW,2023-2024,19,456,2,0,3.8195773735642433,0.6551500093191862,2,0.39473684210526316,26,6,2,0
Tyrick Mitchell,Crystal Palace,DF,2023-2024,37,3221,2,3,2.2116162590682507,3.6366397831588975,2,0.13970816516609746,12,24,6,0
Nicolás Domínguez,Nott'm Forest,MF,2023-2024,26,1543,2,2,1.7021510526537895,0.9089695196598768,2,0.23331173039533376,22,10,4,0
Sven Botman,Newcastle,DF,2023-2024,17,1383,2,2,0.9827942438423634,1.1396078020334244,2,0.2603036876355748,10,5,2,0
Sasa Kalajdzic,Wolves,FW,2023-2024,11,132,2,0,1.3522434905171394,1.0801250115036964,2,1.3636363636363638,4,4,0,0
Iyenoma Destiny Udogie,Tottenham,DF,2023-2024,28,2437,2,3,2.81389419734478,2.5504489485174417,2,0.1846532622076323,9,24,5,1
Matthew Cash,Aston Villa,DF,2023-2024,29,2142,2,2,4.486114578321576,2.969944916665554,2,0.1680672268907563,33,13,8,0
Kevin Schade,Brentford,FW,2023-2024,11,299,2,1,1.4017144106328487,0.9465273916721344,2,0.903010033444816,8,4,0,0
Amadou Onana,Everton,MF,2023-2024,30,2093,2,0,2.553437914699316,2.4138805400580168,2,0.08600095556617296,29,18,5,0
Kristoffer Ajer,Brentford,DF,2023-2024,28,1845,2,1,1.4675675723701715,2.600812576711178,2,0.14634146341463414,12,12,5,0
Ethan Pinnock,Brentford,DF,2023-2024,29,2521,2,0,3.382065122947097,0.5834191367030144,2,0.07140023800079333,19,4,1,0
Jarell Quansah,Liverpool,DF,2023-2024,17,1182,2,0,1.426688393577933,0.0755226109176874,2,0.15228426395939088,6,3,1,0
Vitalii Mykolenko,Everton,DF,2023-2024,28,2482,2,0,1.9085629284381864,1.246465403586626,2,0.072522159548751,26,13,0,0
Anel Ahmedhodzic,Sheffield United,DF,2023-2024,31,2646,2,0,3.4643044117838144,0.9506413880735636,2,0.06802721088435375,19,7,9,1
Rico Lewis,Man City,DF,2023-2024,16,802,2,0,0.8562885001301765,1.764199182391167,2,0.22443890274314213,5,13,1,0
Luis Sinisterra,Bournemouth,MF,2023-2024,20,670,2,2,2.296443399041891,2.3218660429120064,2,0.5373134328358209,27,19,0,0
Danilo,Nott'm Forest,FW,2023-2024,29,1799,2,2,1.6652069194242358,1.5294003784656525,2,0.2001111728738188,23,20,4,0
João Gomes,Wolves,MF,2023-2024,34,2690,2,1,1.8554088305681944,1.327573673799634,2,0.10037174721189591,26,19,11,0
Jacob Brown,Luton,FW,2023-2024,19,1031,2,0,3.0787864811718464,0.8424425385892391,2,0.1745877788554801,25,8,4,0
Luke Berry,Luton,MF,2023-2024,17,272,2,1,1.1334221102297306,0.0616301111876964,2,0.9926470588235294,8,1,1,0
Alfie Doughty,Luton,DF,2023-2024,37,2980,2,8,1.831780318170786,6.612265331670642,2,0.3020134228187919,26,70,5,0
Gabriel Osho,Luton,DF,2023-2024,21,1853,2,0,1.2455969844013453,0.0953587368130683,2,0.09713977334052887,10,2,3,0
Matt Ritchie,Newcastle,,2023-2024,13,97,1,0,1.525990355759859,0.0,1,0.9278350515463918,6,0,1,0
Anthony Martial,Man United,FW,2023-2024,13,430,1,0,1.0567390732467177,0.2762942183762789,1,0.20930232558139536,6,6,0,0
John Stones,Man City,DF,2023-2024,16,1060,1,0,0.7489623166620731,0.261431485414505,1,0.08490566037735849,4,6,2,0
Christian Eriksen,Man United,MF,2023-2024,22,1130,1,2,0.6886363411322236,2.3459482928738,1,0.23893805309734514,13,27,1,0
Kieran Trippier,Newcastle,DF,2023-2024,28,2255,1,10,0.6469280309975147,8.592840051278472,1,0.4390243902439024,8,66,5,0
Ben Davies,Tottenham,DF,2023-2024,17,1067,1,0,2.077168807387352,0.3106337115168571,1,0.08434864104967198,12,4,2,0
Ola Aina,Nott'm Forest,DF,2023-2024,22,1730,1,1,0.2965008215978741,0.7307851929217577,1,0.10404624277456648,11,11,3,0
Jamaal Lascelles,Newcastle,DF,2023-2024,16,1072,1,0,1.0759279876947403,0.0364065654575824,1,0.08395522388059701,6,2,4,0
Andros Townsend,Luton,FW,2023-2024,27,1211,1,3,1.4216714538633823,1.456837410107255,1,0.2972749793559042,20,18,1,0
Craig Dawson,Wolves,DF,2023-2024,25,2214,1,1,1.357585897669196,1.350392846390605,1,0.08130081300813008,16,9,7,0
Danny Ings,West Ham,FW,2023-2024,20,342,1,0,1.2228488996624949,0.3788724727928638,1,0.2631578947368421,12,5,1,0
Emerson,West Ham,DF,2023-2024,36,3163,1,2,1.6024377886205912,1.5223980667069554,1,0.0853619981030667,19,23,10,0
Sasa Lukic,Fulham,MF,2023-2024,24,1107,1,0,1.2816824559122324,0.6108460575342178,1,0.08130081300813008,13,10,3,0
Michael Keane,Everton,DF,2023-2024,9,432,1,0,0.9261618256568908,0.0,1,0.20833333333333334,6,0,2,0
Johann Berg Gudmundsson,Burnley,FW,2023-2024,26,1175,1,3,2.048229966312647,3.143440945073962,1,0.30638297872340425,15,34,2,0
James Tarkowski,Everton,DF,2023-2024,38,3420,1,1,3.3438648656010628,2.957596180029213,1,0.05263157894736842,25,21,11,0
Lucas Digne,Aston Villa,DF,2023-2024,33,2406,1,3,1.2978818826377392,2.9300744011998177,1,0.14962593516209477,20,37,7,0
Jefferson Lerma,Crystal Palace,DF,2023-2024,28,2413,1,1,2.384976907633245,2.4383071903139357,1,0.07459593866556155,34,24,8,0
Raphael Varane,Man United,DF,2023-2024,22,1374,1,0,1.1560358591377735,0.0810448750853538,1,0.06550218340611354,8,1,2,0
Casemiro,Man United,DF,2023-2024,25,2006,1,2,3.123898906633258,1.3856250941753387,1,0.1345962113659023,38,16,7,0
Mateo Kovacic,Man City,MF,2023-2024,30,1540,1,0,1.42939617857337,1.6855967957526443,1,0.05844155844155844,22,21,4,0
André Gomes,Everton,MF,2023-2024,12,476,1,0,0.3153491877019405,0.2601973935961723,1,0.18907563025210083,8,3,4,0
Oleksandr Zinchenko,Arsenal,DF,2023-2024,27,1742,1,2,0.5664580916054547,3.02644526027143,1,0.15499425947187143,17,29,2,0
Maxwel Cornet,West Ham,MF,2023-2024,7,101,1,0,0.5305153168737888,0.1610036846250295,1,0.8910891089108911,4,4,0,0
Kenny Tete,Fulham,DF,2023-2024,14,880,1,0,1.1781789623200891,0.1614780435338616,1,0.10227272727272727,4,3,2,0
Moussa Niakhate,Nott'm Forest,DF,2023-2024,21,1446,1,0,1.166658602654934,0.0978621523827314,1,0.06224066390041494,5,3,3,1
Zanka,Brentford,DF,2023-2024,14,1082,1,0,0.6000314559787512,0.9500103443861008,1,0.08317929759704251,8,6,4,0
Charlie Taylor,Burnley,DF,2023-2024,28,2336,1,1,0.2403556806966662,1.883366331458092,1,0.07705479452054795,10,15,8,0
Victor Lindelöf,Man United,DF,2023-2024,19,1340,1,1,0.4308417942374944,0.2853157091885805,1,0.13432835820895522,6,8,2,0
Orel Mangala,Nott'm Forest,MF,2023-2024,20,1599,1,0,0.8923602215945721,0.2867993172258138,1,0.056285178236397754,10,6,6,0
Rodrigo Bentancur,Tottenham,MF,2023-2024,23,1016,1,1,1.622593866661191,0.5037150774151087,1,0.17716535433070865,18,8,7,0
Timothy Castagne,Fulham,DF,2023-2024,34,2627,1,3,1.3355903550982475,1.5853081783279777,1,0.13703844689760183,14,18,3,0
Trevoh Chalobah,Chelsea,DF,2023-2024,13,944,1,0,0.3591152802109718,0.0749409683048725,1,0.09533898305084745,2,2,1,0
Joe Willock,Newcastle,MF,2023-2024,9,419,1,0,1.0462103113532066,0.4477159287780523,1,0.21479713603818615,7,7,0,0
Curtis Jones,Liverpool,MF,2023-2024,23,1152,1,1,2.483465351164341,0.9511555470526218,1,0.15625,19,11,3,1
Konstantinos Mavropanos,West Ham,DF,2023-2024,19,1490,1,0,0.8723389487713575,0.1037653312087059,1,0.060402684563758385,12,2,2,0
David Brooks,Bournemouth,MF,2023-2024,13,241,1,1,2.203701872378588,0.9074392039328814,1,0.7468879668049793,13,8,1,0
Tom Cairney,Fulham,MF,2023-2024,34,1427,1,4,1.009905599988997,3.1143901832401752,1,0.3153468815697267,17,25,3,0
Matt Doherty,Wolves,DF,2023-2024,30,1087,1,0,1.1126765199005604,1.0989295095205307,1,0.0827966881324747,8,12,2,0
Naif Aguerd,West Ham,DF,2023-2024,21,1871,1,0,1.6546711716800928,0.2851862292736769,1,0.048102618920363445,14,4,1,1
Saman Ghoddos,Brentford,DF,2023-2024,19,701,1,0,0.302081985399127,1.0297286342829466,1,0.12838801711840228,9,10,5,0
Tim Ream,Fulham,DF,2023-2024,18,1513,1,0,0.960849940776825,0.0,1,0.059484467944481166,1,0,2,1
Leander Dendoncker,Aston Villa,MF,2023-2024,8,117,1,0,0.8101427890360355,0.0,1,0.7692307692307692,2,0,0,0
Emerson,Tottenham,DF,2023-2024,22,1145,1,0,0.1771470475941896,0.4156769150868058,1,0.07860262008733625,6,3,4,0
James Garner,Everton,MF,2023-2024,37,3016,1,2,2.2248211354017258,5.287607742473483,1,0.08952254641909814,41,43,7,0
Oliver Norwood,Sheffield United,MF,2023-2024,27,1413,1,0,0.9864262714982032,0.6933921938762069,0,0.0,15,16,8,0
Ezri Konsa Ngoyo,Aston Villa,DF,2023-2024,35,3090,1,0,2.3284507524222136,0.6873185783624649,1,0.029126213592233007,19,8,5,0
Mason Mount,Man United,MF,2023-2024,14,501,1,0,0.6238168478012085,0.3742097811773419,1,0.17964071856287425,5,6,2,0
Sandro Tonali,Newcastle,MF,2023-2024,8,436,1,0,0.8581285923719406,0.5521692577749491,1,0.20642201834862386,3,7,2,0
Arnaut Danjuma Groeneveld,Everton,FW,2023-2024,14,572,1,0,3.4230369105935097,0.8538514971733093,1,0.15734265734265734,25,6,0,0
Amad Diallo Traore,Man United,MF,2023-2024,9,375,1,1,0.5594709701836109,1.0110422410070896,1,0.48,10,10,1,0
Sander Berge,Burnley,MF,2023-2024,37,3020,1,2,2.122107489034533,3.1849441323429346,1,0.08940397350993377,25,29,8,1
Jack Robinson,Sheffield United,DF,2023-2024,34,2885,1,1,1.5116838621906936,1.087454216554761,1,0.062391681109185436,14,12,10,0
Armando Broja,"Chelsea,Fulham",FW,2023-2024,21,500,1,1,2.489345548674464,0.7393966801464558,1,0.36,13,4,0,0
Chris Richards,Crystal Palace,DF,2023-2024,26,2085,1,1,0.6396042630076408,0.6775753749534488,1,0.08633093525179855,11,6,3,0
Joël Veltman,Brighton,DF,2023-2024,27,1549,1,1,0.7444530799984932,0.5223252037540078,1,0.11620400258231116,6,4,4,0
Wataru Endo,Liverpool,MF,2023-2024,29,1718,1,0,0.4377728682011366,1.4933863505721092,1,0.05238649592549476,10,16,10,0
Jacob Ramsey,Aston Villa,MF,2023-2024,16,824,1,1,2.316869243979454,0.9168627075850964,1,0.2184466019417476,19,9,2,0
Lorenz Assignon,Burnley,DF,2023-2024,15,1249,1,2,0.4085904136300087,2.075187735259533,1,0.21617293835068055,9,13,3,1
Carney Chukwuemeka,Chelsea,MF,2023-2024,9,219,1,1,0.1176121979951858,0.2483895514160394,1,0.8219178082191781,3,5,2,0
Moisés Caicedo,Chelsea,MF,2023-2024,35,2897,1,3,0.2973291608504951,2.49897606484592,1,0.12426648256817396,13,22,11,0
Valentino Livramento,Newcastle,DF,2023-2024,26,1275,1,0,0.961045878008008,1.0808788742870092,1,0.07058823529411765,4,12,1,0
Hannibal Mejbri,Man United,MF,2023-2024,5,124,1,0,0.0166018810123205,0.2175336331129074,1,0.7258064516129032,1,2,1,0
Dango Ouattara,Bournemouth,DF,2023-2024,30,1200,1,2,2.8214692445471883,1.69136568531394,1,0.22499999999999998,30,17,3,0
Vitaly Janelt,Brentford,DF,2023-2024,38,3137,1,3,2.0162796927616,4.314206030219793,1,0.11475932419509086,21,37,8,0
Frank Onyeka,Brentford,MF,2023-2024,26,1124,1,2,2.0069142188876867,1.8476180955767632,1,0.2402135231316726,22,12,8,0
Mads Roerslev,Brentford,DF,2023-2024,34,2009,1,2,1.1281067915260792,2.064798539504409,1,0.13439522150323543,7,15,1,0
Albert Sambi Lokonga,Luton,MF,2023-2024,17,1331,1,3,0.7531502321362495,1.4872490242123604,1,0.270473328324568,8,9,4,0
Nathan Collins,Brentford,DF,2023-2024,32,2647,1,1,1.9630648605525491,2.0567236468195915,1,0.0680015111446921,10,11,3,0
Shandon Baptiste,Brentford,MF,2023-2024,10,203,1,1,0.8607992753386497,0.4303002767264843,1,0.8866995073891626,2,4,1,0
Jakub Kiwior,Arsenal,DF,2023-2024,20,953,1,3,1.1961752735078337,0.9080287516117096,1,0.3777544596012592,6,6,1,0
Lewis Dobbin,Everton,MF,2023-2024,12,198,1,0,0.502917317673564,0.4989037085324526,1,0.45454545454545453,5,4,1,0
Conor Bradley,Liverpool,DF,2023-2024,11,776,1,3,0.9028667435050012,1.9515707418322563,1,0.4639175257731959,12,15,2,0
Lewis Hall,Newcastle,DF,2023-2024,18,748,1,0,0.4160314388573169,0.301099419593811,1,0.12032085561497326,11,3,2,0
Toti,Wolves,DF,2023-2024,35,2789,1,3,1.6792987622320652,1.210701234638691,1,0.1290785227680172,10,6,7,0
Luca Koleosho,Burnley,FW,2023-2024,15,1015,1,1,2.3243730422109365,1.4566490054130554,1,0.1773399014778325,23,11,0,0
Ryan Gravenberch,Liverpool,MF,2023-2024,26,1116,1,0,1.7132481131702662,1.092048980295658,1,0.08064516129032258,23,15,0,0
Kieffer Moore,Bournemouth,,2023-2024,8,76,1,0,1.253773618489504,0.4799897577613592,1,1.1842105263157894,6,2,0,0
Harry Toffolo,Nott'm Forest,DF,2023-2024,23,1439,1,3,1.4097881969064474,1.481477415189147,1,0.2501737317581654,8,18,3,0
Levi Colwill,Chelsea,DF,2023-2024,23,1813,1,1,0.7760256305336952,1.2379922457039356,1,0.09928295642581356,11,7,2,0
Vinicius Souza,Sheffield United,DF,2023-2024,36,2676,1,0,0.5002630027011037,0.7816855013370514,1,0.033632286995515695,14,5,3,0
Ryan Yates,Nott'm Forest,MF,2023-2024,35,1967,1,1,2.6223334167152643,1.0064595751464367,1,0.09150991357397052,32,7,6,0
Fábio Vieira,Arsenal,MF,2023-2024,11,277,1,2,1.164049606770277,1.3098269253969193,0,0.6498194945848376,7,5,0,1
Antony,Man United,MF,2023-2024,29,1329,1,1,3.493122511543333,3.495804164558649,1,0.13544018058690743,43,22,5,0
Lewis Miley,Newcastle,MF,2023-2024,17,1223,1,3,1.1169020980596542,1.546121459454298,1,0.294358135731807,13,12,1,0
Illia Zabarnyi,Bournemouth,DF,2023-2024,37,3330,1,0,1.736923448741436,0.3827739413827657,1,0.02702702702702703,8,7,5,0
Alfie Gilchrist,Chelsea,DF,2023-2024,11,192,1,0,0.6408083289861679,0.0,1,0.46875,5,0,1,0
Ameen Al Dakhil,Burnley,DF,2023-2024,13,1055,1,0,1.2219129763543606,0.0983457993716001,1,0.08530805687203792,8,2,1,0
Tom Lockyer,Luton,DF,2023-2024,14,1185,1,1,1.6194254234433174,0.3757978826761246,1,0.1518987341772152,7,3,4,0
Mads Andersen,Luton,DF,2023-2024,8,390,1,0,0.6939341500401497,0.0,1,0.23076923076923078,3,0,1,0
Cauley Woodrow,Luton,FW,2023-2024,24,344,1,1,0.9773385636508464,1.1986291874200106,1,0.5232558139534883,16,10,2,0
Calvin Bassey,Fulham,DF,2023-2024,29,2278,1,0,0.3684718329459429,0.105975404381752,1,0.03950834064969271,5,2,4,1
Oscar Bobb,Man City,MF,2023-2024,14,269,1,1,1.49422175437212,1.187767542898655,1,0.6691449814126395,4,8,0,0
Edson Álvarez,West Ham,MF,2023-2024,31,2405,1,1,1.2118008164688945,0.5929595055058599,1,0.07484407484407485,17,12,11,0
Teden Mengi,Luton,DF,2023-2024,30,2465,1,0,0.6793681988492608,0.3480907082557678,1,0.036511156186612576,11,6,3,0
Alejo Véliz,Tottenham,,2023-2024,8,27,1,0,0.2056590020656585,0.0,1,3.3333333333333335,2,0,1,0
Alex Scott,Bournemouth,MF,2023-2024,23,997,1,1,0.6420764941722155,2.070768877863884,1,0.18054162487462388,15,22,3,0
Jordan Clark,Luton,MF,2023-2024,23,1326,1,1,0.9263012297451496,1.848531438037753,1,0.13574660633484165,17,12,4,0
George Earthy,West Ham,,2023-2024,3,21,1,0,0.6298984289169312,0.0,1,4.285714285714286,1,0,0,0
Loris Karius,Newcastle,GK,2023-2024,1,90,0,0,0.0,0.0,0,0.0,0,0,0,0
Bernd Leno,Fulham,GK,2023-2024,38,3420,0,0,0.0,0.0,0,0.0,0,0,3,0
Mahmoud Dahoud,Brighton,MF,2023-2024,9,462,0,1,0.1646883096545934,1.1006960421800611,0,0.1948051948051948,6,10,1,1
Thiago Alcántara,Liverpool,,2023-2024,1,1,0,0,0.0,0.0,0,0.0,0,0,0,0
Joel Matip,Liverpool,DF,2023-2024,10,798,0,0,0.5547500364482403,0.0490581784397363,0,0.0,5,2,2,0
Pierre-Emile Højbjerg,Tottenham,MF,2023-2024,36,1212,0,0,0.544023672118783,1.134924995712936,0,0.0,19,8,4,0
Odisseas Vlachodimos,Nott'm Forest,GK,2023-2024,5,450,0,0,0.0,0.0326653309166431,0,0.0,0,1,0,0
Ivan Perisic,Tottenham,,2023-2024,5,71,0,1,0.1300245970487594,1.1601292341947556,0,1.267605633802817,2,5,2,0
Divock Origi,Nott'm Forest,FW,2023-2024,20,557,0,1,1.545853216201067,1.5920869708061218,0,0.1615798922800718,14,7,1,0
Adam Lallana,Brighton,MF,2023-2024,25,875,0,1,0.7641588356345892,1.4911685585975647,0,0.10285714285714287,11,15,2,0
Philippe Coutinho,Aston Villa,,2023-2024,2,18,0,0,0.1422571539878845,0.0,0,0.0,3,0,0,0
James Milner,Brighton,DF,2023-2024,15,788,0,2,0.2864724565297365,1.4874638468027117,0,0.22842639593908629,5,16,3,0
Mohamed Elneny,Arsenal,,2023-2024,3,18,0,0,0.0575435645878315,0.0,0,0.0,2,0,0,0
Calum Chambers,Aston Villa,MF,2023-2024,5,137,0,1,0.0,0.0567669123411178,0,0.6569343065693432,0,1,1,0
Joel Ward,Crystal Palace,DF,2023-2024,26,1985,0,1,0.7851169966161251,0.0965822115540504,0,0.04534005037783375,10,2,4,0
Angelo Ogbonna,West Ham,DF,2023-2024,11,629,0,0,0.0406796969473362,0.0,0,0.0,1,0,1,0
James Tomkins,Crystal Palace,,2023-2024,4,4,0,0,0.0,0.0,0,0.0,0,0,0,0
Cheikhou Kouyaté,Nott'm Forest,MF,2023-2024,12,199,0,0,0.4007705431431532,0.0558466427028179,0,0.0,5,1,2,0
Aaron Cresswell,West Ham,DF,2023-2024,11,414,0,0,0.0,0.4446245804429054,0,0.0,0,5,1,0
Joe Rothwell,Bournemouth,MF,2023-2024,11,370,0,0,0.0497114863246679,0.1371351620182395,0,0.0,2,4,0,0
Seamus Coleman,Everton,DF,2023-2024,12,654,0,0,0.0,0.8893022555857897,0,0.0,0,3,0,0
Nathaniel Clyne,Crystal Palace,DF,2023-2024,19,1341,0,0,0.1827639872208237,0.1501605957746505,0,0.0,4,3,0,0
Ashley Young,Everton,DF,2023-2024,31,2305,0,0,0.5671309139579535,2.473125728778541,0,0.0,13,21,5,1
Kyle Walker,Man City,DF,2023-2024,32,2770,0,4,0.3650220464915037,3.342263269238174,0,0.1299638989169675,16,25,2,0
Eric Dier,Tottenham,DF,2023-2024,4,187,0,0,0.0,0.0,0,0.0,0,0,0,0
Bertrand Traoré,Aston Villa,,2023-2024,2,7,0,0,0.0,0.0,0,0.0,0,0,0,0
Lukasz Fabianski,West Ham,GK,2023-2024,10,706,0,0,0.0,0.0,0,0.0,0,0,0,0
Jack Cork,Burnley,,2023-2024,4,16,0,0,0.0,0.0,0,0.0,0,0,0,0
Jordan Pickford,Everton,GK,2023-2024,38,3420,0,0,0.0,0.1356039261445403,0,0.0,0,4,5,0
Aleksandar Mitrovic,Fulham,,2023-2024,1,31,0,0,0.1909874528646469,0.0,0,0.0,2,0,0,0
Ben Chilwell,Chelsea,DF,2023-2024,13,771,0,1,1.2212005220353603,1.793320189230144,0,0.11673151750972763,12,14,5,0
Nathan Redmond,Burnley,,2023-2024,12,100,0,0,0.0,0.2518436722457409,0,0.0,0,4,1,0
Jonny Evans,Man United,DF,2023-2024,23,1399,0,1,0.0817585885524749,0.7122423723340034,0,0.06433166547533953,1,6,2,0
Adam Smith,Bournemouth,DF,2023-2024,28,2185,0,2,0.0396374240517616,1.4616671204566956,0,0.08237986270022883,2,17,6,0
Cédric Soares,Arsenal,,2023-2024,3,44,0,0,0.0,0.0,0,0.0,0,0,0,0
Paul Dummett,Newcastle,,2023-2024,5,11,0,0,0.0,0.0,0,0.0,0,0,0,0
Matt Targett,Newcastle,DF,2023-2024,3,78,0,0,0.0,0.062733381986618,0,0.0,0,1,1,0
Harrison Reed,Fulham,MF,2023-2024,27,1298,0,2,0.2859246646985411,1.2897144686430693,0,0.1386748844375963,9,14,6,0
Sam Johnstone,Crystal Palace,GK,2023-2024,20,1800,0,0,0.0,0.0,0,0.0,0,0,1,0
Mason Holgate,Sheffield United,DF,2023-2024,10,718,0,0,0.9260915219783784,0.4414309561252594,0,0.0,3,1,3,1
Joseph Gomez,Liverpool,DF,2023-2024,32,1749,0,1,0.8164968742057681,1.5004456005990503,0,0.051457975986277875,19,21,5,0
Luke Shaw,Man United,DF,2023-2024,12,976,0,0,0.0712745040655136,0.954092476516962,0,0.0,2,13,6,0
Tyrone Mings,Aston Villa,DF,2023-2024,1,30,0,0,0.0141590423882007,0.1377824246883392,0,0.0,1,1,0,0
Tom Davies,Sheffield United,MF,2023-2024,9,194,0,0,0.2513177208602428,0.0346355289220809,0,0.0,4,1,2,0
Thomas Strakosha,Brentford,GK,2023-2024,2,127,0,0,0.0,0.0,0,0.0,0,0,0,0
Alisson,Liverpool,GK,2023-2024,28,2520,0,0,0.0,0.0,0,0.0,0,0,1,0
Neto,Bournemouth,GK,2023-2024,32,2880,0,0,0.0,0.0,0,0.0,0,0,5,0
Jorginho,Arsenal,MF,2023-2024,24,911,0,2,0.0800427403301,1.5529427882283926,0,0.19758507135016468,4,10,1,0
Emil Krafth,Newcastle,DF,2023-2024,17,912,0,0,0.2253649309277534,0.9704459868371488,0,0.0,4,9,2,0
Reece Burke,Luton,DF,2023-2024,22,1691,0,4,2.1644996237009764,2.321440448984504,0,0.21289178001182732,13,13,5,0
Lewis Cook,Bournemouth,DF,2023-2024,33,2799,0,3,0.4126169476658106,3.677735963836312,0,0.09646302250803858,12,46,5,1
Ionut Radu,Bournemouth,GK,2023-2024,2,180,0,0,0.0,0.0,0,0.0,0,0,0,0
Jonny,Wolves,,2023-2024,1,1,0,0,0.0,0.0,0,0.0,0,0,0,0
Alphonse Areola,West Ham,GK,2023-2024,31,2715,0,0,0.0,0.0,0,0.0,0,0,1,0
Thomas Partey,Arsenal,DF,2023-2024,14,793,0,0,0.3642031662166118,0.4302750788629055,0,0.0,8,6,3,0
Pablo Fornals,West Ham,MF,2023-2024,15,392,0,0,0.2919035069644451,0.5666238348931074,0,0.0,7,5,0,0
Aymeric Laporte,Man City,,2023-2024,1,6,0,0,0.1122824624180793,0.0,0,0.0,1,0,0,0
Thilo Kehrer,West Ham,,2023-2024,4,12,0,0,0.0,0.0,0,0.0,0,0,2,0
Issa Diop,Fulham,DF,2023-2024,18,1435,0,0,0.2687341887503862,0.0,0,0.0,5,0,2,1
Said Benrahma,West Ham,MF,2023-2024,13,619,0,1,1.9243336878716943,1.633838023990393,0,0.14539579967689822,19,11,1,0
Serge Aurier,Nott'm Forest,DF,2023-2024,12,843,0,2,0.2042676210403442,0.6003383956849575,0,0.21352313167259784,6,3,2,0
Emiliano Martinez,Aston Villa,GK,2023-2024,34,3022,0,0,0.0,0.0184545237571001,0,0.0,0,1,4,0
Clement Lenglet,Aston Villa,DF,2023-2024,14,1167,0,1,0.9835287630558014,0.8562045320868492,0,0.07712082262210797,7,2,3,0
Nick Pope,Newcastle,GK,2023-2024,15,1347,0,0,0.0164986308664083,0.0,0,0.0,1,0,1,0
Connor Roberts,Burnley,DF,2023-2024,14,804,0,1,0.0,0.3131415136158466,0,0.11194029850746269,0,7,3,1
Rhian Brewster,Sheffield United,FW,2023-2024,13,302,0,0,0.3449401650577783,0.1013540811836719,0,0.0,7,2,0,1
Aaron Wan-Bissaka,Man United,DF,2023-2024,22,1784,0,2,0.1462121829390525,1.4311098009347916,0,0.10089686098654709,3,12,4,0
Aaron Ramsdale,Arsenal,GK,2023-2024,6,540,0,0,0.0,0.0,0,0.0,0,0,0,0
Yves Bissouma,Tottenham,MF,2023-2024,28,2120,0,0,1.1663736272603271,0.4049058575183153,0,0.0,24,10,8,2
Diego Carlos,Aston Villa,DF,2023-2024,27,1784,0,0,1.8101312145590784,0.1100177364423871,0,0.0,9,4,4,0
Ibrahim Sangare,Nott'm Forest,MF,2023-2024,17,1053,0,0,0.8340437468141317,0.3507998380810022,0,0.0,8,7,6,0
Boubacar Kamara,Aston Villa,MF,2023-2024,20,1686,0,1,0.1435272945091128,1.0960499802604318,0,0.05338078291814946,5,20,7,1
Fode Toure,Fulham,,2023-2024,6,41,0,0,0.0,0.0,0,0.0,0,0,1,0
Jairo Riedewald,Crystal Palace,MF,2023-2024,9,219,0,0,0.0593644082546234,0.0,0,0.0,1,0,0,0
Ederson,Man City,GK,2023-2024,33,2794,0,0,0.0,0.0,0,0.0,0,0,5,0
Will Hughes,Crystal Palace,MF,2023-2024,30,1924,0,1,0.3010205570608377,1.7067030258476734,0,0.04677754677754678,8,21,6,0
Nélson Semedo,Wolves,DF,2023-2024,36,3127,0,1,1.232096817344427,2.0054253563284874,0,0.02878157978893508,17,24,10,1
Davinson Sánchez,Tottenham,,2023-2024,1,77,0,0,0.1100629791617393,0.0,0,0.0,1,0,1,0
Ibrahima Konaté,Liverpool,DF,2023-2024,22,1555,0,0,0.5480835782364011,0.5098369065672159,0,0.0,11,8,3,1
Jadon Sancho,Man United,,2023-2024,3,68,0,0,0.0,0.1281674951314926,0,0.0,0,1,0,0
Romain Faivre,Bournemouth,,2023-2024,5,21,0,0,0.1308193765580654,0.0,0,0.0,2,0,1,0
Ben Johnson,West Ham,DF,2023-2024,14,509,0,0,0.2155094873160123,0.0,0,0.0,6,0,1,0
Reiss Nelson,Arsenal,FW,2023-2024,15,215,0,0,0.2384255621582269,0.6414464898407459,0,0.0,4,5,1,0
Michael Obafemi,Burnley,,2023-2024,2,9,0,0,0.1165716275572776,0.0,0,0.0,2,0,0,0
Martin Dubravka,Newcastle,GK,2023-2024,23,1983,0,0,0.0,0.1200264021754264,0,0.0,0,1,1,0
Louis Beyer,Burnley,DF,2023-2024,15,1252,0,1,0.4269037134945392,0.4111006297171116,0,0.07188498402555911,5,3,6,0
Sergio Gómez,Man City,,2023-2024,6,29,0,1,0.6195764094591141,0.1288056522607803,0,3.103448275862069,2,1,0,0
Matz Sels,Nott'm Forest,GK,2023-2024,16,1440,0,0,0.0,0.0696526691317558,0,0.0,0,1,1,0
Robin Olsen,Aston Villa,GK,2023-2024,5,398,0,0,0.0,0.0,0,0.0,0,0,0,0
Hamed Junior Traore,Bournemouth,,2023-2024,3,32,0,0,0.1374315591529011,0.0598211325705051,0,0.0,3,1,0,0
Arijanet Muric,Burnley,GK,2023-2024,10,900,0,0,0.0,0.3725830223411321,0,0.0,0,4,0,0
Mark Flekken,Brentford,GK,2023-2024,37,3293,0,1,0.0,0.2911852374672889,0,0.027330701488004858,0,3,3,0
Marc Cucurella,Chelsea,DF,2023-2024,21,1788,0,2,1.4538506548851728,1.254556130617857,0,0.10067114093959731,8,19,10,0
Sergio Reguilón,"Brentford,Man United",DF,2023-2024,25,1539,0,4,1.177430784329772,3.6384903844445935,0,0.23391812865497075,17,28,7,1
Oliver Skipp,Tottenham,DF,2023-2024,21,660,0,0,0.6823929585516453,0.541032612323761,0,0.0,4,7,3,0
Emile Smith-Rowe,Arsenal,MF,2023-2024,13,325,0,1,1.5201803892850876,0.2403641268610954,0,0.27692307692307694,15,4,0,0
Jason Steele,Brighton,GK,2023-2024,17,1530,0,0,0.0,0.0,0,0.0,0,0,0,0
Benoit Badiashile Mukinayi,Chelsea,DF,2023-2024,18,1338,0,1,0.5172926671802998,1.5548250479623675,0,0.06726457399103139,6,6,2,0
Han-Noah Massengo,Burnley,,2023-2024,3,9,0,0,0.0,0.0,0,0.0,0,0,0,0
Ryan John Giles,Luton,DF,2023-2024,11,492,0,0,0.1471442878246307,0.2260761391371488,0,0.0,2,5,0,0
Bryan Gil Salvatierra,Tottenham,MF,2023-2024,11,182,0,0,0.7904373183846474,0.192443910986185,0,0.0,4,4,0,0
Tyler Adams,Bournemouth,MF,2023-2024,3,111,0,0,0.0,0.0976069122552871,0,0.0,0,1,0,0
Chris Mepham,Bournemouth,DF,2023-2024,10,610,0,1,0.0895473062992096,0.474224217236042,0,0.14754098360655737,1,3,2,0
Mark Travers,Bournemouth,GK,2023-2024,4,360,0,0,0.0,0.0,0,0.0,0,0,0,0
Marc Guehi,Crystal Palace,DF,2023-2024,25,2021,0,1,0.4888940155506134,0.962568361312151,0,0.044532409698169226,5,7,2,0
Max Aarons,Bournemouth,DF,2023-2024,20,1219,0,1,0.0476108696311712,0.8764500692486763,0,0.07383100902378999,2,7,1,0
Ben Godfrey,Everton,DF,2023-2024,15,1131,0,0,2.1673798076808453,0.2029681168496608,0,0.0,15,3,2,0
Adam Webster,Brighton,DF,2023-2024,15,1146,0,0,0.4553392454981804,0.210617184638977,0,0.0,8,5,1,0
Dean Henderson,Crystal Palace,GK,2023-2024,18,1620,0,0,0.0,0.0,0,0.0,0,0,2,0
John Egan,Sheffield United,DF,2023-2024,6,491,0,0,0.2383595146238804,0.0,0,0.0,3,0,2,0
Chris Basham,Sheffield United,DF,2023-2024,8,298,0,0,0.4091367721557617,0.142877459526062,0,0.0,2,2,1,0
George Baldock,Sheffield United,DF,2023-2024,13,965,0,1,0.024696996435523,0.8560367710888386,0,0.09326424870466322,1,7,4,0
John Fleck,Sheffield United,MF,2023-2024,4,82,0,0,0.0,0.1050862222909927,0,0.0,0,1,1,0
Ben Osborn,Sheffield United,DF,2023-2024,24,1343,0,2,0.1790793510153889,1.075881354510784,0,0.13402829486224868,4,13,3,0
Caoimhin Kelleher,Liverpool,GK,2023-2024,10,900,0,0,0.0,0.0448078326880931,0,0.0,0,1,0,0
Felipe,Nott'm Forest,DF,2023-2024,7,369,0,0,0.17141835950315,0.0380167607218027,0,0.0,3,2,3,0
Sofyan Amrabat,Man United,DF,2023-2024,21,922,0,0,0.0737247169017791,0.2675175704061985,0,0.0,3,6,6,0
Igor Julio,Brighton,DF,2023-2024,24,1640,0,0,0.2177427187561988,0.623787728138268,0,0.0,5,7,4,0
Billy Gilmour,Brighton,MF,2023-2024,30,2154,0,1,0.7286842339672148,2.0903379926458,0,0.04178272980501393,25,22,8,1
Marvelous Nakamba,Luton,MF,2023-2024,13,1140,0,0,0.1364169279113412,0.3258170820772648,0,0.0,5,7,5,0
Reece James,Chelsea,DF,2023-2024,10,422,0,2,0.3389957156032324,2.679515279829502,0,0.42654028436018954,7,11,0,2
Lloyd Kelly,Bournemouth,DF,2023-2024,23,1567,0,1,0.3132251426577568,1.6466527543962002,0,0.0574345883854499,4,9,2,0
Boubacar Traore,Wolves,MF,2023-2024,24,760,0,0,0.2670730333775282,0.2813335740938782,0,0.0,11,5,4,0
Giovanni Reyna,Nott'm Forest,MF,2023-2024,9,206,0,1,0.2087921611964702,0.3924582097679376,0,0.4368932038834952,5,6,0,0
Neco Williams,Nott'm Forest,DF,2023-2024,26,1622,0,1,0.934250148013234,1.1115016266703606,0,0.055487053020961775,15,11,4,0
Tariq Lamptey,Brighton,DF,2023-2024,19,923,0,3,0.570682673715055,1.210934355854988,0,0.29252437703141926,6,10,3,0
Tommy Doyle,Wolves,MF,2023-2024,26,1175,0,0,0.4136425852775574,0.6756884949281812,0,0.0,14,8,2,0
Luke Thomas,Sheffield United,DF,2023-2024,12,940,0,0,0.6857008039951324,0.06999615393579,0,0.0,6,2,3,0
Cheick Oumar Doucoure,Crystal Palace,MF,2023-2024,11,926,0,0,0.1988849276676774,0.7361565185710788,0,0.0,6,10,2,0
Kalvin Phillips,"Man City,West Ham",MF,2023-2024,12,358,0,0,0.1942080287262797,0.0,0,0.0,5,0,1,1
Wes Foderingham,Sheffield United,GK,2023-2024,30,2644,0,0,0.0,0.0650442615151405,0,0.0,0,1,2,0
Fabio Silva,Wolves,FW,2023-2024,8,257,0,0,0.913575079292059,0.2420392744243145,0,0.0,7,4,2,0
Stefan Ortega Moreno,Man City,GK,2023-2024,9,626,0,0,0.0,0.0,0,0.0,0,0,0,0
Donny van de Beek,Man United,,2023-2024,1,1,0,0,0.0322848819196224,0.0656888633966445,0,0.0,1,1,0,0
Konstantinos Tsimikas,Liverpool,DF,2023-2024,13,667,0,3,0.0927343983203172,1.1678164629265666,0,0.4047976011994003,3,16,0,0
Guglielmo Vicario,Tottenham,GK,2023-2024,38,3420,0,0,0.0,0.0,0,0.0,0,0,2,0
Mikkel Damsgaard,Brentford,MF,2023-2024,23,797,0,2,0.8753717057406902,2.291341120377183,0,0.22584692597239647,9,10,2,0
Max Lowe,Sheffield United,DF,2023-2024,10,499,0,0,0.9397587776184082,0.012994728051126,0,0.0,2,1,1,0
Ivo Grbic,Sheffield United,GK,2023-2024,9,776,0,0,0.0,0.0,0,0.0,0,0,1,0
Antonee Robinson,Fulham,DF,2023-2024,37,3290,0,6,0.8533244347199798,3.767484251409769,0,0.1641337386018237,16,31,6,0
Aaron Hickey,Brentford,DF,2023-2024,9,749,0,0,0.1934873256832361,0.0474643521010875,0,0.0,7,1,5,0
Rúben Dias,Man City,DF,2023-2024,30,2552,0,0,1.828122090548277,0.600502266548574,0,0.0,20,7,0,0
Vladimir Coufal,West Ham,DF,2023-2024,36,3153,0,7,0.2854840941727161,4.300948256626725,0,0.19980970504281637,8,33,5,1
Malo Gusto,Chelsea,DF,2023-2024,27,1754,0,6,1.700457390397787,5.507309950888157,0,0.3078677309007982,15,32,7,1
James Trafford,Burnley,GK,2023-2024,28,2520,0,0,0.0,0.0,0,0.0,0,0,2,0
Robert Sánchez,Chelsea,GK,2023-2024,16,1438,0,0,0.0,0.0,0,0.0,0,0,2,0
Radu Dragusin,Tottenham,DF,2023-2024,9,417,0,0,0.0733767077326774,0.0,0,0.0,1,0,1,0
Elliot Anderson,Newcastle,DF,2023-2024,21,997,0,2,1.341955564916134,1.5226023513823748,0,0.18054162487462388,19,15,3,0
Antwoine Hackford,Sheffield United,,2023-2024,2,8,0,0,0.0,0.0,0,0.0,0,0,0,0
Naouirou Ahamada,Crystal Palace,,2023-2024,20,282,0,0,0.5298433359712362,0.0564648136496543,0,0.0,9,1,2,1
Jakub Moder,Brighton,DF,2023-2024,17,586,0,0,0.8932432122528553,0.7571170665323734,0,0.0,11,5,2,0
Tyler Onyango,Everton,,2023-2024,1,1,0,0,0.0,0.0,0,0.0,0,0,0,0
Facundo Pellistri,Man United,MF,2023-2024,9,144,0,1,0.3742355145514011,0.0707708746194839,0,0.625,4,1,0,0
Dane Scarlett,Tottenham,,2023-2024,4,16,0,0,0.0,0.0,0,0.0,0,0,0,0
Kaine Hayden,Aston Villa,,2023-2024,3,3,0,0,0.0,0.0,0,0.0,0,0,0,0
Jaden Philogene-Bidace,Aston Villa,,2023-2024,1,1,0,0,0.0,0.0,0,0.0,0,0,0,0
Chimuanya Ugochukwu,Chelsea,MF,2023-2024,12,289,0,0,0.0,0.1854443699121475,0,0.0,0,3,2,0
Jesurun Rak-Sakyi,Crystal Palace,,2023-2024,6,124,0,0,0.3558422047644853,0.0768487639725208,0,0.0,5,2,0,0
Maxime Estève,Burnley,DF,2023-2024,16,1314,0,0,0.2405825015157461,0.0125734973698854,0,0.0,7,1,6,0
Daniel Jebbison,Sheffield United,,2023-2024,1,15,0,0,0.0,0.0,0,0.0,0,0,0,0
Tim Iroegbunam,Aston Villa,MF,2023-2024,9,136,0,0,0.0,0.0,0,0.0,0,0,0,0
William Osula,Sheffield United,FW,2023-2024,21,769,0,0,2.0722835399210453,0.098784826695919,0,0.0,21,1,4,0
Issa Kabore,Luton,DF,2023-2024,24,1748,0,2,0.3038460947573185,3.148332368582487,0,0.10297482837528604,6,16,7,0
David Raya,Arsenal,GK,2023-2024,32,2880,0,0,0.0,0.0,0,0.0,0,0,2,0
Rico Henry,Brentford,DF,2023-2024,5,401,0,1,0.0453700954094529,0.7904934585094452,0,0.22443890274314213,2,4,1,0
Nuno Tavares,Nott'm Forest,DF,2023-2024,8,447,0,0,0.1731664137914776,0.2493439316749572,0,0.0,7,2,2,0
José Sá,Wolves,GK,2023-2024,35,3041,0,0,0.0,0.0,0,0.0,0,0,1,0
Andrew Omobamidele,Nott'm Forest,DF,2023-2024,11,771,0,0,0.0812814310193061,0.0772956404834985,0,0.0,1,2,2,0
Remi Matthews,Crystal Palace,,2023-2024,1,1,0,0,0.0,0.0,0,0.0,0,0,0,0
Gonzalo Montiel,Nott'm Forest,DF,2023-2024,14,809,0,2,0.1195196099579334,1.7303651086986065,0,0.22249690976514214,3,9,5,0
Aaron Ramsey,Burnley,MF,2023-2024,14,516,0,0,0.4020077884197235,0.3915222883224487,0,0.0,6,1,1,0
Joe White,Newcastle,,2023-2024,4,8,0,0,0.0,0.0,0,0.0,0,0,1,0
Romeo Lavia,Chelsea,,2023-2024,1,29,0,0,0.0,0.0,0,0.0,0,0,0,0
Yasser Larouci,Sheffield United,DF,2023-2024,11,531,0,0,0.2587892366573214,0.3102901801466942,0,0.0,6,2,1,0
Kaide Gordon,Liverpool,,2023-2024,1,1,0,0,0.0,0.0,0,0.0,0,0,0,0
Owen Beck,Liverpool,,2023-2024,1,5,0,0,0.0,0.0,0,0.0,0,0,0,0
Hugo Bueno,Wolves,DF,2023-2024,22,706,0,0,0.2772597037255764,0.8462303951382637,0,0.0,5,5,1,0
Myles Peart-Harris,Brentford,,2023-2024,3,3,0,0,0.0,0.0114118093624711,0,0.0,0,1,0,0
Nathan Patterson,Everton,DF,2023-2024,20,979,0,2,0.4520776625722646,1.616803351789713,0,0.18386108273748722,4,8,4,0
Josh Dasilva,Brentford,,2023-2024,3,16,0,0,0.0,0.1269184350967407,0,0.0,0,2,0,0
Cesare Casadei,Chelsea,,2023-2024,11,48,0,0,0.0,0.1186848040670156,0,0.0,0,2,0,0
Odeluga Offiah,Brighton,DF,2023-2024,4,122,0,0,0.0,0.0,0,0.0,0,0,0,0
Carlos Baleba,Brighton,MF,2023-2024,27,1303,0,0,0.7727098371833563,0.446680839639157,0,0.0,21,8,7,0
Matt Turner,Nott'm Forest,GK,2023-2024,17,1530,0,0,0.0,0.0,0,0.0,0,0,1,0
Manor Solomon,Tottenham,MF,2023-2024,5,194,0,2,0.3894983045756817,0.9335471913218498,0,0.9278350515463918,7,12,1,0
Luke Harris,Fulham,,2023-2024,1,75,0,0,0.3384603559970855,0.0,0,0.0,1,0,0,0
Stefan Bajcetic,Liverpool,,2023-2024,1,23,0,0,0.0,0.0,0,0.0,0,0,0,0
Ryan Christie,Bournemouth,MF,2023-2024,37,2974,0,5,2.0325705148279667,6.359501954168081,0,0.15131136516476126,43,53,6,0
Jaidon Anthony,Bournemouth,MF,2023-2024,3,153,0,0,0.0768714845180511,0.0,0,0.0,2,0,1,0
James Hill,Bournemouth,DF,2023-2024,5,74,0,0,0.0,0.0,0,0.0,0,0,0,0
Joe Worrall,Nott'm Forest,DF,2023-2024,7,440,0,0,0.0814925581216812,0.1285788267850875,0,0.0,2,2,0,1
Scott McKenna,Nott'm Forest,DF,2023-2024,5,420,0,0,0.1700837537646293,0.1904423832893371,0,0.0,2,3,0,0
Lewis Warrington,Everton,,2023-2024,1,1,0,0,0.0,0.0,0,0.0,0,0,0,0
Lisandro Martínez,Man United,DF,2023-2024,11,656,0,1,0.0,0.0476659638807177,0,0.13719512195121952,0,3,3,0
Jan Paul van Hecke,Brighton,DF,2023-2024,28,2365,0,0,1.5838892180472612,0.4882163163274526,0,0.0,15,10,4,0
André Onana,Man United,GK,2023-2024,38,3420,0,0,0.0,0.1317380405962467,0,0.0,0,3,5,0
Santiago Bueno,Wolves,DF,2023-2024,12,817,0,0,0.0,0.190905986353755,0,0.0,0,2,1,0
Bobby Clark,Liverpool,MF,2023-2024,5,79,0,0,0.0737958550453186,0.0,0,0.0,2,0,0,0
Matheus Nunes,"Man City,Wolves",MF,2023-2024,19,817,0,2,0.9250318259000778,1.5578467566519976,0,0.22031823745410037,10,12,0,1
Julio Enciso,Brighton,MF,2023-2024,12,476,0,2,1.770764671266079,2.373305637389421,0,0.37815126050420167,28,9,2,0
Ethan Nwaneri,Arsenal,,2023-2024,1,6,0,0,0.0,0.0245362166315317,0,0.0,0,1,0,0
Nathan Fraser,Wolves,FW,2023-2024,7,175,0,0,0.4309285432100296,0.0660940874367952,0,0.0,3,2,1,0
Ben Doak,Liverpool,,2023-2024,1,6,0,0,0.0,0.0,0,0.0,0,0,0,0
Thomas Cannon,Everton,,2023-2024,1,1,0,0,0.0,0.0,0,0.0,0,0,0,0
Divin Mubama,West Ham,,2023-2024,5,67,0,0,0.0542812757194042,0.0,0,0.0,1,0,0,0
David Ozoh,Crystal Palace,,2023-2024,9,133,0,0,0.0,0.0,0,0.0,0,0,1,0
Dominic Sadi,Bournemouth,,2023-2024,1,1,0,0,0.0,0.0,0,0.0,0,0,0,0
Daniel Bentley,Wolves,GK,2023-2024,5,379,0,0,0.0,0.0,0,0.0,0,0,0,0
Kaelan Casey,West Ham,,2023-2024,1,1,0,0,0.0,0.0,0,0.0,0,0,0,0
Michael Olakigbe,Brentford,,2023-2024,8,35,0,0,0.0837424425408244,0.0,0,0.0,3,0,0,0
Vitinho,Burnley,DF,2023-2024,32,2324,0,2,1.7635137159377337,1.0349685866385698,0,0.0774526678141136,25,11,1,0
Benson Manuel,Burnley,MF,2023-2024,8,91,0,0,0.098589944653213,0.0892248228192329,0,0.0,4,1,0,0
Anass Zaroury,Burnley,FW,2023-2024,6,141,0,0,0.1752443592995405,0.0479699922725558,0,0.0,3,2,0,1
Hjalmar Ekdal,Burnley,DF,2023-2024,8,440,0,0,0.0767697896808385,0.0297618024051189,0,0.0,2,1,2,0
Jurriën Timber,Arsenal,DF,2023-2024,2,70,0,0,0.0,0.0,0,0.0,0,0,2,0
Milos Kerkez,Bournemouth,DF,2023-2024,28,1982,0,1,1.6971189985051751,1.3916718121618032,0,0.045408678102926335,16,13,4,1
Bart Verbruggen,Brighton,GK,2023-2024,21,1890,0,0,0.0,0.0,0,0.0,0,0,3,0
Thomas Kaminski,Luton,GK,2023-2024,38,3410,0,0,0.0,0.0386374369263649,0,0.0,0,1,3,0
Amari&#039;i Bell,Luton,DF,2023-2024,21,1724,0,0,0.4993779337964952,0.3448488349094987,0,0.0,2,8,0,0
Pelly Ruddock Mpanzu,Luton,MF,2023-2024,27,1068,0,0,1.2606520606204867,0.5314477952197194,0,0.0,11,6,1,0
James Shea,Luton,,2023-2024,1,10,0,0,0.0,0.0,0,0.0,0,0,0,0
Bénie Traoré,Sheffield United,FW,2023-2024,8,360,0,0,0.3212226927280426,0.3953269124031067,0,0.0,1,4,0,0
Anis Ben Slimane,Sheffield United,MF,2023-2024,15,394,0,0,0.8026072084903717,0.4848009049892425,0,0.0,8,3,2,0
Andre Brooks,Sheffield United,DF,2023-2024,20,948,0,0,0.4944612309336662,0.0924307461827993,0,0.0,9,3,1,0
Auston Trusty,Sheffield United,DF,2023-2024,32,2576,0,0,0.6636047475039959,1.102281242609024,0,0.0,8,8,4,0
Omari Kellyman,Aston Villa,,2023-2024,2,25,0,0,0.0492617450654506,0.0,0,0.0,1,0,0,0
Yehor Yarmolyuk,Brentford,MF,2023-2024,27,619,0,0,1.0328057277947664,0.0831548906862735,0,0.0,11,3,2,0
Ian Maatsen,Chelsea,MF,2023-2024,12,169,0,0,0.6834889836609364,0.0573244532570242,0,0.0,5,2,1,0
Andrey Santos,Nott'm Forest,,2023-2024,1,3,0,0,0.0721131637692451,0.0,0,0.0,2,0,0,0
Mason Burstow,Chelsea,,2023-2024,2,2,0,0,0.0,0.0,0,0.0,0,0,0,0
James McConnell,Liverpool,,2023-2024,3,3,0,0,0.0,0.0,0,0.0,0,0,0,0
Joseph Johnson,Luton,,2023-2024,2,75,0,0,0.0,0.0,0,0.0,0,0,1,0
Youssef Chermiti,Everton,FW,2023-2024,18,159,0,0,0.6035170843824744,0.4252763092517853,0,0.0,6,3,3,0
Daniel Gore,Man United,,2023-2024,1,1,0,0,0.0,0.0,0,0.0,0,0,0,0
Hannes Delcroix,Burnley,DF,2023-2024,12,575,0,0,0.2327943220734596,0.2035211659967899,0,0.0,4,4,2,0
Djordje Petrovic,Chelsea,GK,2023-2024,23,1982,0,0,0.0,0.0,0,0.0,0,0,2,0
Deivid Washington,Chelsea,,2023-2024,2,7,0,0,0.1251875013113021,0.0,0,0.0,1,0,0,0
Brandon Aguilera,Nott'm Forest,,2023-2024,1,1,0,0,0.0,0.0,0,0.0,0,0,0,0
Enso González,Wolves,,2023-2024,1,1,0,0,0.0,0.0,0,0.0,0,0,0,0
Alex Matos,Chelsea,,2023-2024,1,1,0,0,0.0,0.0,0,0.0,0,0,0,0
Mike Trésor,Burnley,FW,2023-2024,16,384,0,0,0.6615988579578698,0.6491026850417256,0,0.0,5,7,0,0
Jamie Donley,Tottenham,,2023-2024,3,3,0,0,0.0,0.0,0,0.0,0,0,1,0
Murillo,Nott'm Forest,DF,2023-2024,32,2813,0,2,1.6653295904397964,1.2170642092823982,0,0.06398862424457874,17,8,5,0
Matheus França,Crystal Palace,MF,2023-2024,10,197,0,1,0.2915826556272805,0.8639639485627413,0,0.45685279187817257,8,6,1,0
Ryan Oné,Sheffield United,,2023-2024,1,4,0,0,0.0,0.0,0,0.0,0,0,0,0
Zack Nelson,Luton,,2023-2024,2,2,0,0,0.0,0.0,0,0.0,0,0,0,0
Ben Parkinson,Newcastle,,2023-2024,1,18,0,0,0.0,0.0,0,0.0,0,0,0,0
Alex Murphy,Newcastle,,2023-2024,2,5,0,0,0.0,0.0,0,0.0,0,0,0,0
Amadou Diallo,Newcastle,,2023-2024,1,1,0,0,0.0,0.0,0,0.0,0,0,0,0
Benicio Baker-Boaitey,Brighton,,2023-2024,5,22,0,0,0.020216230303049,0.0963166654109954,0,0.0,1,1,1,0
Mark O’Mahony,Brighton,FW,2023-2024,3,64,0,0,0.0705048590898513,0.0,0,0.0,1,0,1,0
Michael Ndiweni,Newcastle,,2023-2024,1,1,0,0,0.0,0.0,0,0.0,0,0,0,0
Tawanda Chirewa,Wolves,FW,2023-2024,8,129,0,0,0.1088726669549942,0.0158984512090683,0,0.0,3,1,1,0
Sydie Peck,Sheffield United,,2023-2024,1,6,0,0,0.0,0.0,0,0.0,0,0,0,0
Willy Kambwala,Man United,DF,2023-2024,8,318,0,0,0.0,0.0,0,0.0,0,0,1,0
Rhys Norrington-Davies,Sheffield United,DF,2023-2024,5,107,0,0,0.0,0.0261976327747106,0,0.0,0,1,1,0
Omari Forson,Man United,MF,2023-2024,4,62,0,1,0.0488010458648204,0.1278283558785915,0,1.4516129032258065,1,2,0,0
Daniel Muñoz,Crystal Palace,DF,2023-2024,16,1440,0,4,1.7550712414085865,3.085336983203888,0,0.25,8,21,4,0
Adam Wharton,Crystal Palace,MF,2023-2024,16,1333,0,3,0.3555116150528192,2.5562784411013126,0,0.20255063765941483,10,20,2,0
Rodrigo Ribeiro,Nott'm Forest,,2023-2024,4,11,0,0,0.0,0.0,0,0.0,0,0,0,0
Oliver Arblaster,Sheffield United,MF,2023-2024,12,954,0,0,0.0217242818325757,1.0297467429190874,0,0.0,1,12,2,0
Jayden Danns,Liverpool,,2023-2024,2,6,0,0,0.0,0.0,0,0.0,0,0,1,0
Sam Curtis,Sheffield United,,2023-2024,1,24,0,0,0.0,0.0,0,0.0,0,0,0,0
Jimi Tauriainen,Chelsea,,2023-2024,1,1,0,0,0.0,0.0,0,0.0,0,0,0,0
Valentín Barco,Brighton,DF,2023-2024,6,299,0,0,0.3076824657618999,0.3052761070430279,0,0.0,4,4,1,0
Daiki Hashioka,Luton,DF,2023-2024,10,583,0,0,0.1002131290733814,0.5188488382846117,0,0.0,2,3,0,0
Leon Chiwome,Wolves,FW,2023-2024,3,178,0,0,0.1448510400950908,0.0,0,0.0,2,0,0,0
Josh Acheampong,Chelsea,,2023-2024,1,1,0,0,0.0,0.0,0,0.0,0,0,0,0
Fred Onyedinma,Luton,DF,2023-2024,8,419,0,0,0.1841092407703399,0.1307402979582548,0,0.0,5,2,1,0
Ethan Wheatley,Man United,,2023-2024,3,9,0,0,0.0,0.0,0,0.0,0,0,0,0
Finley Munroe,Aston Villa,,2023-2024,1,1,0,0,0.0,0.0,0,0.0,0,0,0,0
Mikey Moore,Tottenham,,2023-2024,2,2,0,0,0.0,0.0,0,0.0,0,0,0,0
Mohamed Salah,Liverpool,FW,2024-2025,38,3392,29,18,27.70626749098301,15.858334187418222,20,1.008254716981132,130,89,1,0
Alexander Isak,Newcastle,FW,2024-2025,34,2822,23,6,22.356988068670034,5.44870379474014,19,0.7973068745570517,99,42,1,0
Erling Haaland,Man City,FW,2024-2025,31,2749,22,3,23.95459282770753,3.5812273556366563,19,0.7202619134230629,109,29,2,0
Chris Wood,Nott'm Forest,FW,2024-2025,36,3024,20,3,15.638655036687853,3.044111367315054,17,0.5952380952380952,68,22,1,0
Bryan Mbeumo,Brentford,DF,2024-2025,38,3419,20,7,13.63216146454215,10.376488702371716,15,0.5791167007897046,86,70,3,0
Yoane Wissa,Brentford,FW,2024-2025,35,2943,18,4,20.731059528887272,3.4494741149246693,18,0.6727828746177369,90,28,5,0
Ollie Watkins,Aston Villa,FW,2024-2025,38,2666,16,8,18.632458329200745,3.87640418484807,14,0.7426856714178545,84,25,2,0
Matheus Cunha,Wolves,FW,2024-2025,33,2617,15,6,8.446298986673355,7.411126339808106,15,0.7222009935040122,110,56,4,0
Cole Palmer,Chelsea,MF,2024-2025,37,3228,15,8,15.77423645183444,12.95436640828848,11,0.5297397769516728,126,87,7,0
Jean-Philippe Mateta,Crystal Palace,FW,2024-2025,37,2690,14,2,15.83262430690229,3.85278513841331,12,0.4684014869888476,69,29,2,0
Jørgen Strand Larsen,Wolves,FW,2024-2025,35,2624,14,4,11.689683858305216,3.358626527711749,14,0.6173780487804879,54,19,4,0
Jarrod Bowen,West Ham,FW,2024-2025,34,2993,13,8,9.816103929653764,7.633318647742271,12,0.6014032743067157,87,50,1,0
Luis Díaz,Liverpool,FW,2024-2025,36,2433,13,5,12.3563298471272,6.245185255073011,13,0.6658446362515412,71,56,2,0
Raúl Jiménez,Fulham,FW,2024-2025,38,2531,12,3,14.405358291231096,4.079181319102645,9,0.4267088107467404,96,25,4,0
Justin Kluivert,Bournemouth,MF,2024-2025,34,2390,12,6,10.441609976813195,5.512896118685603,6,0.4518828451882845,63,44,8,0
Liam Delap,Ipswich,FW,2024-2025,37,2671,12,2,11.930982023477554,2.784454360604286,10,0.40434294271808313,68,20,11,0
Kevin Schade,Brentford,FW,2024-2025,38,2332,11,2,9.467997699975967,3.714522727765143,11,0.5017152658662093,55,23,3,0
Brennan Johnson,Tottenham,FW,2024-2025,33,2178,11,3,11.162618312984703,2.948688331991434,11,0.578512396694215,54,19,5,0
Antoine Semenyo,Bournemouth,FW,2024-2025,37,3219,11,5,14.549346312880516,6.608794005587697,11,0.4473438956197577,126,46,9,0
Danny Welbeck,Brighton,FW,2024-2025,30,2152,10,4,10.45602908357978,2.076795544475317,9,0.5436802973977695,59,23,4,0
João Pedro,Brighton,FW,2024-2025,27,1975,10,6,8.863604867830873,5.618519173935056,5,0.5012658227848101,47,30,4,1
Nicolas Jackson,Chelsea,FW,2024-2025,30,2294,10,5,13.8340708874166,3.47239719517529,10,0.5884917175239757,76,28,7,1
Kaoru Mitoma,Brighton,FW,2024-2025,36,2608,10,4,10.222694747149944,4.949204979464412,10,0.4831288343558282,57,37,1,0
Cody Gakpo,Liverpool,FW,2024-2025,35,1970,10,4,8.601265830919147,6.257204940542579,10,0.6395939086294417,57,38,5,0
Evanilson,Bournemouth,FW,2024-2025,31,2376,10,1,13.714270060881972,1.9151847725734117,10,0.4166666666666667,73,25,1,1
Alex Iwobi,Fulham,DF,2024-2025,38,3023,9,6,5.021547559648752,8.458939167670906,9,0.4465762487595104,68,58,1,0
Jamie Vardy,Leicester,FW,2024-2025,35,2890,9,4,12.219386659562588,3.737534761428833,8,0.37370242214532867,58,19,5,0
Dominic Solanke,Tottenham,FW,2024-2025,27,2220,9,3,12.416034620255232,2.4611449129879475,8,0.44594594594594594,60,14,0,0
Kai Havertz,Arsenal,FW,2024-2025,23,1880,9,3,11.830620590597391,2.9488715566694736,9,0.5744680851063829,53,17,5,0
Harvey Barnes,Newcastle,FW,2024-2025,33,1740,9,4,7.695071091875434,4.351620296947658,9,0.6724137931034483,63,24,0,0
James Maddison,Tottenham,MF,2024-2025,31,1851,9,7,5.8936047330498695,6.016693122684956,9,0.7779578606158833,39,42,6,0
Tomas Soucek,West Ham,MF,2024-2025,35,2586,9,1,8.068854354321957,0.947371281683445,9,0.3480278422273782,55,14,8,0
Iliman Ndiaye,Everton,FW,2024-2025,33,2478,9,0,7.094870626926422,1.9087076298892496,7,0.2542372881355932,37,18,3,0
Bruno Fernandes,Man United,FW,2024-2025,36,3034,8,10,9.887796703726051,10.227527445182204,5,0.4449571522742255,96,92,3,2
Ismaila Sarr,Crystal Palace,FW,2024-2025,38,2738,8,6,12.308559328317642,10.056549122557044,8,0.4601899196493791,59,44,4,0
Jacob Murphy,Newcastle,DF,2024-2025,35,2443,8,11,6.590988090261817,9.341311557218432,8,0.6999590667212443,43,41,4,0
Leandro Trossard,Arsenal,FW,2024-2025,38,2569,8,7,8.742100939154625,7.04339361935854,8,0.5254963020630595,72,43,2,1
Gabriel Martinelli,Arsenal,FW,2024-2025,33,2310,8,4,9.213460259139538,5.264152456074953,8,0.4675324675324675,56,40,1,0
Amad Diallo Traore,Man United,DF,2024-2025,26,1887,8,6,4.74583822209388,4.755917379632592,8,0.6677265500794913,47,49,5,0
Eberechi Eze,Crystal Palace,FW,2024-2025,34,2635,8,8,9.876954596489668,7.019554221071303,7,0.5123339658444023,102,58,1,0
Beto,Everton,FW,2024-2025,30,1520,8,0,9.26681118644774,1.3863521181046965,8,0.47368421052631576,49,12,2,0
Rodrigo Muniz,Fulham,FW,2024-2025,31,922,8,1,6.838322004303336,0.7810081988573074,8,0.8785249457700651,40,7,1,0
Morgan Rogers,Aston Villa,FW,2024-2025,37,3191,8,10,8.216648440808058,8.145913934335113,8,0.5076778439360702,55,51,10,0
Son Heung-Min,Tottenham,FW,2024-2025,30,2135,7,9,7.906742995604873,9.04414401575923,6,0.6323185011709602,57,51,1,0
Mikel Merino,Arsenal,FW,2024-2025,28,1578,7,2,6.865131866186857,2.1651013009250164,7,0.5133079847908745,38,17,2,1
Phil Foden,Man City,FW,2024-2025,28,1770,7,2,6.184084575623274,5.382284659892321,7,0.45762711864406774,54,44,2,0
Dejan Kulusevski,Tottenham,FW,2024-2025,32,2391,7,4,5.52329240180552,6.502650566399097,7,0.41405269761606023,47,64,3,0
Morgan Gibbs-White,Nott'm Forest,MF,2024-2025,34,2868,7,8,6.140304567292333,6.105838568881154,7,0.4707112970711297,61,51,9,1
Omar Marmoush,Man City,FW,2024-2025,16,1195,7,0,5.649778325110674,2.676836894825101,7,0.5271966527196652,49,15,0,0
Dango Ouattara,Bournemouth,FW,2024-2025,32,2013,7,4,10.9336802624166,5.989504734054208,7,0.4918032786885246,62,35,3,0
Noni Madueke,Chelsea,DF,2024-2025,32,2113,7,3,11.862219285219908,3.1217017397284508,7,0.4259346900141978,80,33,3,0
Jhon Durán,Aston Villa,FW,2024-2025,20,563,7,0,5.099582154303789,0.2346634343266487,7,1.119005328596803,31,4,3,1
Marcus Rashford,"Aston Villa,Man United",FW,2024-2025,25,1435,6,3,4.986043129116297,4.728895880281925,5,0.5017421602787456,35,27,2,0
Mateo Kovacic,Man City,MF,2024-2025,31,2220,6,2,1.806072806939483,3.685476559214294,6,0.3243243243243243,45,33,5,1
Harry Wilson,Fulham,FW,2024-2025,25,1150,6,1,3.605708472430706,1.4601951194927096,6,0.5478260869565217,43,20,2,0
Diogo Jota,Liverpool,FW,2024-2025,26,1188,6,3,10.20619698613882,1.852303085848689,6,0.6818181818181819,51,11,2,0
Emile Smith-Rowe,Fulham,MF,2024-2025,34,2101,6,3,5.261677466332912,2.434781737625599,6,0.3855306996668253,37,24,3,0
Bukayo Saka,Arsenal,FW,2024-2025,25,1763,6,10,8.94342190399766,11.583731275051832,5,0.7657402155416904,67,58,3,0
Anthony Gordon,Newcastle,FW,2024-2025,34,2474,6,5,9.196510776877403,4.824591662734747,5,0.36378334680679064,59,51,2,0
Anthony Elanga,Nott'm Forest,FW,2024-2025,38,2549,6,11,5.92288132570684,6.605899995192885,6,0.6002353864260495,44,50,1,0
Dominik Szoboszlai,Liverpool,FW,2024-2025,36,2519,6,6,7.00856670551002,7.858418172225356,6,0.42874156411274317,68,57,6,0
Alejandro Garnacho,Man United,FW,2024-2025,36,2176,6,2,9.43980634957552,3.4675094597041607,6,0.33088235294117646,84,38,3,0
Enzo Fernández,Chelsea,MF,2024-2025,36,2941,6,7,6.133216487243772,7.737509123980999,6,0.3978238694321659,53,77,8,0
Yankuba Minteh,Brighton,DF,2024-2025,32,1832,6,4,5.669837724417448,4.871835011057556,6,0.49126637554585156,34,28,6,0
Jordan Ayew,"Crystal Palace,Leicester",FW,2024-2025,31,1688,5,0,4.341383438557386,1.9064311189576983,4,0.21327014218009477,33,17,6,0
Nikola Milenkovic,Nott'm Forest,DF,2024-2025,37,3330,5,2,4.571180831640959,1.043909177184105,5,0.1891891891891892,29,9,4,0
Callum Hudson-Odoi,Nott'm Forest,FW,2024-2025,31,2221,5,2,2.5114910937845707,2.9465562608093023,5,0.28365601080594327,37,44,2,0
Georginio Rutter,Brighton,FW,2024-2025,28,1679,5,3,5.6770595367997885,3.1324470546096563,5,0.4288266825491364,50,19,2,0
Christian Nørgaard,Brentford,MF,2024-2025,34,2870,5,4,5.773721532896161,1.9166031386703253,5,0.28222996515679444,39,18,8,1
Marc Cucurella,Chelsea,DF,2024-2025,36,3006,5,1,3.161697162315249,1.8079495672136543,5,0.17964071856287425,24,19,8,1
Bruno Guimarães,Newcastle,MF,2024-2025,38,3321,5,6,4.702356463298202,6.579319527372718,5,0.2981029810298103,45,52,7,0
Alexis Mac Allister,Liverpool,MF,2024-2025,35,2621,5,5,3.568436846137047,4.891626043245196,5,0.343380389164441,38,45,6,0
Josko Gvardiol,Man City,DF,2024-2025,37,3277,5,0,4.607429768890142,2.0648905243724585,5,0.137320720170888,40,26,2,0
Darwin Núñez,Liverpool,FW,2024-2025,30,1072,5,2,6.912255180999637,1.7422378864139318,5,0.5876865671641791,34,11,8,0
Jack Hinshelwood,Brighton,DF,2024-2025,26,1857,5,2,3.2537715872749686,1.4211199935525656,5,0.33925686591276255,18,16,5,0
Facundo Buonanotte,Leicester,FW,2024-2025,31,1498,5,2,4.3609558045864105,3.352718798443675,5,0.4205607476635514,36,25,8,0
Mohammed Kudus,West Ham,FW,2024-2025,32,2634,5,3,7.222215499728918,3.730667127296329,5,0.2733485193621868,75,32,2,1
Fabian Schär,Newcastle,DF,2024-2025,34,2938,4,0,4.203412067145109,0.3913493175059557,4,0.12253233492171545,40,5,9,1
Joelinton,Newcastle,FW,2024-2025,29,2435,4,3,4.270817156881094,2.4919691011309624,4,0.2587268993839836,45,23,10,0
Kevin De Bruyne,Man City,FW,2024-2025,28,1706,4,7,5.544451447203755,8.934372447431087,4,0.5803048065650644,57,57,2,0
Thomas Partey,Arsenal,DF,2024-2025,35,2810,4,2,2.3900655396282677,2.580821704119444,4,0.19217081850533807,26,20,4,0
Bernardo Silva,Man City,MF,2024-2025,33,2660,4,4,4.793662561103702,4.999884040094912,4,0.2706766917293233,32,53,7,0
Declan Rice,Arsenal,MF,2024-2025,35,2848,4,7,3.6269928105175495,9.060594327747822,4,0.3476123595505618,48,59,5,1
Richarlison,Tottenham,FW,2024-2025,15,471,4,1,4.302900910377502,0.8242609575390816,4,0.9554140127388535,17,4,2,0
Pedro Neto,Chelsea,DF,2024-2025,35,2238,4,6,4.4209474716335535,6.566428407095373,4,0.40214477211796246,59,46,8,0
Rayan Ait Nouri,Wolves,DF,2024-2025,37,3180,4,7,3.612480252981186,5.460978699848056,4,0.3113207547169811,36,46,6,0
Dwight McNeil,Everton,MF,2024-2025,21,1374,4,6,1.512261677533388,6.039635524619371,4,0.6550218340611353,24,37,1,0
Ryan Sessegnon,Fulham,DF,2024-2025,16,576,4,2,2.481840554624796,1.3141173049807549,4,0.9375,14,12,1,0
Lucas Paquetá,West Ham,FW,2024-2025,33,2398,4,0,5.13420026563108,2.733525102958083,2,0.0750625521267723,41,36,9,0
Stephy Mavididi,Leicester,MF,2024-2025,30,1586,4,1,3.392247362062335,2.583603762090206,4,0.28373266078184106,26,22,2,0
Sandro Tonali,Newcastle,MF,2024-2025,36,2619,4,2,4.238380494527519,2.1789364712312818,4,0.20618556701030927,35,28,5,0
Rasmus Højlund,Man United,FW,2024-2025,32,2032,4,0,5.865164168179035,2.1415039356797934,4,0.17716535433070865,32,16,2,0
Ethan Nwaneri,Arsenal,FW,2024-2025,26,883,4,2,1.7757814601063728,1.1617773352190852,4,0.6115515288788221,24,16,1,0
Paul Onuachu,Southampton,FW,2024-2025,25,1015,4,1,4.886736177839339,0.5158860571682453,4,0.44334975369458124,34,8,4,0
Daniel Muñoz,Crystal Palace,DF,2024-2025,37,3237,4,5,5.791526351124048,5.942459639161825,4,0.25023169601482853,37,45,10,0
Sammie Szmodics,Ipswich,MF,2024-2025,20,1025,4,0,4.5141482055187225,0.1944524906575679,4,0.35121951219512193,21,5,2,0
Ross Barkley,Aston Villa,MF,2024-2025,20,507,3,1,2.1608064183965325,0.9665419245138764,3,0.7100591715976331,16,9,3,0
Virgil van Dijk,Liverpool,DF,2024-2025,37,3330,3,1,2.821447281166911,1.2135552121326327,3,0.10810810810810811,26,12,5,0
Michael Keane,Everton,DF,2024-2025,14,1043,3,0,1.126571523025632,0.1236345618963241,3,0.2588686481303931,10,1,5,0
Abdoulaye Doucouré,Everton,MF,2024-2025,33,2619,3,2,4.050999755039811,2.317836028058082,3,0.1718213058419244,31,27,3,1
Trent Alexander-Arnold,Liverpool,DF,2024-2025,33,2405,3,6,1.89413627050817,8.056737272068858,3,0.3367983367983368,45,52,5,0
Marco Asensio,Aston Villa,MF,2024-2025,13,751,3,1,4.556249689310789,1.264389220625162,3,0.47936085219707053,24,16,2,0
Pablo Sarabia,Wolves,MF,2024-2025,23,788,3,2,2.177397783845663,1.962121868506074,3,0.5710659898477157,17,15,2,0
Martin Odegaard,Arsenal,MF,2024-2025,30,2343,3,8,5.635795846581459,7.852103857323527,2,0.3841229193341869,49,63,4,0
Christopher Nkunku,Chelsea,FW,2024-2025,27,878,3,2,5.027925219386816,2.0136311538517475,3,0.5125284738041002,25,14,2,0
Gabriel Jesus,Arsenal,FW,2024-2025,17,581,3,0,3.375023730099201,0.5535630472004414,3,0.46471600688468157,20,8,4,0
Dominic Calvert-Lewin,Everton,FW,2024-2025,26,1625,3,1,8.584493719041348,0.7406498864293098,3,0.22153846153846152,50,7,2,0
Gabriel,Arsenal,DF,2024-2025,28,2376,3,1,4.300341751426458,1.2210565768182278,3,0.15151515151515152,22,13,4,0
Youri Tielemans,Aston Villa,MF,2024-2025,36,3049,3,7,3.709774609655142,8.044237377122045,3,0.2951787471302066,41,60,4,0
Niclas Füllkrug,West Ham,FW,2024-2025,18,775,3,2,2.1643357016146183,2.0831744708120823,3,0.5806451612903226,16,14,2,0
Jadon Sancho,Chelsea,MF,2024-2025,31,1760,3,4,2.4174315705895424,4.314331844449043,3,0.3579545454545454,24,39,2,0
Eddie Nketiah,Crystal Palace,FW,2024-2025,29,984,3,1,7.15336112678051,1.3858313784003258,3,0.36585365853658536,43,13,4,1
Trevoh Chalobah,"Chelsea,Crystal Palace",DF,2024-2025,25,1983,3,1,2.548438237980008,2.151971971616149,3,0.1815431164901664,18,8,3,0
Curtis Jones,Liverpool,DF,2024-2025,33,1719,3,3,4.570292007178068,1.7505743531510234,3,0.31413612565445026,34,22,1,1
Marc Guehi,Crystal Palace,DF,2024-2025,34,3060,3,2,2.960845593363046,2.1349100805819035,3,0.14705882352941177,15,16,7,1
Joshua Zirkzee,Man United,FW,2024-2025,32,1378,3,1,5.218384485691786,2.009757675230503,3,0.2612481857764877,28,12,2,0
George Hirst,Ipswich,FW,2024-2025,26,609,3,1,2.7488116063177586,0.403658552095294,3,0.5911330049261084,14,4,3,0
Jéremy Doku,Man City,FW,2024-2025,29,1518,3,6,1.8944458104670048,4.646427006460726,3,0.5335968379446641,29,32,1,0
Pape Sarr,Tottenham,MF,2024-2025,36,1913,3,2,3.994037317112088,2.015070780180394,3,0.23523261892315733,34,16,6,0
Amadou Onana,Aston Villa,MF,2024-2025,26,1650,3,0,2.5780120696872477,0.6834856616333127,3,0.16363636363636364,17,10,4,0
Donyell Malen,Aston Villa,MF,2024-2025,14,265,3,0,3.0199847873300314,0.1801445484161377,3,1.0188679245283019,15,3,0,0
James McAtee,Man City,MF,2024-2025,15,341,3,0,2.566829100251198,0.8544101417064667,3,0.7917888563049854,12,3,1,0
Omari Hutchinson,Ipswich,MF,2024-2025,31,2620,3,2,3.5237994957715277,3.373567247763276,3,0.1717557251908397,45,31,5,0
Carlos Baleba,Brighton,DF,2024-2025,34,2717,3,1,2.8824724731966853,1.6279380414634943,3,0.13249907986750092,44,21,6,1
Marcus Tavernier,Bournemouth,MF,2024-2025,29,1930,3,5,6.411486806347966,5.201899139210582,3,0.3730569948186529,57,43,6,0
Joe Ayodele-Aribo,Southampton,DF,2024-2025,32,2019,3,0,2.926058968529105,1.7567494381219149,3,0.1337295690936107,17,16,1,0
João Gomes,Wolves,MF,2024-2025,36,3034,3,1,2.872034505009651,1.199560061097145,3,0.11865524060646013,35,22,9,1
Dean Huijsen,Bournemouth,DF,2024-2025,32,2403,3,2,1.5728872679173946,2.331902604550123,3,0.18726591760299627,17,15,10,0
Jota Silva,Nott'm Forest,MF,2024-2025,31,799,3,1,2.7386593613773584,3.355119312182069,3,0.4505632040050062,23,14,5,0
John Stones,Man City,DF,2024-2025,11,539,2,0,0.6664973199367523,0.0837758481502533,2,0.3339517625231911,2,2,1,0
Ola Aina,Nott'm Forest,DF,2024-2025,35,3020,2,1,0.4608655953779816,2.045018967241049,2,0.08940397350993377,11,16,5,0
Adama Traoré,Fulham,FW,2024-2025,36,1761,2,7,5.658592768013477,6.4245162177830935,2,0.4599659284497445,39,43,2,0
Andreas Pereira,Fulham,MF,2024-2025,33,2063,2,4,4.448508242145181,5.718298438005149,2,0.2617547261269995,39,57,7,0
Emerson,West Ham,DF,2024-2025,31,2167,2,1,2.1318588722497225,1.2129619792103767,2,0.12459621596677434,16,17,5,0
Adam Armstrong,Southampton,FW,2024-2025,20,1282,2,2,3.93346855416894,2.005434782244265,2,0.280811232449298,26,9,4,0
Aaron Wan-Bissaka,West Ham,DF,2024-2025,36,3156,2,5,1.3520639296621084,4.088755523785949,2,0.19961977186311786,16,33,1,0
Yves Bissouma,Tottenham,MF,2024-2025,28,1404,2,0,0.4450572794303298,0.292962247505784,2,0.12820512820512822,11,6,7,0
Gonçalo Guedes,Wolves,FW,2024-2025,29,968,2,4,3.3298932649195194,1.434443952515721,2,0.5578512396694214,27,14,1,0
Jan Bednarek,Southampton,DF,2024-2025,30,2538,2,0,1.0302477153018117,0.3539321832358837,2,0.07092198581560284,5,5,7,0
Rodrigo Bentancur,Tottenham,MF,2024-2025,26,1674,2,0,1.3008952122181654,0.3507859818637371,2,0.1075268817204301,22,9,9,0
Enes Ünal,Bournemouth,FW,2024-2025,17,292,2,1,2.016992896795273,0.545154508203268,2,0.9246575342465754,19,4,2,0
David Brooks,Bournemouth,MF,2024-2025,29,937,2,0,2.8713680896908045,1.7746479772031307,2,0.192102454642476,25,19,3,0
Tom Cairney,Fulham,MF,2024-2025,25,568,2,0,0.7964487187564373,1.6266533425077796,2,0.31690140845070425,11,10,3,1
Matt Doherty,Wolves,DF,2024-2025,30,2140,2,1,1.576674222946167,1.7241646945476532,2,0.1261682242990654,10,12,6,0
William Saliba,Arsenal,DF,2024-2025,35,3044,2,0,3.196498431265354,0.7513726502656937,2,0.05913272010512483,6,7,2,1
Pedro Porro,Tottenham,DF,2024-2025,33,2611,2,6,1.8372661639004944,6.575961069203913,2,0.2757564151666028,39,57,5,0
Ezri Konsa Ngoyo,Aston Villa,DF,2024-2025,34,2934,2,0,1.103471640497446,0.4107247851788997,2,0.06134969325153374,11,6,1,0
James Justin,Leicester,DF,2024-2025,36,2937,2,2,2.046646734699607,0.9606930930167435,2,0.12257405515832483,25,15,6,0
Jean-Ricner Bellegarde,Wolves,MF,2024-2025,35,1693,2,7,1.7939026495441794,4.052603563293815,2,0.47844063792085056,22,26,3,0
Matthijs de Ligt,Man United,DF,2024-2025,29,2141,2,0,2.871978895738721,0.281110018491745,2,0.08407286314806166,18,6,3,0
Marshall Munetsi,Wolves,FW,2024-2025,14,1076,2,1,2.8331323377788067,1.988670129328966,2,0.25092936802973975,22,9,0,0
Riccardo Calafiori,Arsenal,DF,2024-2025,19,986,2,1,0.7747622476890683,0.4056127071380615,2,0.2738336713995943,10,6,4,0
Tariq Lamptey,Brighton,DF,2024-2025,15,870,2,2,0.3391416240483522,0.8965721465647221,2,0.4137931034482759,6,5,0,0
Hee-Chan Hwang,Wolves,FW,2024-2025,21,623,2,0,0.7990479003638029,0.2850785907357931,2,0.28892455858747995,5,3,0,0
Mikkel Damsgaard,Brentford,FW,2024-2025,38,2978,2,9,3.476722192019224,9.246257283724844,2,0.33243787777031564,35,63,2,0
Elliot Anderson,Nott'm Forest,MF,2024-2025,37,2773,2,6,2.230010911822319,4.1257980996742845,2,0.2596465921384782,40,37,10,0
Nathan Broadhead,Ipswich,MF,2024-2025,18,677,2,0,1.828265825286508,0.8385746516287327,2,0.2658788774002954,13,7,1,0
Jaden Philogene-Bidace,"Aston Villa,Ipswich",DF,2024-2025,21,786,2,0,2.795140001922846,0.3331893943250179,2,0.22900763358778628,19,6,3,1
Fabio Carvalho,Brentford,FW,2024-2025,19,399,2,1,2.3463018126785755,0.6756551787257195,2,0.6766917293233082,12,4,1,0
Ethan Pinnock,Brentford,DF,2024-2025,22,1912,2,0,0.9376051723957062,1.5102842152118685,2,0.09414225941422595,10,8,2,0
Nathan Collins,Brentford,DF,2024-2025,38,3420,2,3,2.6544005731120706,1.9733586199581623,2,0.13157894736842105,17,9,5,0
Mathys Tel,Tottenham,FW,2024-2025,13,920,2,1,2.799501243978739,2.507141198962927,1,0.1956521739130435,23,14,2,0
Cameron Archer,Southampton,FW,2024-2025,35,1409,2,0,6.92764007486403,0.4734852155670523,2,0.127750177430802,29,6,0,0
Tyler Dibling,Southampton,FW,2024-2025,33,1860,2,0,3.091769566759467,1.979686425998807,2,0.0967741935483871,28,20,6,0
Ryan Christie,Bournemouth,MF,2024-2025,29,2150,2,3,1.625680811703205,3.819417158141732,2,0.20930232558139533,33,42,9,0
Lisandro Martínez,Man United,DF,2024-2025,20,1762,2,1,1.686713680624962,1.357606129720807,2,0.1532349602724177,17,9,7,0
Levi Colwill,Chelsea,DF,2024-2025,35,3150,2,1,2.4856121446937323,1.066227382980287,2,0.08571428571428572,17,12,9,0
Ryan Yates,Nott'm Forest,MF,2024-2025,35,1883,2,1,2.863330416381359,1.0837957467883823,2,0.14338821030270846,33,19,10,0
Julio Enciso,"Brighton,Ipswich",MF,2024-2025,25,1168,2,3,2.7400452066212893,2.227620951831341,2,0.3852739726027397,52,18,3,0
Carlos Alcaraz,"Everton,Southampton",MF,2024-2025,16,753,2,3,1.660201769322157,2.288683351129293,2,0.597609561752988,27,14,4,0
Yasin Ayari,Brighton,MF,2024-2025,34,1977,2,1,2.234291661530733,3.114554302766919,2,0.13657056145675267,28,28,3,0
Nico O&#039;Reilly,Man City,DF,2024-2025,9,526,2,0,1.0966674238443377,0.2605451494455337,2,0.3422053231939164,8,4,0,0
Milos Kerkez,Bournemouth,DF,2024-2025,38,3359,2,5,0.7433816641569138,4.914374724030495,2,0.18755582018457875,19,35,4,0
Simon Adingra,Brighton,DF,2024-2025,29,1081,2,2,3.1380675714463,2.066323732957244,2,0.3330249768732655,34,16,0,0
Jake O&#039;Brien,Everton,DF,2024-2025,20,1561,2,0,1.219971727579832,0.6676564291119576,2,0.11531069827033952,6,6,5,0
Murillo,Nott'm Forest,DF,2024-2025,36,3199,2,0,1.9497453132644296,1.3909434340894222,2,0.05626758361988121,25,12,6,0
Rodrigo Gomes,Wolves,DF,2024-2025,25,756,2,0,0.6804056065157056,0.979415087029338,2,0.23809523809523808,7,12,0,0
Mateus Fernandes,Southampton,FW,2024-2025,36,2964,2,4,5.0105931609869,3.847336508333683,2,0.1821862348178138,42,34,8,0
Bilal El Khannouss,Leicester,MF,2024-2025,32,2242,2,3,1.4420042671263218,4.914181550964713,2,0.20071364852809992,30,42,4,0
Matt O&#039;Riley,Brighton,MF,2024-2025,21,934,2,2,3.061050277203321,2.4148010704666376,1,0.28907922912205564,22,21,1,0
Ilkay Gündogan,Man City,MF,2024-2025,33,2231,1,6,3.426698351278901,3.667873060330749,1,0.28238458090542357,27,42,1,0
Michail Antonio,West Ham,FW,2024-2025,14,859,1,1,2.99339403398335,1.598572283051908,1,0.20954598370197905,19,9,1,0
Ashley Young,Everton,DF,2024-2025,32,1824,1,3,0.2522744350135326,2.9377346560359,1,0.19736842105263158,6,26,7,1
Christian Eriksen,Man United,MF,2024-2025,23,1043,1,2,1.3317703362554312,3.2394327828660607,0,0.1725790987535954,15,29,4,0
Jack Grealish,Man City,MF,2024-2025,20,689,1,1,1.2711530942469835,1.9155478971078992,1,0.2612481857764877,15,24,3,0
Ben Chilwell,Crystal Palace,DF,2024-2025,8,239,1,0,0.2562433071434498,0.8998954109847546,1,0.3765690376569038,5,5,1,0
James Ward-Prowse,"Nott'm Forest,West Ham",MF,2024-2025,24,1449,1,2,1.2941841231659057,3.261906538158655,1,0.18633540372670807,14,24,2,1
Danny Ings,West Ham,FW,2024-2025,15,235,1,2,1.7657166114076972,1.154838539659977,1,1.1489361702127658,14,6,0,0
Mario Lemina,Wolves,DF,2024-2025,17,1366,1,3,1.1920787254348395,1.287991652265191,1,0.2635431918008785,17,10,4,0
James Tarkowski,Everton,DF,2024-2025,33,2926,1,1,1.2661416758783162,2.7973302034661174,1,0.06151742993848257,15,16,6,0
Harry Maguire,Man United,DF,2024-2025,27,1752,1,0,2.342265553772449,0.9308241046965122,1,0.051369863013698634,16,8,7,0
Jack Stephens,Southampton,DF,2024-2025,19,1418,1,0,0.6747798472642899,0.2880069650709629,1,0.06346967559943582,4,3,2,2
Lewis Cook,Bournemouth,DF,2024-2025,36,2978,1,3,0.963939368724823,4.5853610355407,1,0.12088650100738751,14,47,8,1
Casemiro,Man United,MF,2024-2025,24,1519,1,0,1.939050110988319,2.170760851353407,1,0.059249506254114556,32,22,5,0
Carlos Soler,West Ham,MF,2024-2025,31,1422,1,1,2.29219813644886,1.0893699526786804,1,0.12658227848101264,25,17,6,0
Estupiñán,Brighton,DF,2024-2025,30,2404,1,1,1.3183485567569733,2.320820614695549,1,0.07487520798668885,28,27,5,0
Leon Bailey,Aston Villa,MF,2024-2025,24,1152,1,2,2.867841899394989,2.372280452400446,1,0.234375,28,16,3,0
Tosin Adarabioyo,Chelsea,DF,2024-2025,22,1410,1,1,1.1859792517498136,0.3341391310095787,1,0.12765957446808512,13,2,4,0
Boubacar Kamara,Aston Villa,DF,2024-2025,26,1744,1,0,0.7928520627319813,0.901398416608572,1,0.051605504587155966,10,11,2,0
Orel Mangala,Everton,MF,2024-2025,19,1254,1,0,0.7135743591934443,0.494984382763505,1,0.07177033492822966,16,8,2,0
Ibrahima Konaté,Liverpool,DF,2024-2025,31,2578,1,2,1.85700361803174,1.0275321248918772,1,0.1047323506594259,19,10,5,0
Ben Johnson,Ipswich,DF,2024-2025,23,1327,1,2,1.4644898548722267,2.1658401750028133,1,0.20346646571213264,7,11,3,1
Reiss Nelson,"Arsenal,Fulham",MF,2024-2025,12,491,1,1,1.4182224795222282,1.1306451223790646,1,0.3665987780040733,11,13,1,0
Bobby Reid,Leicester,FW,2024-2025,23,729,1,2,0.667118170298636,1.0936873592436314,1,0.3703703703703704,7,6,2,0
Conor Coady,Leicester,DF,2024-2025,22,1710,1,0,0.6421074867248535,0.0701530873775482,1,0.05263157894736842,2,1,3,0
Axel Disasi,"Aston Villa,Chelsea",DF,2024-2025,13,844,1,0,0.6244775578379631,0.3375391270965338,1,0.10663507109004738,4,5,3,0
Cristian Romero,Tottenham,DF,2024-2025,18,1426,1,0,1.905144028365612,0.6253029182553291,1,0.06311360448807854,16,7,3,0
Caleb Okoli,Leicester,DF,2024-2025,19,1113,1,0,0.8699327614158392,0.0,1,0.08086253369272237,4,0,4,0
Dan Burn,Newcastle,DF,2024-2025,37,3330,1,1,2.574376904405653,1.1636743620038033,1,0.05405405405405406,21,9,11,0
Harvey Elliott,Liverpool,MF,2024-2025,18,320,1,2,1.6678786408156157,1.2793736029416325,1,0.84375,17,10,1,0
John McGinn,Aston Villa,MF,2024-2025,34,2247,1,4,3.7942231353372335,3.4790949057787657,1,0.20026702269692925,31,30,7,0
Mason Mount,Man United,FW,2024-2025,17,626,1,0,2.9394782911986117,0.335563201457262,1,0.14376996805111822,20,8,3,0
Taiwo Awoniyi,Nott'm Forest,FW,2024-2025,26,363,1,0,2.418665297329426,0.0885970722883939,1,0.24793388429752067,10,2,0,0
João Félix,Chelsea,MF,2024-2025,12,343,1,1,2.64809543825686,0.6843841634690762,1,0.5247813411078718,20,6,2,0
Reece James,Chelsea,DF,2024-2025,19,1062,1,1,0.5808683261275291,1.3240125216543674,1,0.1694915254237288,11,11,1,0
Kieran Tierney,Arsenal,DF,2024-2025,13,227,1,0,0.9213433265686036,1.199159286916256,1,0.39647577092511016,2,8,0,0
Neco Williams,Nott'm Forest,DF,2024-2025,35,2579,1,3,3.0044789891690016,1.7043100725859404,1,0.13958898797983715,37,18,7,0
William Smallbone,Southampton,MF,2024-2025,18,657,1,0,0.6896725203841925,0.5868444573134184,1,0.136986301369863,7,10,1,0
Chris Richards,Crystal Palace,DF,2024-2025,24,1925,1,0,1.6956392526626587,0.114281041547656,1,0.046753246753246755,12,2,2,1
Taylor Harwood-Bellis,Southampton,DF,2024-2025,34,2832,1,0,2.1951861269772053,1.9898590259253977,1,0.03177966101694915,20,14,9,0
Wout Faes,Leicester,DF,2024-2025,34,2799,1,0,1.563155423849821,0.1705409092828631,1,0.03215434083601286,12,4,4,0
Jack Harrison,Everton,FW,2024-2025,34,2102,1,0,3.3758146427571774,3.650003883987665,1,0.0428163653663178,29,33,0,0
Maxence Lacroix,Crystal Palace,DF,2024-2025,35,3126,1,1,2.7525001103058457,1.6881468072533607,1,0.05758157389635316,30,8,5,0
Matthew Cash,Aston Villa,DF,2024-2025,27,2085,1,1,0.4955384666100144,1.4866319708526134,1,0.08633093525179855,13,10,7,0
Leif Davis,Ipswich,DF,2024-2025,33,2760,1,2,0.798027765005827,6.061805084347725,1,0.09782608695652173,16,61,5,1
Jacob Ramsey,Aston Villa,FW,2024-2025,29,1665,1,3,1.4540390092879534,2.891221077181399,1,0.21621621621621623,19,21,2,1
Chimuanya Ugochukwu,Southampton,MF,2024-2025,26,1689,1,1,0.8239525118842721,0.9677973967045546,1,0.10657193605683837,10,14,7,0
Moisés Caicedo,Chelsea,DF,2024-2025,38,3381,1,2,0.6911019859835505,2.924944289028645,1,0.07985803016858917,20,29,11,0
Crysencio Summerville,West Ham,FW,2024-2025,19,760,1,1,1.8140362668782477,2.1587705314159398,1,0.23684210526315788,14,17,2,0
Daniel Jebbison,Bournemouth,,2024-2025,16,62,1,0,1.7295908629894257,0.2071749344468116,1,1.4516129032258065,5,3,1,0
William Osula,Newcastle,,2024-2025,14,107,1,0,0.2826921939849853,0.1338628381490707,1,0.8411214953271028,4,2,0,0
Kamaldeen Sulemana,Southampton,FW,2024-2025,26,1405,1,1,1.5610322337597609,1.2623700015246868,1,0.12811387900355872,29,10,2,0
Vitaly Janelt,Brentford,DF,2024-2025,32,2303,1,3,0.9458270631730556,2.358839701861143,1,0.15631784628745116,14,14,3,0
Patson Daka,Leicester,FW,2024-2025,23,686,1,0,1.767653119750321,0.0259240753948688,1,0.13119533527696794,15,1,0,0
Nico González,Man City,MF,2024-2025,11,767,1,0,0.8193094208836555,0.0815559178590774,1,0.11734028683181226,9,1,3,0
Jakub Kiwior,Arsenal,DF,2024-2025,17,1102,1,0,0.2143479213118553,0.5097704380750656,1,0.08166969147005446,3,5,1,0
Kasey McAteer,Leicester,MF,2024-2025,18,854,1,1,1.4462989773601294,0.905257573351264,1,0.2107728337236534,13,9,3,0
Evan Ferguson,"Brighton,West Ham",FW,2024-2025,21,341,1,0,1.4812848791480064,0.7929156944155693,1,0.26392961876832843,12,5,0,0
Vitalii Mykolenko,Everton,DF,2024-2025,35,3085,1,2,0.6015322427265346,3.0272322706878185,1,0.08752025931928686,14,24,4,0
Jens Cajuste,Ipswich,MF,2024-2025,30,2019,1,1,0.6125177554786205,0.6245124880224466,1,0.08915304606240713,12,13,2,0
Djed Spence,Tottenham,DF,2024-2025,25,1784,1,2,0.417020246386528,1.8481179997324944,1,0.15134529147982062,10,11,2,1
Jan Paul van Hecke,Brighton,DF,2024-2025,34,2962,1,1,1.0002109874039888,1.558699306100607,1,0.06076975016880486,17,16,6,1
Keane Lewis-Potter,Brentford,DF,2024-2025,38,3131,1,3,3.2576067624613643,3.338346378877759,1,0.11497923985946981,28,26,7,0
Wilson Odobert,Tottenham,FW,2024-2025,16,845,1,0,2.115951618179679,0.8556916369125247,1,0.10650887573964496,13,6,0,0
Flynn Downes,Southampton,DF,2024-2025,27,2175,1,0,0.8941574329510331,1.6155836284160614,1,0.041379310344827586,10,15,12,0
Rico Lewis,Man City,DF,2024-2025,28,1903,1,2,1.6414977870881555,0.3464172556996345,1,0.1418812401471361,10,7,3,1
Emmanuel Agbadou,Wolves,DF,2024-2025,16,1414,1,0,0.69438168220222,0.1891781575977802,1,0.06364922206506365,7,4,3,0
Luis Sinisterra,Bournemouth,MF,2024-2025,12,221,1,1,1.7229826282709837,1.762933598831296,1,0.8144796380090498,13,8,0,0
Matheus Nunes,Man City,DF,2024-2025,26,1673,1,6,1.189816527068615,3.9489037338644266,1,0.37656903765690375,9,23,4,0
Brajan Gruda,Brighton,FW,2024-2025,21,684,1,4,1.0134435147047045,2.2726940251886845,1,0.6578947368421053,11,23,0,0
Lewis Miley,Newcastle,MF,2024-2025,14,274,1,0,0.2039504423737526,0.0893867462873458,1,0.3284671532846716,3,1,0,0
Jurriën Timber,Arsenal,DF,2024-2025,30,2443,1,3,1.3132512997835877,1.1326866932213306,1,0.14735980352026196,14,17,7,0
Calvin Bassey,Fulham,DF,2024-2025,35,3072,1,0,1.1175763411447406,0.1130702113732695,1,0.029296875,14,3,7,0
Sávio,Man City,FW,2024-2025,29,1801,1,8,5.246914088726044,6.9446608647704124,1,0.44975013881177117,55,45,3,0
Manuel Ugarte,Man United,MF,2024-2025,29,1802,1,2,1.087446665391326,1.616088747046888,1,0.14983351831298558,19,10,11,0
Ian Maatsen,Aston Villa,DF,2024-2025,29,1073,1,2,0.979834190569818,3.0338974483311176,1,0.2516309412861137,19,19,2,0
Matheus França,Crystal Palace,,2024-2025,4,45,1,0,0.4079460725188255,0.0,1,2.0,6,0,0,0
Myles Lewis-Skelly,Arsenal,DF,2024-2025,23,1371,1,0,0.2544533908367157,0.4991668798029423,1,0.06564551422319476,3,8,3,2
Tyrique George,Chelsea,FW,2024-2025,8,162,1,1,0.3738933689892292,1.0261513106524944,1,1.1111111111111112,3,6,1,0
Jacob Greaves,Ipswich,DF,2024-2025,25,2208,1,0,1.4357987744733691,0.2260055681690573,1,0.04076086956521739,10,6,5,0
Sam Morsy,Ipswich,MF,2024-2025,33,2767,1,1,0.2957767499610781,1.4169819168746471,1,0.06505240332490062,13,24,9,0
Conor Chaplin,Ipswich,FW,2024-2025,22,851,1,1,1.434986375272274,0.7888719039037824,1,0.21151586368977673,16,8,2,0
Jack Taylor,Ipswich,MF,2024-2025,32,777,1,0,0.5857022814452648,0.7670453414320946,1,0.11583011583011583,19,5,4,0
Mats Wieffer,Brighton,DF,2024-2025,25,988,1,3,1.0993042346090078,1.0669435421004891,1,0.3643724696356275,9,15,6,0
Yukinari Sugawara,Southampton,DF,2024-2025,30,1533,1,1,0.4496091231703758,3.2835169788450003,1,0.11741682974559686,14,17,4,0
Ramón Sosa,Nott'm Forest,MF,2024-2025,19,246,1,0,1.1310514248907566,0.6833146139979362,1,0.36585365853658536,11,8,1,0
Justin Devenny,Crystal Palace,MF,2024-2025,23,472,1,1,1.1472182907164097,0.6334958653897047,1,0.3813559322033898,10,7,1,0
Ross Stewart,Southampton,FW,2024-2025,12,379,1,0,0.8806956596672535,0.0,1,0.23746701846965698,9,0,1,0
Ferdi Kadioglu,Brighton,DF,2024-2025,6,401,1,0,0.6023932620882988,0.1645598961040377,1,0.22443890274314213,4,5,1,0
Diego Gómez,Brighton,MF,2024-2025,16,487,1,0,0.8773256950080395,1.5821922849863768,1,0.18480492813141683,9,9,0,0
Romain Esse,Crystal Palace,MF,2024-2025,7,124,1,1,0.5787168145179749,0.3007222488522529,1,1.4516129032258065,1,3,0,0
Timo Werner,Tottenham,FW,2024-2025,18,488,0,3,0.953228548169136,3.0806511119008064,0,0.5532786885245902,8,10,0,0
Jannik Vestergaard,Leicester,DF,2024-2025,18,1411,0,0,0.1115449527278542,0.0718512497842311,0,0.0,3,3,5,0
Bernd Leno,Fulham,GK,2024-2025,38,3420,0,1,0.0,0.31894351541996,0,0.02631578947368421,0,2,5,0
Callum Wilson,Newcastle,FW,2024-2025,18,313,0,0,0.7507430538535118,0.1887170672416687,0,0.0,6,3,1,0
Danny Ward,Leicester,GK,2024-2025,2,132,0,0,0.0,0.0,0,0.0,0,0,0,0
Adam Lallana,Southampton,MF,2024-2025,14,342,0,2,0.1523155756294727,0.5534783098846674,0,0.5263157894736842,3,4,4,0
James Milner,Brighton,MF,2024-2025,4,177,0,0,0.1920489966869354,0.2607630733400583,0,0.0,2,4,1,0
Joel Ward,Crystal Palace,DF,2024-2025,2,75,0,0,0.0,0.0684693977236747,0,0.0,0,1,1,0
Aaron Cresswell,West Ham,DF,2024-2025,18,821,0,0,0.1508999690413475,1.589625921100378,0,0.0,5,9,3,0
Nathan Aké,Man City,DF,2024-2025,10,684,0,0,0.2418667152523994,0.0160249359905719,0,0.0,3,1,0,0
Seamus Coleman,Everton,DF,2024-2025,5,213,0,0,0.4752198457717895,0.0,0,0.0,1,0,1,0
Nathaniel Clyne,Crystal Palace,DF,2024-2025,13,483,0,0,0.0234091719612479,0.1613760516047477,0,0.0,2,3,1,0
Raheem Sterling,Arsenal,FW,2024-2025,17,486,0,2,0.9707838203758,0.5390832684934139,0,0.37037037037037035,10,8,1,0
Alex McCarthy,Southampton,GK,2024-2025,5,450,0,0,0.0,0.0,0,0.0,0,0,0,0
Kyle Walker,Man City,DF,2024-2025,15,968,0,0,0.1098661832511425,0.7247695401310921,0,0.0,5,7,3,0
Kieran Trippier,Newcastle,DF,2024-2025,25,1311,0,3,0.1578787304461002,1.8058830378577115,0,0.20594965675057209,4,21,1,0
Ben Davies,Tottenham,DF,2024-2025,17,1325,0,0,0.3614495517686009,0.0991829298436641,0,0.0,5,2,5,0
Idrissa Gueye,Everton,MF,2024-2025,37,3090,0,3,1.0407873457297685,2.416206769645214,0,0.08737864077669902,27,19,8,0
Willian,Fulham,FW,2024-2025,10,240,0,0,0.2559743635356426,0.2961952313780784,0,0.0,7,7,0,0
Lukasz Fabianski,West Ham,GK,2024-2025,14,1157,0,0,0.0,0.0,0,0.0,0,0,2,0
Jordan Pickford,Everton,GK,2024-2025,38,3420,0,1,0.0,0.2801412306725979,0,0.02631578947368421,0,2,7,0
Jeffrey Schlupp,Crystal Palace,,2024-2025,12,72,0,0,0.2102906517684459,0.3348583467304706,0,0.0,4,2,0,0
Craig Dawson,Wolves,DF,2024-2025,15,950,0,0,0.4068407323211431,0.0697851851582527,0,0.0,5,2,2,0
Jonny Evans,Man United,DF,2024-2025,7,306,0,0,0.0842704158276319,0.0,0,0.0,2,0,1,0
Adam Smith,Bournemouth,DF,2024-2025,25,1625,0,0,0.3261268213391304,0.4430896267294884,0,0.0,3,8,7,0
Fraser Forster,Tottenham,GK,2024-2025,7,630,0,0,0.0,0.0,0,0.0,0,0,0,0
Matt Targett,Newcastle,,2024-2025,2,12,0,0,0.0,0.0,0,0.0,0,0,0,0
Kyle Walker-Peters,Southampton,DF,2024-2025,33,2934,0,2,1.1614951640367508,2.7974178763106465,0,0.06134969325153374,20,23,5,0
Harrison Reed,Fulham,,2024-2025,12,81,0,0,0.1439509261399507,0.0789679586887359,0,0.0,3,1,2,0
Axel Tuanzebe,Ipswich,DF,2024-2025,22,1731,0,1,0.3537554126232862,0.6262782029807568,0,0.05199306759098787,4,5,3,1
Harry Winks,Leicester,MF,2024-2025,22,1532,0,2,0.1876087933778762,1.32591406814754,0,0.1174934725848564,10,17,4,0
Sam Johnstone,Wolves,GK,2024-2025,7,630,0,0,0.0,0.0490641593933105,0,0.0,0,1,0,0
Mason Holgate,Everton,,2024-2025,1,1,0,0,0.0,0.0,0,0.0,0,0,0,0
Joseph Gomez,Liverpool,DF,2024-2025,9,510,0,0,0.3742993529886007,0.0806920379400253,0,0.0,3,2,1,0
Luke Shaw,Man United,DF,2024-2025,7,352,0,0,0.031377512961626,0.5605076849460602,0,0.0,1,5,1,0
Tyrone Mings,Aston Villa,DF,2024-2025,14,1137,0,0,0.7991716582328081,0.1797054167836904,0,0.0,9,3,1,0
Alex Palmer,Ipswich,GK,2024-2025,13,1170,0,0,0.0,0.0210703182965517,0,0.0,0,1,2,0
Alisson,Liverpool,GK,2024-2025,28,2511,0,0,0.0,0.4981032609939575,0,0.0,0,1,0,0
Neto,Bournemouth,GK,2024-2025,2,180,0,0,0.0,0.0,0,0.0,0,0,0,0
Jorginho,Arsenal,MF,2024-2025,15,717,0,0,0.0592099986970424,0.4611985944211483,0,0.0,2,3,5,0
Federico Chiesa,Liverpool,FW,2024-2025,6,95,0,0,0.6147317513823509,0.2075449079275131,0,0.0,5,2,0,0
Sasa Lukic,Fulham,MF,2024-2025,30,2380,0,2,1.5360550973564386,3.099418031051755,0,0.07563025210084034,18,27,12,0
Emil Krafth,Newcastle,DF,2024-2025,12,314,0,0,0.0276889540255069,0.0589407011866569,0,0.0,1,1,2,0
Ben Mee,Brentford,DF,2024-2025,7,181,0,0,0.0,0.0,0,0.0,0,0,2,0
Ryan Fraser,Southampton,DF,2024-2025,8,314,0,0,0.0251516010612249,0.1558907814323902,0,0.0,1,2,0,1
Andrew Robertson,Liverpool,DF,2024-2025,33,2511,0,1,1.5656620487570765,4.881590306758881,0,0.03584229390681004,15,40,3,1
Lucas Digne,Aston Villa,DF,2024-2025,32,2413,0,4,0.7811353597790003,6.966049259528518,0,0.1491918773311231,13,36,4,0
Jefferson Lerma,Crystal Palace,DF,2024-2025,33,2274,0,1,0.8986045755445957,1.3882753169164062,0,0.0395778364116095,26,10,9,0
Emiliano Buendía,Aston Villa,,2024-2025,12,48,0,0,0.8230422083288431,0.0468223355710506,0,0.0,5,1,1,0
Alphonse Areola,West Ham,GK,2024-2025,26,2263,0,0,0.0,0.0,0,0.0,0,0,0,0
Rodri,Man City,MF,2024-2025,3,64,0,0,0.0,0.0520608685910701,0,0.0,0,1,0,0
Oleksandr Zinchenko,Arsenal,DF,2024-2025,15,500,0,1,0.4987206254154444,0.1286610011011362,0,0.18,10,3,1,0
Issa Diop,Fulham,DF,2024-2025,21,1332,0,0,0.4851377755403518,0.1430980395525694,0,0.0,5,3,2,0
Maxwel Cornet,Southampton,MF,2024-2025,2,71,0,0,0.0751236081123352,0.0,0,0.0,1,0,1,0
Ricardo Pereira,Leicester,DF,2024-2025,10,378,0,0,0.1111767999827861,0.0,0,0.0,2,0,1,0
Odsonne Edouard,"Crystal Palace,Leicester",MF,2024-2025,6,131,0,0,0.325688287615776,0.105933329090476,0,0.0,5,2,0,0
Álex Moreno,Nott'm Forest,DF,2024-2025,15,978,0,1,0.2170073073357343,1.076141320168972,0,0.09202453987730061,6,8,2,0
Emiliano Martinez,Aston Villa,GK,2024-2025,37,3206,0,0,0.0,0.2820240408182144,0,0.0,0,2,5,1
Kepa,Bournemouth,GK,2024-2025,31,2790,0,0,0.0683941841125488,0.0258998982608318,0,0.0,1,1,3,0
Kevin Danso,Tottenham,DF,2024-2025,10,840,0,0,0.273663411848247,0.0684588281437754,0,0.0,7,2,0,0
Wilfred Ndidi,Leicester,MF,2024-2025,28,2368,0,5,1.973463961854577,2.7866385113447905,0,0.1900337837837838,22,17,8,0
Nick Pope,Newcastle,GK,2024-2025,28,2520,0,0,0.0,0.0770820155739784,0,0.0,0,1,2,0
Scott McTominay,Man United,,2024-2025,2,15,0,0,0.1260273307561874,0.0,0,0.0,1,0,0,0
Aaron Ramsdale,Southampton,GK,2024-2025,30,2700,0,0,0.0,0.0,0,0.0,0,0,2,0
Diego Carlos,Aston Villa,DF,2024-2025,10,828,0,0,0.9728685170412064,0.0,0,0.0,4,0,1,0
Ibrahim Sangare,Nott'm Forest,MF,2024-2025,13,584,0,1,0.0163659416139125,0.7156692324206233,0,0.1541095890410959,1,5,3,0
Kenny Tete,Fulham,DF,2024-2025,22,1790,0,2,1.595350006595254,0.6750296298414469,0,0.10055865921787709,25,9,5,0
Philip Billing,Bournemouth,MF,2024-2025,10,152,0,0,0.3570811375975609,1.401890940964222,0,0.0,5,8,1,0
Charlie Taylor,Southampton,DF,2024-2025,8,341,0,0,0.0,0.055130336433649,0,0.0,0,1,1,0
Lewis Dunk,Brighton,DF,2024-2025,25,2083,0,0,1.1070273127406836,0.5168026331812143,0,0.0,12,5,5,0
Solly March,Brighton,MF,2024-2025,8,149,0,0,0.0514545002952218,0.2339879721403122,0,0.0,2,3,2,0
Ederson,Man City,GK,2024-2025,26,2324,0,4,0.0,1.1925887912511826,0,0.1549053356282272,0,4,4,0
Victor Lindelöf,Man United,DF,2024-2025,16,679,0,0,0.0,0.1225271690636873,0,0.0,0,3,1,0
Will Hughes,Crystal Palace,MF,2024-2025,33,2160,0,3,0.9225301016122104,3.364077143371105,0,0.125,22,33,11,0
Daichi Kamada,Crystal Palace,MF,2024-2025,34,1527,0,0,0.9768787622451782,1.8320643100887537,0,0.0,20,20,4,1
Timothy Castagne,Fulham,DF,2024-2025,24,1627,0,1,0.3606655541807413,0.8743397928774357,0,0.05531653349723417,8,10,1,0
Nélson Semedo,Wolves,DF,2024-2025,34,2897,0,4,0.9947248105891048,2.185204219073057,0,0.12426648256817396,18,25,8,0
Pau Torres,Aston Villa,DF,2024-2025,24,2011,0,0,0.3871210906654596,0.1446397490799427,0,0.0,8,3,2,0
Boubakary Soumare,Leicester,MF,2024-2025,31,2182,0,0,0.2561326660215854,0.3478336622938514,0,0.0,7,10,8,0
Joachim Andersen,"Crystal Palace,Fulham",DF,2024-2025,30,2678,0,0,0.8852448537945747,0.280512185767293,0,0.0,20,4,7,1
Hamza Choudhury,Leicester,MF,2024-2025,4,125,0,0,0.0,0.3993283584713936,0,0.0,0,2,0,0
Manuel Akanji,Man City,DF,2024-2025,26,2017,0,0,1.0098738074302671,0.4246870186179876,0,0.0,15,9,3,0
Martin Dubravka,Newcastle,GK,2024-2025,10,900,0,0,0.0,0.0,0,0.0,0,0,0,0
Joe Willock,Newcastle,MF,2024-2025,32,1043,0,2,2.0176452044397597,3.1126333381980658,0,0.1725790987535954,18,22,4,0
Konstantinos Mavropanos,West Ham,DF,2024-2025,33,2028,0,0,1.6612843237817287,0.6751785762608051,0,0.0,18,5,4,1
Jean-Clair Todibo,West Ham,DF,2024-2025,27,1833,0,0,0.2778066396713257,0.0297562526538968,0,0.0,5,2,3,0
Willy Boly,Nott'm Forest,DF,2024-2025,6,139,0,0,0.082951508462429,0.0,0,0.0,1,0,1,0
Matz Sels,Nott'm Forest,GK,2024-2025,38,3420,0,0,0.0,0.5219662692397833,0,0.0,0,2,4,0
Robin Olsen,Aston Villa,GK,2024-2025,4,211,0,0,0.0,0.0,0,0.0,0,0,0,0
Arijanet Muric,Ipswich,GK,2024-2025,18,1620,0,0,0.0,0.0,0,0.0,0,0,1,0
Mark Flekken,Brentford,GK,2024-2025,37,3275,0,2,0.0,0.5480153113603592,0,0.05496183206106871,0,2,1,0
Sean Longstaff,Newcastle,MF,2024-2025,25,758,0,0,0.4065457545220852,0.2086685169488191,0,0.0,6,4,2,0
Mathias Jensen,Brentford,MF,2024-2025,24,819,0,2,0.2693682108074426,1.9875654987990856,0,0.21978021978021978,6,16,2,0
Sergio Reguilón,Tottenham,DF,2024-2025,4,187,0,0,0.1322939433157444,0.0298521239310503,0,0.0,2,1,2,0
Oliver Skipp,Leicester,MF,2024-2025,24,1095,0,0,0.2431342415511608,0.3397108828648925,0,0.0,5,9,8,0
Jason Steele,Brighton,GK,2024-2025,2,180,0,0,0.0,0.0,0,0.0,0,0,0,0
Benoit Badiashile Mukinayi,Chelsea,DF,2024-2025,5,323,0,0,0.0,0.0,0,0.0,0,0,0,0
Diogo Dalot,Man United,DF,2024-2025,33,2821,0,3,1.6990829594433308,2.5788643723353744,0,0.0957107408720312,24,26,5,0
Ben White,Arsenal,DF,2024-2025,17,1192,0,2,0.4337807316333055,1.4500398263335228,0,0.15100671140939598,9,10,2,0
Max Kilman,West Ham,DF,2024-2025,38,3348,0,1,1.714818298816681,0.9288761988282204,0,0.026881720430107524,13,16,5,0
Tyler Adams,Bournemouth,MF,2024-2025,28,1965,0,3,1.4070341289043429,1.5068945437669754,0,0.13740458015267176,9,18,7,0
Carlos Vinicius,Fulham,,2024-2025,3,8,0,0,0.054843533784151,0.0,0,0.0,1,0,0,0
Miguel Almirón,Newcastle,FW,2024-2025,9,138,0,0,0.4826713129878044,0.1663767416030168,0,0.0,6,3,0,0
James Garner,Everton,DF,2024-2025,21,1603,0,1,0.6001764945685863,1.215124419890344,0,0.056144728633811605,12,12,5,0
Mark Travers,Bournemouth,GK,2024-2025,5,450,0,0,0.0,0.0,0,0.0,0,0,0,0
Wesley Fofana,Chelsea,DF,2024-2025,14,1192,0,0,0.2047538962215185,0.5259660333395004,0,0.0,3,6,7,0
Max Aarons,Bournemouth,DF,2024-2025,3,78,0,0,0.0,0.0,0,0.0,0,0,0,0
Ben Godfrey,Ipswich,DF,2024-2025,3,165,0,0,0.0,0.0,0,0.0,0,0,1,0
Adam Webster,Brighton,DF,2024-2025,14,888,0,0,0.3764696484431624,0.3818966709077358,0,0.0,5,3,1,0
Dean Henderson,Crystal Palace,GK,2024-2025,38,3420,0,0,0.0109276687726378,0.1058704666793346,0,0.0,1,2,3,0
Caoimhin Kelleher,Liverpool,GK,2024-2025,10,900,0,0,0.0,0.0,0,0.0,0,0,0,0
Takehiro Tomiyasu,Arsenal,,2024-2025,1,3,0,0,0.1668418496847152,0.0,0,0.0,1,0,0,0
Igor Julio,Brighton,DF,2024-2025,13,959,0,0,0.0835000127553939,0.1427631359547376,0,0.0,1,2,4,0
Billy Gilmour,Brighton,MF,2024-2025,2,94,0,0,0.0845430567860603,0.0,0,0.0,1,0,0,0
Lloyd Kelly,Newcastle,DF,2024-2025,10,303,0,1,0.2711419649422169,0.3751976788043976,0,0.297029702970297,3,2,2,0
Brandon Austin,Tottenham,GK,2024-2025,1,90,0,0,0.0,0.0,0,0.0,0,0,0,0
Boubacar Traore,Wolves,,2024-2025,1,1,0,0,0.0,0.0,0,0.0,0,0,0,0
Tyrick Mitchell,Crystal Palace,DF,2024-2025,37,3131,0,5,1.4204330071806908,7.109685024246573,0,0.14372404982433726,12,41,2,0
Nicolás Domínguez,Nott'm Forest,MF,2024-2025,34,1979,0,1,1.9267512233927848,1.4655370814725757,0,0.045477513895907026,21,13,9,0
Guido Rodríguez,West Ham,MF,2024-2025,23,1179,0,1,0.1626910055056214,0.2192824073135852,0,0.07633587786259542,8,4,6,0
Sander Berge,Fulham,MF,2024-2025,31,2242,0,0,0.4260362591594457,0.7261993493884802,0,0.0,3,18,6,0
Daniel Podence,Wolves,,2024-2025,2,36,0,0,0.0448911525309085,0.0,0,0.0,1,0,0,0
Armando Broja,Everton,FW,2024-2025,10,314,0,0,0.1044619902968406,0.174777690321207,0,0.0,4,4,1,0
Jarrad Branthwaite,Everton,DF,2024-2025,30,2510,0,1,1.381387365050614,0.6528244335204363,0,0.035856573705179286,10,3,4,0
Jorge Cuenca,Fulham,DF,2024-2025,8,352,0,0,0.0159940905869007,0.0,0,0.0,1,0,0,0
Tommy Doyle,Wolves,MF,2024-2025,24,431,0,1,0.3624565312638879,0.3475889293476939,0,0.20881670533642693,9,7,1,0
Luke Thomas,Leicester,DF,2024-2025,14,1123,0,0,0.3486927710473537,0.4181743627414107,0,0.0,5,8,3,0
Sven Botman,Newcastle,DF,2024-2025,8,424,0,0,0.7963292263448238,0.6542200557887554,0,0.0,5,2,1,0
Cheick Oumar Doucoure,Crystal Palace,MF,2024-2025,13,439,0,0,0.3654052410274744,0.0139362784102559,0,0.0,7,1,1,0
Kalvin Phillips,Ipswich,MF,2024-2025,19,1247,0,0,0.4593092957511544,0.3231524731963873,0,0.0,11,5,4,1
Dara O&#039;Shea,Ipswich,DF,2024-2025,35,3129,0,2,1.564998717047274,0.7030826602131128,0,0.05752636625119847,22,3,6,0
Joël Veltman,Brighton,DF,2024-2025,21,1714,0,0,0.7976804617792368,0.7567648589611053,0,0.0,6,6,5,0
Stefan Ortega Moreno,Man City,GK,2024-2025,13,1096,0,0,0.0,0.0,0,0.0,0,0,1,0
Wataru Endo,Liverpool,MF,2024-2025,20,226,0,0,0.0,0.0670378655195236,0,0.0,0,2,0,0
Iyenoma Destiny Udogie,Tottenham,DF,2024-2025,25,1949,0,1,0.3497059941291809,1.2607239335775375,0,0.046177526936890714,5,16,2,0
Konstantinos Tsimikas,Liverpool,DF,2024-2025,18,819,0,1,0.5641818605363369,2.597917679697275,0,0.10989010989010989,4,16,2,0
Guglielmo Vicario,Tottenham,GK,2024-2025,24,2160,0,0,0.0,0.0,0,0.0,0,0,1,0
Conor Townsend,Ipswich,DF,2024-2025,6,326,0,1,0.0434189923107624,0.8038922008126974,0,0.27607361963190186,1,4,1,0
Antonee Robinson,Fulham,DF,2024-2025,36,3166,0,10,1.0538900159299374,4.40445202216506,0,0.28427037271004424,16,43,9,0
Rúben Dias,Man City,DF,2024-2025,27,2262,0,0,1.335742843337357,0.2133867554366588,0,0.0,21,5,4,0
Vladimir Coufal,West Ham,DF,2024-2025,22,1052,0,0,0.3236212413758039,0.5783606953918934,0,0.0,7,8,5,0
Malo Gusto,Chelsea,DF,2024-2025,32,1838,0,1,1.5562147982418535,1.343290576711297,0,0.04896626768226333,22,22,4,0
Robert Sánchez,Chelsea,GK,2024-2025,32,2880,0,0,0.0,0.0161880310624837,0,0.0,0,1,5,0
Radu Dragusin,Tottenham,DF,2024-2025,16,1264,0,0,0.1772594656795263,0.5174331180751324,0,0.0,5,4,1,0
Christian Walton,Ipswich,GK,2024-2025,7,630,0,0,0.0,0.0168508626520633,0,0.0,0,1,0,0
Filip Jorgensen,Chelsea,GK,2024-2025,6,540,0,0,0.0,0.0,0,0.0,0,0,0,0
Jakub Moder,Brighton,,2024-2025,4,4,0,0,0.0,0.2036565337330103,0,0.0,0,3,0,0
Dane Scarlett,Tottenham,,2024-2025,3,25,0,1,0.2694910168647766,0.0761205926537513,0,3.5999999999999996,1,1,0,0
Valentino Livramento,Newcastle,DF,2024-2025,37,2848,0,1,0.3249886427074671,3.147453512996435,0,0.03160112359550562,6,25,1,0
Tim Iroegbunam,Everton,MF,2024-2025,18,533,0,1,0.2085244953632354,0.1753694489598274,0,0.16885553470919323,5,3,4,0
David Raya,Arsenal,GK,2024-2025,38,3420,0,0,0.0,0.0936360284686088,0,0.0,0,1,3,0
Kristoffer Ajer,Brentford,DF,2024-2025,24,1450,0,0,1.142456667497754,1.4724152060225606,0,0.0,9,9,5,0
Rico Henry,Brentford,,2024-2025,5,80,0,0,0.0,0.0,0,0.0,0,0,0,0
Frank Onyeka,Brentford,,2024-2025,2,18,0,0,0.0,0.0,0,0.0,0,0,0,0
Mads Roerslev,Brentford,DF,2024-2025,19,1079,0,2,0.2219500774517655,2.790492530912161,0,0.16682113067655235,5,14,2,0
Armel Bella Kotchap,Southampton,DF,2024-2025,4,331,0,0,0.2672498822212219,0.0,0,0.0,1,0,0,0
Kiernan Dewsbury-Hall,Chelsea,MF,2024-2025,13,234,0,1,0.0894354954361915,0.8056687042117119,0,0.3846153846153846,1,3,0,0
José Sá,Wolves,GK,2024-2025,29,2610,0,0,0.0,0.0653070900589227,0,0.0,0,3,2,0
Jesper Lindstrom,Everton,MF,2024-2025,25,1279,0,1,2.0184412728995085,2.881908133625984,0,0.07036747458952307,28,19,2,0
Yerson Mosquera,Wolves,DF,2024-2025,5,448,0,0,0.4660062603652477,0.094501007348299,0,0.0,2,2,2,0
Romeo Lavia,Chelsea,MF,2024-2025,16,830,0,1,0.146451324224472,0.7232360076159239,0,0.10843373493975905,2,7,4,0
Lamare Bogarde,Aston Villa,DF,2024-2025,8,478,0,0,0.0650692656636238,0.1753242537379264,0,0.0,1,2,2,0
Jeremy Sarmiento,Brighton,,2024-2025,1,4,0,0,0.0,0.0,0,0.0,0,0,0,0
Micky van de Ven,Tottenham,DF,2024-2025,13,1031,0,2,0.7710057385265827,1.1784075498580933,0,0.1745877788554801,6,2,4,0
Paris Maghoma,Brentford,,2024-2025,8,89,0,0,0.0355504304170608,0.1064981892704963,0,0.0,1,1,0,0
Samuel Edozie,Southampton,,2024-2025,2,57,0,0,0.0,0.0817131176590919,0,0.0,0,1,1,0
Conor Bradley,Liverpool,DF,2024-2025,19,736,0,2,1.1355030871927738,1.9162586014717815,0,0.24456521739130438,10,7,4,0
Archie Gray,Tottenham,DF,2024-2025,28,1729,0,0,0.0294456556439399,0.1526386328041553,0,0.0,1,3,1,0
Jarell Quansah,Liverpool,DF,2024-2025,13,478,0,0,0.0915264189243316,0.1051452979445457,0,0.0,1,2,2,0
Lewis Hall,Newcastle,DF,2024-2025,27,2200,0,4,0.5363848507404327,3.951083693653345,0,0.16363636363636364,11,33,3,0
Nathan Patterson,Everton,DF,2024-2025,10,332,0,1,0.0711022391915321,0.4205229729413986,0,0.2710843373493976,1,4,1,0
Toti,Wolves,DF,2024-2025,31,2622,0,1,0.9773350562900304,0.9932401478290558,0,0.034324942791762014,7,9,7,0
Chiquinho,Wolves,,2024-2025,1,5,0,0,0.0,0.0162079948931932,0,0.0,0,1,0,0
Leny Yoro,Man United,DF,2024-2025,21,1152,0,0,1.1257849335670471,0.0538205839693546,0,0.0,5,2,5,0
Noussair Mazraoui,Man United,DF,2024-2025,37,2881,0,1,0.814534755423665,1.5644007651135323,0,0.03123915307185005,13,20,3,0
Ryan Gravenberch,Liverpool,MF,2024-2025,37,3199,0,4,1.3318934980779886,2.415423891507089,0,0.11253516723976242,20,26,6,1
Jay Stansfield,Fulham,,2024-2025,1,1,0,0,0.0,0.0,0,0.0,0,0,0,0
Sepp van den Berg,Brentford,DF,2024-2025,31,2602,0,0,2.1477734111249447,1.029765497893095,0,0.0,20,7,3,0
James Hill,Bournemouth,DF,2024-2025,10,458,0,1,0.1945150233805179,0.3440760616213083,0,0.19650655021834063,6,3,1,0
Harry Toffolo,Nott'm Forest,DF,2024-2025,4,122,0,0,0.0225998293608427,0.0,0,0.0,1,0,1,0
Tyrell Malacia,Man United,DF,2024-2025,3,102,0,0,0.0,0.0620109774172306,0,0.0,0,1,1,0
Marcos Senesi,Bournemouth,DF,2024-2025,17,1117,0,0,0.6511894948780537,0.2382868472486734,0,0.0,2,5,5,0
André Onana,Man United,GK,2024-2025,34,3060,0,0,0.0,0.3146860003471374,0,0.0,0,1,0,0
Santiago Bueno,Wolves,DF,2024-2025,29,1672,0,0,0.3284060172736645,0.0,0,0.0,6,0,2,0
Antony,Man United,,2024-2025,8,119,0,0,0.6254736389964819,0.2294500740244984,0,0.0,6,3,0,0
Ryan Trevitt,Brentford,,2024-2025,1,1,0,0,0.0,0.0,0,0.0,0,0,0,0
Martial Godo,Fulham,,2024-2025,2,16,0,0,0.0,0.0834133774042129,0,0.0,0,1,0,0
Chadi Riad,Crystal Palace,DF,2024-2025,1,90,0,0,0.0,0.0,0,0.0,0,0,0,0
Kobbie Mainoo,Man United,FW,2024-2025,25,1660,0,0,0.7448182795196772,2.04548772983253,0,0.0,15,14,5,0
Divin Mubama,Man City,,2024-2025,1,26,0,0,0.0625510141253471,0.0,0,0.0,1,0,0,0
Nathan Butler-Oyedeji,Arsenal,,2024-2025,1,1,0,0,0.0947556942701339,0.0,0,0.0,1,0,0,0
Michael Kayode,Brentford,DF,2024-2025,12,527,0,1,0.1810818612575531,0.98140287399292,0,0.17077798861480076,2,8,2,0
Mykhailo Mudryk,Chelsea,MF,2024-2025,7,133,0,0,0.1225307434797287,1.0799011290073397,0,0.0,1,2,0,0
Danilo,Nott'm Forest,MF,2024-2025,8,275,0,0,0.0,0.0,0,0.0,0,0,0,0
James Bree,Southampton,DF,2024-2025,17,1077,0,1,0.1093538105487823,1.0717255100607872,0,0.08356545961002786,4,9,0,0
Daniel Bentley,Wolves,GK,2024-2025,2,180,0,0,0.0,0.0,0,0.0,0,0,0,0
Victor Kristiansen,Leicester,DF,2024-2025,30,2510,0,1,0.1595502030104398,1.6646690927445889,0,0.035856573705179286,3,18,1,0
Renato Veiga,Chelsea,MF,2024-2025,7,143,0,0,0.1354483440518379,0.0,0,0.0,3,0,2,0
Kaelan Casey,West Ham,,2024-2025,1,1,0,0,0.0,0.0,0,0.0,0,0,0,0
Illia Zabarnyi,Bournemouth,DF,2024-2025,36,3116,0,1,1.3495636964216828,0.9619763027876616,0,0.028883183568677796,12,12,4,1
Samuel Amo-Ameyaw,Southampton,,2024-2025,2,21,0,0,0.0327474772930145,0.0393431074917316,0,0.0,1,1,1,0
Marc Guiu,Chelsea,,2024-2025,3,60,0,0,0.0,0.0404958091676235,0,0.0,0,1,0,0
Bart Verbruggen,Brighton,GK,2024-2025,36,3240,0,1,0.0,0.0531018786132335,0,0.027777777777777776,0,1,5,0
Chiedozie Ogbene,Ipswich,MF,2024-2025,5,237,0,0,0.0,0.0733897127211093,0,0.0,0,2,0,0
Julián Araujo,Bournemouth,DF,2024-2025,12,496,0,0,0.0,0.0628243163228035,0,0.0,0,1,2,0
Abduqodir Khusanov,Man City,DF,2024-2025,6,506,0,0,0.015545766800642,0.105730659328401,0,0.0,1,2,1,0
Yehor Yarmolyuk,Brentford,MF,2024-2025,31,1416,0,0,0.7878594100475311,1.025589969009161,0,0.0,9,9,6,0
Ben Brereton Díaz,Southampton,FW,2024-2025,10,438,0,0,1.3112603276968002,0.1556207612156868,0,0.0,11,3,1,0
Oscar Bobb,Man City,,2024-2025,3,9,0,0,0.0,0.0901587530970573,0,0.0,0,1,0,0
Edson Álvarez,West Ham,DF,2024-2025,28,1772,0,1,0.319299204275012,0.7971771331503987,0,0.05079006772009029,12,12,7,1
Patrick Dorgu,Man United,DF,2024-2025,12,843,0,0,0.3947257157415151,0.9689584393054248,0,0.0,10,11,3,1
Youssef Chermiti,Everton,,2024-2025,4,33,0,0,0.1710504256188869,0.0,0,0.0,3,0,1,0
Altay Bayindir,Man United,GK,2024-2025,4,360,0,0,0.0,0.0,0,0.0,0,0,0,0
Kim Ji-Soo,Brentford,,2024-2025,3,19,0,0,0.0,0.0,0,0.0,0,0,0,0
Alex Scott,Bournemouth,MF,2024-2025,20,764,0,0,0.7000175742432475,1.2158988821320236,0,0.0,15,12,3,0
Alfie Dorrington,Tottenham,,2024-2025,1,9,0,0,0.0,0.0,0,0.0,0,0,0,0
Tom King,Wolves,,2024-2025,1,1,0,0,0.0,0.0,0,0.0,0,0,0,0
Lewis Orford,West Ham,,2024-2025,2,43,0,0,0.0156571604311466,0.0269074831157922,0,0.0,1,1,0,0
Oliver Scarles,West Ham,DF,2024-2025,15,644,0,0,0.1373369004577398,0.1161051169037818,0,0.0,3,3,1,0
Adam Wharton,Crystal Palace,MF,2024-2025,20,1337,0,2,0.3357602218165993,3.3524712435901165,0,0.13462976813762154,13,26,2,0
Joshua King,Fulham,MF,2024-2025,8,115,0,0,0.5880258642137051,0.7531819939613342,0,0.0,3,3,0,0
Jayden Danns,Liverpool,,2024-2025,1,3,0,0,0.0,0.0,0,0.0,0,0,0,0
Toby Collyer,Man United,,2024-2025,6,159,0,0,0.0509475357830524,0.1618404779583215,0,0.0,1,2,0,0
Josh Acheampong,Chelsea,DF,2024-2025,4,172,0,0,0.168215662240982,0.0,0,0.0,2,0,1,0
Harry Amass,Man United,DF,2024-2025,5,347,0,0,0.0897043105214834,0.0491649769246578,0,0.0,3,1,0,0
Hákon Valdimarsson,Brentford,GK,2024-2025,2,145,0,0,0.0,0.0,0,0.0,0,0,0,0
Mikey Moore,Tottenham,FW,2024-2025,10,351,0,1,0.1638267338275909,0.6736010685563087,0,0.25641025641025644,3,3,0,0
Yunus Konak,Brentford,,2024-2025,10,25,0,0,0.1090388596057891,0.0,0,0.0,1,0,0,0
Luke Woolfenden,Ipswich,DF,2024-2025,15,1170,0,0,0.0580514557659626,0.0,0,0.0,1,0,2,0
Massimo Luongo,Ipswich,MF,2024-2025,11,185,0,0,0.0,0.0,0,0.0,0,0,0,0
Wes Burns,Ipswich,MF,2024-2025,18,962,0,1,0.4133827127516269,2.204632848501205,0,0.09355509355509356,7,10,1,0
Ali Al-Hamadi,Ipswich,,2024-2025,11,98,0,0,0.5323996320366859,0.0784954708069562,0,0.0,4,2,3,0
Marcus Harness,Ipswich,,2024-2025,2,37,0,0,0.0,0.0,0,0.0,0,0,0,0
Cameron Burgess,Ipswich,DF,2024-2025,18,1538,0,2,0.9312757514417171,0.376679259352386,0,0.11703511053315994,10,7,0,0
Harrison Armstrong,Everton,,2024-2025,3,41,0,0,0.2571773827075958,0.0711022391915321,0,0.0,1,1,1,0
Joe Lumley,Southampton,GK,2024-2025,3,270,0,0,0.0,0.0,0,0.0,0,0,0,0
Nathan Wood,Southampton,DF,2024-2025,11,780,0,0,0.2937855720520019,0.0214793030172586,0,0.0,2,1,2,0
Eric da Silva Moreira,Nott'm Forest,,2024-2025,2,27,0,0,0.0,0.0,0,0.0,0,0,0,0
Andy Irving,West Ham,MF,2024-2025,10,142,0,0,0.1081755189225077,0.2821362912654876,0,0.0,4,1,2,0
Kosta Nedeljkovic,Aston Villa,,2024-2025,5,109,0,0,0.0,0.0,0,0.0,0,0,0,0
Woyo Coulibaly,Leicester,DF,2024-2025,4,107,0,0,0.0745922476053237,0.0,0,0.0,2,0,1,0
Mathis Amougou,Chelsea,,2024-2025,1,5,0,0,0.0,0.0,0,0.0,0,0,0,0
Albert Grønbæk,Southampton,FW,2024-2025,4,150,0,0,0.0602192617952823,0.0312254857271909,0,0.0,2,1,0,0
Mads Hermansen,Leicester,GK,2024-2025,27,2388,0,0,0.0,0.0,0,0.0,0,0,1,0
Abdul Fatawu,Leicester,DF,2024-2025,11,571,0,2,0.466048689559102,1.4724965319037435,0,0.3152364273204904,13,6,0,0
Lucas Bergvall,Tottenham,MF,2024-2025,27,1187,0,1,0.6092278761789203,0.7203583419322968,0,0.07582139848357203,11,11,3,0
Roman Dixon,Everton,DF,2024-2025,1,90,0,0,0.0,0.0,0,0.0,0,0,0,0
George Edmundson,Ipswich,,2024-2025,1,1,0,0,0.0,0.0,0,0.0,0,0,0,0
Jack Clarke,Ipswich,MF,2024-2025,32,1151,0,4,1.3016396705061195,2.666540065780282,0,0.31277150304083406,17,28,2,0
André,Wolves,MF,2024-2025,33,2538,0,0,0.2956870160996914,0.8052516058087349,0,0.0,10,18,7,0
Luis Guilherme,West Ham,MF,2024-2025,12,121,0,0,0.3657259922474623,0.1099593006074428,0,0.0,4,3,0,0
Asher Agbinone,Crystal Palace,,2024-2025,2,2,0,0,0.0151914963498711,0.0238666459918022,0,0.0,1,1,0,0
Jayden Meghoma,Brentford,,2024-2025,1,3,0,0,0.0,0.0,0,0.0,0,0,0,0
Morato,Nott'm Forest,DF,2024-2025,26,852,0,0,0.1037580780684948,0.0,0,0.0,2,0,5,0
Ayden Heaven,Man United,DF,2024-2025,4,167,0,0,0.060109693557024,0.0120950564742088,0,0.0,2,1,1,0
Carlos Forbs,Wolves,MF,2024-2025,10,210,0,0,0.1455498486757278,0.0350774861872196,0,0.0,2,1,2,0
Vítezslav Jaros,Liverpool,,2024-2025,1,9,0,0,0.0,0.0,0,0.0,0,0,0,0
Alfie Pond,Wolves,,2024-2025,1,1,0,0,0.0,0.0,0,0.0,0,0,0,0
Will Lankshear,Tottenham,,2024-2025,3,6,0,0,0.0,0.0,0,0.0,0,0,0,0
Caleb Kporha,Crystal Palace,,2024-2025,2,5,0,0,0.0,0.0,0,0.0,0,0,0,0
Harry Clarke,Ipswich,DF,2024-2025,7,378,0,0,0.0565143525600433,0.0654058307409286,0,0.0,1,1,1,1
Ryan Manning,Southampton,DF,2024-2025,24,1495,0,1,0.336783405393362,3.371531819924712,0,0.06020066889632107,8,34,2,0
Pedro Lima,Wolves,DF,2024-2025,3,68,0,0,0.05142717435956,0.0718730613589286,0,0.0,1,2,0,0
Jahmai Simpson-Pusey,Man City,DF,2024-2025,2,94,0,0,0.0,0.0,0,0.0,0,0,1,0
Thiago,Brentford,FW,2024-2025,8,148,0,0,0.1094420123845338,0.1144553758203983,0,0.0,2,2,0,0
Ronnie Edwards,Southampton,,2024-2025,1,7,0,0,0.0,0.0,0,0.0,0,0,0,0
Ben Winterburn,Bournemouth,,2024-2025,4,17,0,0,0.0,0.0,0,0.0,0,0,0,0
Jakub Stolarczyk,Leicester,GK,2024-2025,10,900,0,0,0.0,0.0,0,0.0,0,0,1,0
Will Alves,Leicester,,2024-2025,1,1,0,0,0.0,0.0,0,0.0,0,0,0,0
Remy Rees-Dottin,Bournemouth,,2024-2025,1,1,0,0,0.0,0.0,0,0.0,0,0,0,0
Antonín Kinsky,Tottenham,GK,2024-2025,6,540,0,0,0.0,0.2203462421894073,0,0.0,0,1,0,0
Zain Silcott-Duberry,Bournemouth,,2024-2025,1,1,0,0,0.0,0.0,0,0.0,0,0,0,0
Vitor Reis,Man City,,2024-2025,1,1,0,0,0.0,0.0,0,0.0,0,0,0,0
Andrés García,Aston Villa,DF,2024-2025,7,325,0,0,0.0354386642575264,0.2688065897673368,0,0.0,2,3,0,0
Welington,Southampton,DF,2024-2025,10,481,0,0,0.0432555852457881,0.0715155974030494,0,0.0,3,3,1,0
Eiran Cashin,Brighton,,2024-2025,2,18,0,0,0.0,0.0,0,0.0,0,0,0,0
Nasser Djiga,Wolves,DF,2024-2025,5,65,0,0,0.0,0.0,0,0.0,0,0,0,0
Chido Obi-Martin,Man United,FW,2024-2025,7,145,0,0,0.5575938895344734,0.0,0,0.0,5,0,1,0
Tyler Fredricson,Man United,DF,2024-2025,2,170,0,0,0.0,0.0,0,0.0,0,0,0,0
Julio Soler,Bournemouth,,2024-2025,3,7,0,0,0.0,0.0,0,0.0,0,0,0,0
Shumaira Mheuka,Chelsea,,2024-2025,1,1,0,0,0.0250541865825653,0.0,0,0.0,1,0,0,0
Mateus Mané,Wolves,,2024-2025,1,1,0,0,0.0,0.0,0,0.0,0,0,0,0
Jeremy Monga,Leicester,,2024-2025,7,77,0,0,0.2071486935019493,0.0185432843863964,0,0.0,3,1,0,0
Jay Robinson,Southampton,MF,2024-2025,4,122,0,0,0.0555344186723232,0.6817478071898222,0,0.0,1,3,0,0
Harry Howell,Brighton,,2024-2025,1,4,0,0,0.0,0.0,0,0.0,0,0,0,0
Jake Evans,Leicester,,2024-2025,4,12,0,0,0.0,0.0,0,0.0,0,0,0,0
Olabade Aluko,Leicester,,2024-2025,1,1,0,0,0.0,0.0,0,0.0,0,0,0,0
Gustavo Nunes,Brentford,,2024-2025,3,8,0,0,0.0,0.0,0,0.0,0,0,0,0
Michael Golding,Leicester,,2024-2025,1,1,0,0,0.0,0.0,0,0.0,0,0,0,0
Joachim Kayi-Sanda,Southampton,,2024-2025,2,9,0,0,0.0,0.0,0,0.0,0,0,0,0
Claudio Echeverri,Man City,,2024-2025,1,4,0,0,0.0,0.0,0,0.0,0,0,0,0
Erling Haaland,Man City,FW,2025-2026,35,2979,27,8,28.795336209237576,5.507687093690038,24,0.9667673716012084,125,25,2,0
Thiago,Brentford,FW,2025-2026,38,3292,22,1,24.68977300822735,3.4500465877354145,14,0.4100850546780073,84,24,7,0
Antoine Semenyo,"Bournemouth,Man City",FW,2025-2026,37,3220,17,4,12.836786897853017,4.130169393494725,16,0.5590062111801242,83,38,7,0
Ollie Watkins,Aston Villa,FW,2025-2026,37,2908,16,3,18.82772558834404,2.816021606326103,16,0.5880330123796423,83,23,4,0
Morgan Gibbs-White,Nott'm Forest,FW,2025-2026,37,3142,15,4,11.671697720885277,4.5044658575207,14,0.5155951623169955,83,48,1,0
João Pedro,Chelsea,FW,2025-2026,35,2698,15,5,15.723741941154003,3.983569510281086,15,0.6671608598962194,73,29,5,0
Dominic Calvert-Lewin,Leeds,FW,2025-2026,35,2732,14,1,18.671318570151925,1.5441157519817352,10,0.3623718887262079,73,20,3,0
Viktor Gyokeres,Arsenal,FW,2025-2026,36,2255,14,1,13.871430788189173,2.6537387324497104,11,0.4789356984478935,55,20,5,0
Danny Welbeck,Brighton,FW,2025-2026,37,2286,13,1,12.718900069594383,2.2625304386019707,12,0.5118110236220472,56,20,5,0
Eli Junior Kroupi,Bournemouth,FW,2025-2026,33,1708,13,0,8.849121669307351,1.81576990429312,11,0.5796252927400468,52,22,5,0
Jean-Philippe Mateta,Crystal Palace,FW,2025-2026,32,2225,12,0,15.977427493780851,1.2496193014085293,8,0.32359550561797756,63,9,2,0
Richarlison,Tottenham,FW,2025-2026,32,1926,11,4,9.866276641376317,3.4081881837919354,11,0.7009345794392524,61,19,5,0
Bryan Mbeumo,Man United,FW,2025-2026,33,2676,11,3,13.309208107180892,5.091009698808193,11,0.4708520179372197,73,45,4,0
Hugo Ekitike,Liverpool,FW,2025-2026,28,1835,11,4,11.932188130915163,2.49130567535758,11,0.7356948228882834,65,21,0,0
Benjamin Sesko,Man United,FW,2025-2026,30,1636,11,1,12.504127995111048,0.5977376587688923,11,0.6601466992665037,61,9,2,0
Zian Flemming,Burnley,FW,2025-2026,29,1795,11,0,9.554794699884951,0.6848367601633072,9,0.45125348189415043,52,10,5,0
Harry Wilson,Fulham,MF,2025-2026,36,2751,10,7,5.759745923802257,5.503671173006296,10,0.5561613958560524,78,37,7,0
Matheus Cunha,Man United,FW,2025-2026,33,2506,10,2,7.076101643964648,3.698060866445303,10,0.4309656823623304,90,33,4,0
Cole Palmer,Chelsea,FW,2025-2026,26,2007,10,1,10.257518742233517,2.123134629800916,5,0.26905829596412556,64,24,5,0
Enzo Fernández,Chelsea,MF,2025-2026,36,3149,10,4,11.91719657368958,8.865934781730175,8,0.3429660209590346,72,68,10,0
Morgan Rogers,Aston Villa,FW,2025-2026,37,3301,10,6,7.145822267979384,7.475014166906476,10,0.4362314450166616,84,48,7,0
Bruno Fernandes,Man United,MF,2025-2026,35,3082,9,21,11.931805820204318,17.75713463127613,5,0.7592472420506164,85,137,5,0
Jarrod Bowen,West Ham,FW,2025-2026,38,3416,9,11,8.273593910038471,8.43197707645595,8,0.5005854800936768,79,44,4,0
Casemiro,Man United,MF,2025-2026,34,2649,9,2,6.577375870198011,3.177681438624859,9,0.3737259343148358,52,36,9,1
Raúl Jiménez,Fulham,FW,2025-2026,36,2215,9,3,12.016586696729064,1.944130852818489,5,0.32505643340857787,73,25,5,0
Ismaila Sarr,Crystal Palace,FW,2025-2026,28,2181,9,1,11.5433072373271,2.200463268905878,6,0.2888583218707015,48,19,2,0
Bruno Guimarães,Newcastle,MF,2025-2026,29,2467,9,5,6.597308051772416,3.869310455396771,7,0.43777867855695174,42,44,6,0
Beto,Everton,FW,2025-2026,37,1552,9,1,10.947674445807934,1.0041863042861223,9,0.5798969072164949,43,12,3,0
Nick Woltemade,Newcastle,FW,2025-2026,33,1953,8,3,8.262036986649036,2.9012854490429163,7,0.4608294930875576,32,22,0,0
Kevin Schade,Brentford,FW,2025-2026,35,2781,8,3,11.832689953967929,4.565257132053375,8,0.3559870550161812,57,29,6,1
Kiernan Dewsbury-Hall,Everton,MF,2025-2026,31,2649,8,4,4.330071024596691,6.574528481811285,8,0.40770101925254815,39,36,6,0
Jaidon Anthony,Burnley,FW,2025-2026,37,2777,8,2,5.564454321749508,4.374400090426207,8,0.32409074540871446,55,37,4,0
Noah Okafor,Leeds,FW,2025-2026,28,1592,8,1,6.296696716919541,2.259315438568592,8,0.5087939698492462,35,19,3,0
Thierno Barry,Everton,FW,2025-2026,38,1921,8,0,9.149327086284757,1.003938363865018,8,0.3748047891723061,38,12,3,0
Callum Wilson,West Ham,FW,2025-2026,32,1229,7,1,7.60266119800508,1.0267592892050743,7,0.5858421480878764,38,8,1,0
Mohamed Salah,Liverpool,FW,2025-2026,27,2163,7,7,8.837686643004417,6.428150682710111,6,0.5409153952843273,67,49,1,0
Phil Foden,Man City,FW,2025-2026,33,2083,7,5,6.688582047820091,6.107132508419454,7,0.5184829572731636,55,53,4,0
Harvey Barnes,Newcastle,FW,2025-2026,37,1947,7,1,8.050524456426501,3.1062511932104826,7,0.3697996918335901,58,23,1,0
Bukayo Saka,Arsenal,FW,2025-2026,31,2239,7,5,8.701195661909878,8.552797641605139,6,0.44216167932112554,71,62,2,0
Eberechi Eze,"Arsenal,Crystal Palace",FW,2025-2026,33,1928,7,2,4.807457456365228,2.63351690210402,7,0.42012448132780084,63,17,1,0
William Osula,Newcastle,FW,2025-2026,24,777,7,0,4.915395822376013,0.4466546475887298,7,0.8108108108108109,23,6,0,0
Dango Ouattara,Brentford,FW,2025-2026,32,2303,7,3,8.694322310388088,5.863189795985818,7,0.3907946157186279,56,27,5,0
Brian Brobbey,Sunderland,FW,2025-2026,31,1943,7,1,7.111885398626328,1.5084331054240463,7,0.3705609881626351,36,15,6,0
Marcus Tavernier,Bournemouth,MF,2025-2026,34,2779,7,4,9.397737859748304,6.158757623285055,5,0.2914717524289313,70,52,6,0
Cody Gakpo,Liverpool,FW,2025-2026,36,2758,7,5,9.826099138706924,6.592332137748599,7,0.3915881073241479,87,53,3,0
Virgil van Dijk,Liverpool,DF,2025-2026,38,3420,6,0,4.891236560419202,0.3285368140786886,6,0.15789473684210525,30,11,4,0
Emiliano Buendía,Aston Villa,MF,2025-2026,36,1778,6,2,3.7844833629205823,3.626239098608494,6,0.40494938132733405,49,30,6,0
Lukas Nmecha,Leeds,FW,2025-2026,31,1076,6,1,8.14029767177999,1.684540869668126,4,0.41821561338289964,30,11,0,0
Wilson Isidor,Sunderland,FW,2025-2026,32,1142,6,0,5.619414385408163,0.0,6,0.4728546409807356,43,0,2,0
Leandro Trossard,Arsenal,FW,2025-2026,31,2026,6,6,6.75317111518234,4.988008487969637,6,0.5330700888450147,53,36,2,0
Anthony Gordon,Newcastle,FW,2025-2026,26,1888,6,2,8.756197515875101,3.714877739548683,3,0.23834745762711865,48,26,3,1
Iliman Ndiaye,Everton,MF,2025-2026,32,2805,6,3,6.143797228112817,4.457025814801455,4,0.2245989304812834,43,30,2,0
Dominik Szoboszlai,Liverpool,DF,2025-2026,36,3236,6,7,4.724170769564807,8.835168853402138,6,0.361557478368356,70,78,8,1
Valentín Castellanos,West Ham,FW,2025-2026,18,1430,6,0,7.11984671279788,0.747508816421032,6,0.3776223776223776,50,12,6,0
Evanilson,Bournemouth,FW,2025-2026,36,2810,6,1,11.830083925276996,3.069119781255722,6,0.22419928825622776,72,30,2,0
Igor Jesus,Nott'm Forest,FW,2025-2026,37,2379,6,4,7.199080093763769,2.280350387096405,5,0.34047919293820933,70,15,2,0
Pedro Neto,Chelsea,FW,2025-2026,34,2667,5,6,5.149658527225256,7.933838244527578,5,0.3712035995500563,46,53,2,1
Martín Zubimendi,Arsenal,DF,2025-2026,38,3040,5,1,2.944296659901738,1.087823610752821,5,0.17763157894736842,27,19,4,0
John McGinn,Aston Villa,MF,2025-2026,30,2221,5,4,2.999398436397314,4.862495846115053,5,0.36470058532192706,28,39,5,0
Tomas Soucek,West Ham,MF,2025-2026,35,2206,5,0,5.214208725839853,0.8217995762825012,5,0.20398912058023572,25,11,3,1
Florian Wirtz,Liverpool,FW,2025-2026,33,2426,5,3,7.576831823214889,5.384264823049307,5,0.2967848309975268,51,60,1,0
Enzo Le Fée,Sunderland,FW,2025-2026,36,2953,5,6,5.268677884712815,7.54641820769757,2,0.24381984422621064,36,53,5,0
Jéremy Doku,Man City,FW,2025-2026,30,1783,5,5,3.9999447921290994,7.553412737324834,5,0.5047672462142457,39,59,0,0
Crysencio Summerville,West Ham,FW,2025-2026,31,2509,5,2,5.6990333795547485,3.23570919316262,5,0.25109605420486253,54,28,6,0
Anton Stach,Leeds,MF,2025-2026,29,2394,5,3,2.9207701720297337,5.958144916221499,5,0.3007518796992481,55,61,3,0
Ryan Gravenberch,Liverpool,MF,2025-2026,36,3008,5,3,1.5315213510766623,2.368868850171566,5,0.23936170212765956,38,29,5,0
João Palhinha,Tottenham,DF,2025-2026,33,2180,5,2,3.407368754968047,0.7690385403111577,5,0.2889908256880734,33,8,8,0
Nico O&#039;Reilly,Man City,DF,2025-2026,34,2646,5,3,6.727011270821095,3.847439743578434,5,0.272108843537415,41,23,5,0
Tijjani Reijnders,Man City,FW,2025-2026,28,1642,5,2,4.861917998641729,3.073294181376696,5,0.38367844092570036,49,18,2,0
Diego Gómez,Brighton,FW,2025-2026,32,2186,5,1,6.4177497662603855,2.0924463979899883,5,0.24702653247941447,42,20,9,0
Rayan,Bournemouth,MF,2025-2026,15,1146,5,2,2.6684105955064297,2.7789037879556417,5,0.549738219895288,28,14,1,0
Alex Iwobi,Fulham,MF,2025-2026,29,2473,4,3,2.403212903998792,3.629966888576746,4,0.2547513141932875,39,42,3,0
Mikel Merino,Arsenal,FW,2025-2026,22,1002,4,3,5.217843644320965,2.2901399955153465,4,0.62874251497006,22,12,1,0
Declan Rice,Arsenal,DF,2025-2026,36,3111,4,5,3.720960887148976,8.159449681639671,4,0.26036644165863065,40,63,3,0
Cristian Romero,Tottenham,DF,2025-2026,23,1878,4,1,1.8381627183407545,1.8169466238468883,4,0.23961661341853036,17,12,9,2
Lucas Paquetá,West Ham,FW,2025-2026,18,1544,4,1,2.440835335291922,3.011969303712249,2,0.17487046632124353,23,23,5,1
Taiwo Awoniyi,Nott'm Forest,FW,2025-2026,17,441,4,1,4.346804939210415,1.319865755736828,4,1.0204081632653061,15,6,2,0
Mathis Cherki,Man City,FW,2025-2026,33,1792,4,12,4.64134069904685,10.784712422639132,4,0.8035714285714286,55,60,1,0
Malick Thiaw,Newcastle,DF,2025-2026,35,2968,4,0,5.898031393066049,0.8268706873059273,4,0.12129380053908358,28,6,4,0
Mikkel Damsgaard,Brentford,MF,2025-2026,33,2085,4,4,2.974404709413648,6.468690361827612,4,0.3453237410071942,30,42,0,0
Elliot Anderson,Nott'm Forest,MF,2025-2026,38,3329,4,4,3.4442944694310427,4.842637189663947,3,0.18924601982577352,44,55,8,0
Donyell Malen,Aston Villa,FW,2025-2026,21,600,4,1,4.73893653601408,0.3693819381296634,4,0.75,26,7,0,0
Mathys Tel,Tottenham,FW,2025-2026,31,1324,4,1,2.8263100758194923,3.4139982480555773,4,0.33987915407854985,35,29,1,0
Micky van de Ven,Tottenham,DF,2025-2026,35,3049,4,1,2.4525543581694365,1.0142897926270962,4,0.1475893735651033,16,5,9,1
Brenden Aaronson,Leeds,FW,2025-2026,37,2517,4,5,5.881288753822446,5.662709843367338,4,0.3218116805721097,46,34,3,0
Jørgen Strand Larsen,"Crystal Palace,Wolves",FW,2025-2026,36,2353,4,1,6.514206910505891,0.6865616654977202,3,0.1529961750956226,44,10,4,0
Jack Hinshelwood,Brighton,DF,2025-2026,27,1773,4,3,4.76202392950654,2.3572685150429606,4,0.3553299492385787,37,16,0,0
Patrick Dorgu,Man United,DF,2025-2026,26,1436,4,4,2.987284906208515,3.1112868897616863,4,0.5013927576601671,25,27,5,0
Daniel Muñoz,Crystal Palace,DF,2025-2026,29,2417,4,3,3.147003997117281,5.066070262342691,4,0.2606537029375259,26,27,7,0
Chemsdine Talbi,Sunderland,FW,2025-2026,28,1556,4,1,2.32377387303859,0.6003798525780439,4,0.2892030848329049,25,12,0,0
Ross Barkley,Aston Villa,MF,2025-2026,21,818,3,1,1.9129743836820128,2.0321620935574174,3,0.4400977995110025,18,10,1,0
Michael Keane,Everton,DF,2025-2026,33,2586,3,1,3.569063669070601,0.1301262713968753,3,0.13921113689095127,26,2,1,1
Dominic Solanke,Tottenham,FW,2025-2026,15,989,3,0,3.586364097893238,0.5976490452885628,3,0.2730030333670374,20,6,1,0
Chris Wood,Nott'm Forest,FW,2025-2026,15,913,3,0,3.365151971578598,0.321694266051054,3,0.29572836801752467,23,5,0,0
Alexander Isak,Liverpool,FW,2025-2026,14,717,3,1,3.2453083600848918,0.8461103290319443,3,0.502092050209205,17,2,0,0
Gabriel Jesus,Arsenal,FW,2025-2026,14,395,3,0,3.97648074105382,0.2085889764130115,3,0.6835443037974683,19,3,3,0
Gabriel,Arsenal,DF,2025-2026,32,2748,3,4,4.649077512323856,2.7250300347805023,3,0.22925764192139736,27,7,4,0
Nordi Mukiele,Sunderland,DF,2025-2026,32,2793,3,3,2.778892433270812,2.752836622297764,3,0.19334049409237378,26,23,5,0
Jacob Murphy,Newcastle,DF,2025-2026,33,1630,3,2,3.1199456304311752,4.785552207380533,3,0.27607361963190186,42,23,2,0
Callum Hudson-Odoi,Nott'm Forest,MF,2025-2026,30,1857,3,4,2.9516881722956896,3.933808506466448,3,0.33925686591276255,30,44,0,0
Trevoh Chalobah,Chelsea,DF,2025-2026,34,2781,3,0,1.84148343000561,0.6305756159126759,3,0.0970873786407767,16,5,3,1
Konstantinos Mavropanos,West Ham,DF,2025-2026,31,2518,3,0,2.791105939541012,0.4895833916962147,3,0.10722795869737888,23,4,2,0
Ryan Sessegnon,Fulham,DF,2025-2026,27,1830,3,1,2.04829409904778,2.228433128446341,3,0.19672131147540986,16,14,0,0
Georginio Rutter,Brighton,FW,2025-2026,32,1784,3,3,2.933251672424376,4.598605487495661,3,0.30269058295964124,42,25,2,0
Mathias Jensen,Brentford,MF,2025-2026,36,2258,3,1,1.5882399883121252,5.333177657797933,3,0.15943312666076173,29,33,3,0
Samuel Chukwueze,Fulham,MF,2025-2026,23,1052,3,4,2.3333342373371124,2.836030565202236,3,0.5988593155893537,25,24,0,0
Emile Smith-Rowe,Fulham,MF,2025-2026,37,1933,3,0,4.261428236961365,1.417598308995366,3,0.1396792550439731,36,18,1,0
Lyle Foster,Burnley,FW,2025-2026,26,1375,3,2,3.592184547334909,1.145955815911293,3,0.32727272727272727,20,10,4,0
Marc Guehi,"Crystal Palace,Man City",DF,2025-2026,35,3150,3,3,4.697336498647928,2.726592278573662,3,0.17142857142857143,32,18,6,0
Mason Mount,Man United,MF,2025-2026,23,1021,3,0,1.7446828484535215,1.3764615170657637,3,0.2644466209598433,19,14,2,0
Amine Adli,Bournemouth,MF,2025-2026,31,1036,3,1,3.5744741037487984,1.2779199946671724,3,0.3474903474903475,20,17,2,0
Omar Marmoush,Man City,FW,2025-2026,21,693,3,3,3.76536438241601,2.126938968896866,3,0.7792207792207793,30,12,3,0
Matthew Cash,Aston Villa,DF,2025-2026,35,3040,3,3,1.217919012531638,3.2148889815434813,3,0.17763157894736842,30,31,9,0
Tolu Arokodare,Wolves,FW,2025-2026,33,1357,3,1,7.426559334620833,1.1596579402685163,3,0.26529108327192336,46,11,1,0
Chimuanya Ugochukwu,Burnley,MF,2025-2026,35,2407,3,1,2.622456289827824,0.4493608232587576,3,0.14956377233070212,22,10,1,1
Moisés Caicedo,Chelsea,MF,2025-2026,33,2811,3,1,1.5309751015156507,2.626823216676712,3,0.128068303094984,27,18,11,1
Kaoru Mitoma,Brighton,FW,2025-2026,25,1723,3,1,4.789182621985674,3.54316034540534,3,0.2089378990133488,32,30,5,0
Jan Paul van Hecke,Brighton,DF,2025-2026,36,3214,3,3,3.358578664250672,1.0255657620728016,3,0.16801493466085876,23,12,9,0
Keane Lewis-Potter,Brentford,DF,2025-2026,36,1949,3,3,3.214926864951849,2.714283775538206,3,0.2770651616213443,31,19,1,0
Santiago Bueno,Wolves,DF,2025-2026,29,2549,3,1,1.995275340974331,0.9024237375706434,3,0.14123185562965868,10,10,4,0
Yasin Ayari,Brighton,MF,2025-2026,29,1918,3,3,2.1179441660642624,1.4007999636232853,3,0.28154327424400416,41,15,1,0
Jurriën Timber,Arsenal,DF,2025-2026,30,2475,3,5,4.030840836465359,2.5891424333676696,3,0.2909090909090909,25,28,5,0
Alex Scott,Bournemouth,MF,2025-2026,37,2915,3,1,3.500135133042932,2.891912166960537,3,0.12349914236706691,44,26,5,0
Rodrigo Gomes,Wolves,DF,2025-2026,22,951,3,0,2.28443655744195,0.1513135097920894,3,0.28391167192429023,21,3,0,0
Yankuba Minteh,Brighton,MF,2025-2026,34,2410,3,4,4.752463513985276,5.841520894318819,3,0.26141078838174275,41,44,3,0
Mateus Fernandes,West Ham,MF,2025-2026,36,3044,3,4,1.821642781607807,3.336049569770694,3,0.20696452036793692,28,37,6,0
Mateus Mané,Wolves,MF,2025-2026,27,1784,3,1,1.9724454693496227,3.281726311892271,3,0.20179372197309417,41,30,0,0
Joelinton,Newcastle,MF,2025-2026,27,1958,2,1,2.178690475411713,1.8613738622516396,2,0.1378958120531154,32,17,9,0
Idrissa Gueye,Everton,MF,2025-2026,25,2120,2,3,1.9142106398940089,1.693690698593855,2,0.2122641509433962,29,13,1,1
Jack Grealish,Everton,FW,2025-2026,20,1645,2,6,3.084938551299274,4.558330744504929,2,0.4376899696048632,26,38,2,1
Tammy Abraham,Aston Villa,FW,2025-2026,12,253,2,0,2.0484648095443845,0.1292063184082508,2,0.7114624505928854,9,4,0,0
Josh Cullen,Burnley,MF,2025-2026,18,1533,2,2,1.0142266415059566,1.8168634045869112,2,0.23483365949119372,11,13,2,0
Federico Chiesa,Liverpool,MF,2025-2026,26,247,2,1,1.6658269949257374,1.4720365405082705,2,1.0931174089068827,16,3,3,0
James Tarkowski,Everton,DF,2025-2026,37,3330,2,3,2.8690776508301497,2.0567114762961864,2,0.13513513513513514,20,18,8,0
Bernardo Silva,Man City,MF,2025-2026,38,2917,2,4,2.899573851376772,5.28287316672504,2,0.18512170037709977,30,47,9,0
Adam Armstrong,Wolves,FW,2025-2026,14,1170,2,2,2.8085783179849386,1.501315450295806,1,0.23076923076923078,18,6,3,0
Kai Havertz,Arsenal,FW,2025-2026,12,582,2,3,4.895509898662567,1.456983646377921,2,0.7731958762886598,18,11,1,0
Ibrahim Sangare,Nott'm Forest,MF,2025-2026,28,2111,2,2,1.5703946938738227,1.4491914678364992,2,0.1705352913311227,16,12,5,0
Joe Rodon,Leeds,DF,2025-2026,35,2954,2,0,1.8460459671914575,0.4614792335778475,2,0.060934326337169935,18,9,3,0
Eddie Nketiah,Crystal Palace,MF,2025-2026,12,396,2,0,1.942964792251587,0.9605132089927793,2,0.45454545454545453,15,7,2,0
Tom Cairney,Fulham,MF,2025-2026,24,747,2,0,0.8124629594385624,0.6888010948896408,2,0.24096385542168672,17,11,3,0
Justin Kluivert,Bournemouth,MF,2025-2026,20,934,2,0,2.293420127592981,2.294822184368968,2,0.19271948608137043,17,22,5,0
Sean Longstaff,Leeds,MF,2025-2026,23,999,2,2,1.3776587545871737,2.7682253569364548,2,0.3603603603603604,16,25,2,0
Tyler Adams,Bournemouth,MF,2025-2026,25,1805,2,2,0.9289743825793266,1.2302900850772858,2,0.19944598337950137,10,7,8,0
James Garner,Everton,DF,2025-2026,38,3417,2,7,2.075645294971764,6.066574491560459,2,0.23705004389815626,45,56,12,0
James Justin,Leeds,DF,2025-2026,29,1895,2,1,2.5627669915556908,2.572751060128212,2,0.14248021108179418,24,13,4,0
Joshua Zirkzee,Man United,FW,2025-2026,24,573,2,1,3.846635088324547,1.2162351589649916,2,0.47120418848167545,25,11,3,0
Reece James,Chelsea,DF,2025-2026,29,1927,2,4,1.2280184961855412,3.9933422207832336,2,0.2802283341982356,22,27,4,0
Amad Diallo Traore,Man United,DF,2025-2026,32,2341,2,3,5.730035418644548,5.647227294743061,2,0.19222554463904312,54,40,2,0
Neco Williams,Nott'm Forest,DF,2025-2026,37,3203,2,3,1.8705778289586303,4.3956019571051,2,0.1404932875429285,46,36,6,1
Alexis Mac Allister,Liverpool,MF,2025-2026,37,2683,2,4,4.071707676164806,2.849602391012013,2,0.20126723816623185,52,34,7,0
Xavi Simons,Tottenham,FW,2025-2026,28,1768,2,5,2.716290816664696,4.650560335256159,2,0.35633484162895923,42,34,5,1
Hee-Chan Hwang,Wolves,FW,2025-2026,26,1469,2,2,2.6617424860596657,1.881555620580912,1,0.18379850238257317,19,15,5,0
Jacob Ramsey,Newcastle,MF,2025-2026,28,1421,2,3,1.2112666741013527,1.5663878619670868,2,0.3166783954961295,16,22,3,1
Rúben Dias,Man City,DF,2025-2026,26,2142,2,0,0.4370618928223848,0.4225503513589501,2,0.08403361344537814,10,7,3,0
Malo Gusto,Chelsea,DF,2025-2026,34,2306,2,3,1.941821174696088,3.805633621290326,2,0.19514310494362533,12,27,3,1
Pape Sarr,Tottenham,MF,2025-2026,26,1347,2,4,2.047363305464387,2.433566828258336,2,0.40089086859688194,17,11,3,0
Yeremi Pino,Crystal Palace,FW,2025-2026,34,2134,2,2,4.372978935018182,8.502093791030347,2,0.16869728209934395,45,48,4,0
Amadou Onana,Aston Villa,MF,2025-2026,25,1793,2,0,2.772524105384946,0.5039298757910728,2,0.1003904071388734,19,7,3,0
Habib Diarra,Sunderland,MF,2025-2026,20,1414,2,2,3.2528567891567945,0.644760662689805,1,0.19094766619519096,26,7,6,0
Josko Gvardiol,Man City,DF,2025-2026,18,1374,2,2,1.8614049591124056,0.4376047477126121,2,0.26200873362445415,17,4,2,0
Loum Tchaouna,Burnley,FW,2025-2026,29,1268,2,1,1.2590220803394914,1.1996374279260635,2,0.21293375394321767,23,13,2,0
Archie Gray,Tottenham,DF,2025-2026,24,1497,2,2,1.588539564050734,1.6584226582199335,2,0.2404809619238477,11,8,5,0
Ryan Christie,Bournemouth,MF,2025-2026,26,942,2,0,1.7907362105324864,1.6195761244744062,2,0.19108280254777069,25,11,3,1
Brennan Johnson,"Crystal Palace,Tottenham",DF,2025-2026,34,1709,2,1,2.5934192165732384,1.281047284603119,2,0.1579871269748391,23,19,6,0
Noni Madueke,Arsenal,FW,2025-2026,26,1246,2,1,1.9964179322123528,4.010977517813444,2,0.21669341894060995,25,22,0,0
Milos Kerkez,Liverpool,DF,2025-2026,34,2271,2,1,1.3935871431604028,1.8634965866804123,2,0.11889035667107001,9,26,4,0
Mohammed Kudus,Tottenham,FW,2025-2026,19,1577,2,5,2.362326920963824,2.574139247648418,2,0.39949270767279643,26,21,3,0
Ladislav Krejcí,Wolves,DF,2025-2026,28,2385,2,1,1.724472633562982,1.4908780492842195,2,0.11320754716981132,21,9,3,1
Mats Wieffer,Brighton,DF,2025-2026,26,1922,2,3,1.9274322018027303,2.8690227568149567,2,0.2341311134235172,18,19,8,0
Nicolò Savona,Nott'm Forest,DF,2025-2026,14,1036,2,0,1.2354809269309044,0.5944582391530275,2,0.17374517374517376,5,6,2,0
Rio Ngumoha,Liverpool,MF,2025-2026,19,515,2,1,1.2214453928172588,2.126121360808611,2,0.5242718446601942,16,16,0,0
Maxim De Cuyper,Brighton,DF,2025-2026,30,1412,2,3,1.7418285254389048,4.685627582482994,2,0.31869688385269124,13,32,2,0
Trai Hume,Sunderland,DF,2025-2026,38,3041,2,1,2.7079745400696997,2.0842118076980114,2,0.0887865833607366,34,27,9,0
Dan Ballard,Sunderland,DF,2025-2026,29,2143,2,0,3.6954356245696554,1.5805855486541986,2,0.08399440037330845,25,14,4,1
Eliezer Mayenda,Sunderland,FW,2025-2026,20,740,2,0,2.0108928252011538,0.7425303682684898,2,0.24324324324324326,13,4,0,0
Estêvão,Chelsea,FW,2025-2026,22,854,2,2,3.874036334455013,2.8163073528558016,2,0.4215456674473068,28,16,4,0
Ao Tanaka,Leeds,MF,2025-2026,28,1330,2,0,2.1981850005686283,1.3577267043292522,2,0.13533834586466165,17,18,1,0
Charalampos Kostoulas,Brighton,FW,2025-2026,21,309,2,1,2.256983704864979,1.2800643518567083,2,0.8737864077669903,21,10,2,0
Granit Xhaka,Sunderland,MF,2025-2026,34,2896,1,6,0.8072718912735581,3.7049803622066975,1,0.2175414364640884,21,34,8,0
Pascal Groß,Brighton,MF,2025-2026,19,1635,1,3,1.2529933378100395,3.2941888589411974,1,0.2201834862385321,18,39,2,0
James Milner,Brighton,MF,2025-2026,20,773,1,1,0.9794258084148167,0.6549300253391266,0,0.1164294954721863,8,8,2,0
Jordan Henderson,Brentford,MF,2025-2026,32,1935,1,3,0.5513727776706219,3.320531530305743,1,0.18604651162790697,6,19,6,0
Ben Davies,Tottenham,DF,2025-2026,3,137,1,0,0.7982581853866577,0.0247377622872591,1,0.6569343065693432,2,1,1,0
Bertrand Traoré,Sunderland,FW,2025-2026,12,675,1,0,0.6248076185584068,0.9887753147631884,1,0.13333333333333333,12,8,1,0
Kyle Walker-Peters,West Ham,DF,2025-2026,23,1365,1,0,1.1882447563111782,0.3569928742945194,1,0.06593406593406594,5,6,2,0
Harrison Reed,Fulham,MF,2025-2026,7,79,1,0,0.0865944325923919,0.4029217101633549,1,1.139240506329114,2,3,0,0
Axel Tuanzebe,Burnley,DF,2025-2026,14,1209,1,0,0.5582677125930786,0.0,1,0.07444168734491315,2,0,1,0
Luke Shaw,Man United,DF,2025-2026,38,3269,1,1,0.5988588444888592,1.4936611289158463,1,0.05506271030896299,10,15,9,0
Sasa Lukic,Fulham,MF,2025-2026,26,1731,1,2,2.339236881583929,2.163257449865341,1,0.1559792027729636,18,27,9,0
Harry Maguire,Man United,DF,2025-2026,23,1666,1,2,1.1766096334904432,0.7251138463616371,1,0.16206482593037214,14,4,3,1
Andrew Robertson,Liverpool,DF,2025-2026,24,1160,1,0,1.047316076233983,1.5095006115734575,1,0.07758620689655173,10,20,0,0
Rodri,Man City,MF,2025-2026,21,1500,1,0,1.1884781727567315,2.2761295437812805,1,0.06,17,26,3,0
Martin Odegaard,Arsenal,MF,2025-2026,24,1347,1,6,1.219119856134057,4.978420486673713,1,0.46770601336302897,22,38,0,0
Issa Diop,Fulham,DF,2025-2026,13,810,1,0,0.4416985362768173,0.0,1,0.1111111111111111,2,0,2,0
Randal Kolo Muani,Tottenham,FW,2025-2026,30,1704,1,1,2.700563416816294,1.8472137674689293,1,0.1056338028169014,20,19,3,0
Yoane Wissa,Newcastle,FW,2025-2026,19,492,1,0,3.238182602450252,0.1695390567183494,1,0.18292682926829268,13,3,3,0
Boubacar Kamara,Aston Villa,MF,2025-2026,18,1434,1,3,1.0521572744473815,0.7290232917293906,1,0.2510460251046025,7,15,5,0
Kenny Tete,Fulham,DF,2025-2026,22,1805,1,0,0.728774206712842,0.9490535911172628,1,0.04986149584487534,16,11,2,0
Lewis Dunk,Brighton,DF,2025-2026,33,2831,1,0,1.3368871174752712,0.5454101115465164,1,0.03179088661250441,23,7,10,0
Rodrigo Bentancur,Tottenham,MF,2025-2026,26,1931,1,1,0.9771954659372568,0.8773890770971775,1,0.09321595028482652,13,10,7,0
Douglas Luiz,"Aston Villa,Nott'm Forest",MF,2025-2026,21,936,1,0,0.70245710760355,1.822941738180816,1,0.09615384615384615,11,19,3,0
Enes Ünal,Bournemouth,,2025-2026,22,158,1,0,2.326274909079075,0.2841262817382812,1,0.569620253164557,15,1,1,0
Ibrahima Konaté,Liverpool,DF,2025-2026,36,3133,1,0,1.9586246628314257,0.7252839719876647,1,0.028726460261729973,12,8,7,0
Ethan Ampadu,Leeds,MF,2025-2026,35,3130,1,1,1.946105619892478,1.1763546681031585,1,0.05750798722044728,26,19,10,0
Curtis Jones,Liverpool,DF,2025-2026,34,1910,1,2,2.4063171884045005,2.8340956876054406,1,0.14136125654450263,22,22,2,0
Jaka Bijol,Leeds,DF,2025-2026,25,1895,1,2,0.718483354896307,1.399182764813304,1,0.14248021108179418,15,7,4,0
David Brooks,Bournemouth,MF,2025-2026,31,1191,1,3,6.54012631252408,4.196839664131403,1,0.3022670025188917,48,25,7,0
William Saliba,Arsenal,DF,2025-2026,31,2609,1,0,1.5777585953474045,1.306027840822935,1,0.03449597546952856,5,10,2,0
Pedro Porro,Tottenham,DF,2025-2026,34,2815,1,2,1.4028917597606778,4.247651634737849,1,0.09591474245115453,32,53,10,0
Marc Cucurella,Chelsea,DF,2025-2026,34,2714,1,4,1.8860962446779013,4.541678033769131,1,0.1658069270449521,20,39,8,1
Diogo Dalot,Man United,DF,2025-2026,34,2614,1,3,2.194661596789956,3.5058063408359885,1,0.13771996939556236,24,30,5,0
Dan Burn,Newcastle,DF,2025-2026,29,2205,1,2,0.9214910920709372,0.4085770333185792,1,0.12244897959183673,10,7,9,1
Gabriel Martinelli,Arsenal,FW,2025-2026,30,1025,1,4,5.357063241302967,2.569171307608485,1,0.43902439024390244,29,13,3,0
Jean-Ricner Bellegarde,Wolves,FW,2025-2026,26,1268,1,1,0.8698065197095275,1.216556794941425,1,0.14195583596214512,21,13,5,0
Matthijs de Ligt,Man United,DF,2025-2026,13,1170,1,0,1.3233719654381275,0.4281761646270752,1,0.07692307692307693,11,3,0,0
Marshall Munetsi,Wolves,FW,2025-2026,13,863,1,1,1.8389983009546995,0.3808544501662254,1,0.2085747392815759,14,3,2,0
Evann Guessand,"Aston Villa,Crystal Palace",MF,2025-2026,21,920,1,2,1.8542680740356443,1.2377337515354156,1,0.29347826086956524,11,5,0,0
Riccardo Calafiori,Arsenal,DF,2025-2026,26,1755,1,2,3.469513338059187,0.6484237592667341,1,0.15384615384615385,32,9,5,0
Tyrick Mitchell,Crystal Palace,DF,2025-2026,38,3258,1,2,1.9847235046327116,3.036134548485279,1,0.08287292817679558,19,29,6,0
Nicolás Domínguez,Nott'm Forest,MF,2025-2026,27,1210,1,1,1.01239497307688,1.2798706572502851,1,0.1487603305785124,18,11,2,0
Armando Broja,Burnley,FW,2025-2026,24,822,1,1,2.5165178887546062,0.6097559537738562,1,0.21897810218978103,16,5,0,0
Chris Richards,Crystal Palace,DF,2025-2026,33,2819,1,0,1.7814537715166807,0.4875335106626153,1,0.03192621496984746,15,9,4,0
Jarrad Branthwaite,Everton,DF,2025-2026,10,682,1,0,0.3099620118737221,0.373225899413228,1,0.13196480938416422,6,3,1,0
Sven Botman,Newcastle,DF,2025-2026,25,1842,1,0,1.5510299038141966,1.4832177460193634,1,0.048859934853420196,15,6,2,0
Adrien Truffert,Bournemouth,DF,2025-2026,38,3391,1,5,1.9886900894343853,4.408130643889308,1,0.15924506045414333,16,33,5,0
Dan Ndoye,Nott'm Forest,FW,2025-2026,24,1184,1,1,1.1724078450351954,1.552884567528963,1,0.15202702702702703,15,14,1,0
Joël Veltman,Brighton,DF,2025-2026,24,1025,1,0,1.064280278980732,0.252019003033638,1,0.08780487804878048,4,4,5,0
Maxence Lacroix,Crystal Palace,DF,2025-2026,35,3094,1,2,3.006834846921265,1.2868863735347986,1,0.08726567550096961,25,7,4,1
Liam Delap,Chelsea,FW,2025-2026,28,1064,1,0,5.030099527910352,0.1692549511790275,1,0.08458646616541353,36,3,4,0
Antonee Robinson,Fulham,DF,2025-2026,22,1484,1,0,0.977246874012053,1.090028055012226,0,0.0,6,21,5,0
Omar Alderete,Sunderland,DF,2025-2026,33,2808,1,1,1.5455667236819863,0.6074565481394529,1,0.06410256410256411,24,9,6,0
Conor Gallagher,Tottenham,MF,2025-2026,16,1229,1,1,1.512411999516189,0.8551288228482008,1,0.1464605370219691,11,13,2,0
Jayden Bogle,Leeds,DF,2025-2026,34,2822,1,2,1.892064114101231,3.5251562744379044,1,0.0956768249468462,18,21,6,0
Fabio Carvalho,Brentford,MF,2025-2026,6,97,1,0,0.6895682029426098,0.0,1,0.9278350515463918,2,0,0,0
Hannibal Mejbri,Burnley,MF,2025-2026,27,1251,1,4,0.7498194272629917,2.838189367204905,1,0.3597122302158273,19,21,10,0
Vitaly Janelt,Brentford,MF,2025-2026,25,1421,1,4,0.7498585553839803,3.811057908460498,1,0.3166783954961295,12,21,8,0
Nathan Collins,Brentford,DF,2025-2026,35,2966,1,2,2.917149268090725,2.4296576268970966,1,0.09103169251517194,20,9,7,0
Nico González,Man City,MF,2025-2026,25,1576,1,0,0.6088060820475221,0.8885113457217813,1,0.05710659898477157,14,11,6,0
Piero Hincapié,Arsenal,DF,2025-2026,25,1786,1,2,0.4126348299905658,2.1274072602391243,1,0.1511758118701008,3,13,2,0
Hugo Bueno,Wolves,DF,2025-2026,35,2351,1,2,0.8962179943919182,3.683292493224144,1,0.11484474691620586,16,38,3,0
Lewis Hall,Newcastle,DF,2025-2026,30,2164,1,1,1.28814219776541,2.5339094949886203,1,0.08317929759704251,25,25,4,0
Omari Hutchinson,Nott'm Forest,MF,2025-2026,31,1664,1,5,2.1777186449617147,4.931529551744461,1,0.3245192307692308,25,33,1,0
Alejandro Garnacho,Chelsea,FW,2025-2026,24,1285,1,4,4.111795756965876,4.21896393597126,1,0.35019455252918286,33,29,2,0
Rodrigo Muniz,Fulham,FW,2025-2026,21,1001,1,1,4.545291785150766,0.9614864559844136,1,0.17982017982017984,32,8,2,0
Soungoutou Magassa,West Ham,MF,2025-2026,22,976,1,0,0.6193040320649743,0.7463846588507295,1,0.09221311475409835,7,5,4,0
Matheus Nunes,Man City,DF,2025-2026,34,2865,1,5,0.6754733501002192,3.0990526378154755,1,0.18848167539267016,7,28,5,0
Kobbie Mainoo,Man United,MF,2025-2026,28,1623,1,2,0.5174760585650802,1.190059178508818,1,0.16635859519408502,13,22,2,0
Michael Kayode,Brentford,DF,2025-2026,37,3281,1,1,1.169110944494605,3.184721387922764,1,0.05486132276744895,9,33,8,0
Brajan Gruda,Brighton,MF,2025-2026,18,716,1,1,1.772459496743977,1.215459401719272,1,0.25139664804469275,16,16,2,0
Merlin Röhl,Everton,MF,2025-2026,16,650,1,0,0.5586705394089222,0.3609896339476108,1,0.13846153846153847,11,6,0,0
João Gomes,Wolves,MF,2025-2026,35,2845,1,1,1.2462569223716855,1.441765757277608,1,0.0632688927943761,18,16,10,0
Lewis Miley,Newcastle,DF,2025-2026,23,1470,1,4,1.3760087750852108,2.321293480694294,1,0.30612244897959184,12,15,0,0
Simon Adingra,Sunderland,FW,2025-2026,14,665,1,0,0.3356043994426727,0.7323711905628443,1,0.13533834586466165,6,7,2,0
Calvin Bassey,Fulham,DF,2025-2026,30,2523,1,0,1.1909357141703367,0.4309475254267454,1,0.0356718192627824,11,10,5,0
Sávio,Man City,MF,2025-2026,24,792,1,1,3.269520847126841,0.9313512817025184,1,0.22727272727272727,19,9,2,0
Yehor Yarmolyuk,Brentford,MF,2025-2026,37,2679,1,2,1.3752933973446488,1.2573875626549125,1,0.1007838745800672,16,14,7,0
Andrey Santos,Chelsea,MF,2025-2026,27,1217,1,0,2.5551512390375137,0.6883775070309639,1,0.07395234182415776,11,8,4,0
Lorenzo Lucca,Nott'm Forest,FW,2025-2026,4,122,1,0,1.1845081560313702,0.0366450361907482,1,0.7377049180327868,4,1,0,0
Jake O&#039;Brien,Everton,DF,2025-2026,37,3146,1,1,1.3068652302026749,0.7244354635477066,1,0.05721551176096631,13,17,6,1
Murillo,Nott'm Forest,DF,2025-2026,25,2132,1,0,0.5957098556682467,0.299396033398807,1,0.04221388367729831,11,8,5,0
Alejandro Jiménez,Bournemouth,DF,2025-2026,31,2354,1,0,1.210428036749363,1.7028822358697653,1,0.038232795242141036,21,15,10,0
Adam Wharton,Crystal Palace,MF,2025-2026,34,2596,1,5,1.1520960042253137,6.6245664320886135,1,0.20801232665639444,32,44,4,1
Joshua King,Fulham,FW,2025-2026,32,1306,1,2,3.79960710555315,1.0395643608644605,1,0.20673813169984687,26,15,4,0
Josh Acheampong,Chelsea,DF,2025-2026,17,657,1,0,0.6709242314100266,0.137966588139534,1,0.136986301369863,4,2,1,0
Lucas Bergvall,Tottenham,MF,2025-2026,23,956,1,3,1.4342994708567858,0.2916291374713182,1,0.3765690376569038,12,5,2,0
André,Wolves,MF,2025-2026,35,2763,1,0,0.5156588805839419,1.24783924408257,1,0.03257328990228013,15,18,12,0
Justin Devenny,Crystal Palace,DF,2025-2026,21,762,1,0,2.2452754601836205,0.3324787318706512,0,0.0,13,7,0,0
Ferdi Kadioglu,Brighton,DF,2025-2026,37,3145,1,0,2.019620954990387,2.244557812809944,1,0.028616852146263912,28,22,6,0
Morato,Nott'm Forest,DF,2025-2026,21,1333,1,0,1.8853958677500489,0.0936890179291367,1,0.06751687921980495,5,2,5,0
Matt O&#039;Riley,Brighton,MF,2025-2026,6,195,1,0,1.139720857143402,0.1495994953438639,0,0.0,4,4,0,0
Tom Edozie,Wolves,,2025-2026,3,6,1,0,0.1379609331488609,0.0,1,15.0,2,0,0,0
Chris Rigg,Sunderland,MF,2025-2026,18,780,1,1,0.8001006729900837,1.1892294473946097,1,0.23076923076923078,12,9,1,0
Oliver Sonne,Burnley,DF,2025-2026,7,149,1,0,0.3753026779741049,0.0269181225448846,1,0.6040268456375839,3,1,0,0
Josh Laurent,Burnley,DF,2025-2026,33,1720,1,0,1.0436750873923302,0.7355106780305505,1,0.05232558139534884,15,12,7,1
Marcus Edwards,Burnley,FW,2025-2026,23,1054,1,3,2.2835088558495045,2.546008862555027,1,0.3415559772296015,23,20,0,0
Jhon Arias,Wolves,FW,2025-2026,23,1140,1,0,3.293146742507816,0.8962265644222498,1,0.07894736842105264,16,11,1,0
Max Dowman,Arsenal,MF,2025-2026,6,142,1,0,0.6690445654094219,0.6337551325559616,1,0.6338028169014085,6,4,0,0
Stefanos Tzimas,Brighton,FW,2025-2026,9,111,1,1,0.6250067912042141,0.3843204230070114,1,1.6216216216216215,4,6,0,0
Kevin,Fulham,MF,2025-2026,26,1002,1,1,1.334008033387363,1.240381198003888,1,0.17964071856287425,25,14,1,0
Fabian Schär,Newcastle,DF,2025-2026,16,1096,0,0,0.9631823003292084,0.1626780582591891,0,0.0,17,4,1,0
Bernd Leno,Fulham,GK,2025-2026,38,3420,0,0,0.0,0.0,0,0.0,0,0,3,0
Nathan Aké,Man City,DF,2025-2026,18,681,0,0,1.096199356019497,0.7114442009478807,0,0.0,7,6,1,0
Seamus Coleman,Everton,DF,2025-2026,5,13,0,0,0.0,0.0379066541790962,0,0.0,0,1,0,0
John Stones,Man City,DF,2025-2026,9,445,0,0,0.0,0.062762975692749,0,0.0,0,1,0,0
Nathaniel Clyne,Crystal Palace,DF,2025-2026,10,613,0,1,0.2701648138463497,0.6744996476918459,0,0.1468189233278956,3,3,1,0
Kyle Walker,Burnley,DF,2025-2026,36,3101,0,2,0.0930412104353308,1.6653890665620563,0,0.058045791680103195,4,13,9,0
Kieran Trippier,Newcastle,DF,2025-2026,21,1606,0,1,0.0958994552493095,1.8194941156543791,0,0.0560398505603985,2,28,3,0
Ola Aina,Nott'm Forest,DF,2025-2026,18,1595,0,0,0.4096037317067384,0.341342007741332,0,0.0,12,9,3,0
Jordan Pickford,Everton,GK,2025-2026,38,3420,0,0,0.0,0.2333715260028839,0,0.0,0,2,4,0
Jamaal Lascelles,Newcastle,,2025-2026,2,8,0,0,0.0783025473356247,0.0,0,0.0,1,0,0,0
Karl Darlow,Leeds,GK,2025-2026,22,1980,0,0,0.0,0.0,0,0.0,0,0,1,0
Adam Smith,Bournemouth,DF,2025-2026,22,1079,0,2,0.0,0.4984638234600425,0,0.16682113067655235,0,6,3,0
James Ward-Prowse,"Burnley,West Ham",MF,2025-2026,18,1082,0,1,0.1810428909957409,3.429459560662508,0,0.08317929759704251,5,23,1,0
Freddie Woodman,Liverpool,GK,2025-2026,3,210,0,0,0.0,0.0,0,0.0,0,0,0,0
Adama Traoré,"Fulham,West Ham",MF,2025-2026,24,326,0,0,0.6883524060249329,0.4146889857947826,0,0.0,7,3,1,0
Sam Byram,Leeds,,2025-2026,2,5,0,0,0.0,0.0,0,0.0,0,0,0,0
Patrick Roberts,Sunderland,,2025-2026,1,23,0,0,0.0680162906646728,0.0,0,0.0,1,0,0,0
Sam Johnstone,Wolves,GK,2025-2026,12,1080,0,0,0.0,0.0,0,0.0,0,0,0,0
Joseph Gomez,Liverpool,DF,2025-2026,21,577,0,2,0.1996985450387001,1.2491662725806236,0,0.3119584055459272,4,5,4,0
Tyrone Mings,Aston Villa,DF,2025-2026,17,1314,0,0,1.492117453366518,0.7093149498105049,0,0.0,9,5,1,0
Gianluigi Donnarumma,Man City,GK,2025-2026,34,3060,0,0,0.0,0.0,0,0.0,0,0,7,0
Alisson,Liverpool,GK,2025-2026,26,2340,0,0,0.0,0.0,0,0.0,0,0,1,0
Emil Krafth,Newcastle,DF,2025-2026,1,51,0,0,0.0,0.0,0,0.0,0,0,0,0
Arthur Masuaku,Sunderland,DF,2025-2026,3,132,0,0,0.0784234628081321,0.058063443750143,0,0.0,1,1,1,0
Lewis Cook,Bournemouth,DF,2025-2026,17,841,0,1,0.0596457971259951,0.3469301499426365,0,0.1070154577883472,3,11,1,1
Lucas Digne,Aston Villa,DF,2025-2026,31,1857,0,6,0.7033488415181637,3.052508193999529,0,0.29079159935379645,14,26,3,0
Jefferson Lerma,Crystal Palace,DF,2025-2026,31,1693,0,2,2.208588045090437,1.7842966839671135,0,0.10632014176018902,19,13,7,0
Mateo Kovacic,Man City,MF,2025-2026,6,120,0,1,0.0921628773212432,0.4274698607623577,0,0.75,2,4,0,0
Alphonse Areola,West Ham,GK,2025-2026,20,1800,0,1,0.0,0.0221445709466934,0,0.05,0,1,0,0
Oleksandr Zinchenko,Nott'm Forest,DF,2025-2026,5,347,0,0,0.0767069980502128,0.4507835283875465,0,0.0,4,5,0,0
Olivier Boscagli,Brighton,DF,2025-2026,12,801,0,1,0.0207152105867862,0.1475827321410179,0,0.11235955056179775,1,3,2,0
Odsonne Edouard,Crystal Palace,,2025-2026,1,1,0,0,0.0,0.0,0,0.0,0,0,0,0
Emiliano Martinez,Aston Villa,GK,2025-2026,32,2837,0,1,0.0,0.3538400158286094,0,0.031723651744800845,0,2,2,0
Ashley Barnes,Burnley,,2025-2026,7,25,0,0,0.4212423413991928,0.0,0,0.0,2,0,1,0
Kepa,Arsenal,GK,2025-2026,1,90,0,0,0.0,0.0,0,0.0,0,0,0,0
Leon Bailey,Aston Villa,MF,2025-2026,13,437,0,1,0.7073369584977627,1.1167646050453186,0,0.20594965675057209,8,12,1,0
Kevin Danso,Tottenham,DF,2025-2026,24,1489,0,0,0.5242262706160545,0.1586722880601883,0,0.0,11,2,8,0
Jacob Bruun Larsen,Burnley,FW,2025-2026,28,1003,0,1,1.4321176074445248,1.3782861307263374,0,0.0897308075772682,17,12,0,0
Angus Gunn,Nott'm Forest,,2025-2026,1,38,0,0,0.0,0.0,0,0.0,0,0,0,0
Nick Pope,Newcastle,GK,2025-2026,27,2422,0,0,0.1314873248338699,0.0,0,0.0,1,0,2,0
Aaron Wan-Bissaka,West Ham,DF,2025-2026,25,2093,0,2,0.0,1.428995594382286,0,0.08600095556617296,0,18,4,0
Tosin Adarabioyo,Chelsea,DF,2025-2026,16,791,0,0,0.0724174678325653,0.4159756898880005,0,0.0,2,1,2,0
Daniel James,Leeds,DF,2025-2026,19,538,0,0,0.799863189458847,0.4895355738699436,0,0.0,14,9,0,0
Angel Gomes,Wolves,MF,2025-2026,12,475,0,0,0.1933972742408514,0.2992059402167797,0,0.0,6,6,1,0
Aaron Ramsdale,Newcastle,GK,2025-2026,12,998,0,0,0.0,0.0710007473826408,0,0.0,0,1,2,0
Yves Bissouma,Tottenham,MF,2025-2026,11,619,0,0,0.2123817997053265,0.0,0,0.0,5,0,4,0
Walter Benítez,Crystal Palace,GK,2025-2026,1,90,0,0,0.0,0.0,0,0.0,0,0,0,0
Youri Tielemans,Aston Villa,MF,2025-2026,25,1861,0,4,1.8399642640724776,2.9822675781324506,0,0.19344438473938744,24,32,0,0
Solly March,Brighton,,2025-2026,4,32,0,0,0.0564958602190017,0.0,0,0.0,1,0,0,0
Victor Lindelöf,Aston Villa,DF,2025-2026,17,938,0,1,0.1561275906860828,0.5980998799204826,0,0.09594882729211088,3,2,0,0
Niclas Füllkrug,West Ham,FW,2025-2026,8,416,0,0,0.9830001182854176,0.4490955099463463,0,0.0,9,7,0,0
Will Hughes,Crystal Palace,MF,2025-2026,31,1567,0,0,1.2812513932585716,1.9265618100762367,0,0.0,17,21,7,0
Daichi Kamada,Crystal Palace,MF,2025-2026,28,1924,0,0,1.4871895518153906,2.585762256756425,0,0.0,19,20,3,0
Timothy Castagne,Fulham,DF,2025-2026,30,1849,0,0,1.470174259506166,1.7460119286552072,0,0.0,14,18,4,0
Nikola Milenkovic,Nott'm Forest,DF,2025-2026,38,3360,0,0,0.5094143021851778,0.2675842642784118,0,0.0,15,3,6,0
Pau Torres,Aston Villa,DF,2025-2026,21,1679,0,0,1.5826024003326893,0.006894074846059,0,0.0,9,1,1,0
Joachim Andersen,Fulham,DF,2025-2026,33,2882,0,1,1.659308227710426,0.5809159595519304,0,0.03122831367106176,16,6,7,1
Jadon Sancho,Aston Villa,MF,2025-2026,23,860,0,2,0.7688718903809786,2.0520169995725155,0,0.20930232558139536,10,21,0,0
Reiss Nelson,Brentford,,2025-2026,10,104,0,1,0.9007361251860856,0.059022057801485,0,0.8653846153846154,5,2,0,0
Martin Dubravka,Burnley,GK,2025-2026,35,3150,0,0,0.0,0.0,0,0.0,0,0,1,0
Joe Willock,Newcastle,MF,2025-2026,24,979,0,2,1.3859424609690905,2.0978056583553557,0,0.18386108273748722,17,14,3,0
Rayan Ait Nouri,Man City,DF,2025-2026,17,981,0,2,0.4981528613716364,1.7330033089965582,0,0.18348623853211007,9,12,2,0
Dwight McNeil,Everton,FW,2025-2026,22,1184,0,1,1.4632735215127468,1.7390878200531006,0,0.07601351351351351,24,15,1,0
Jean-Clair Todibo,West Ham,DF,2025-2026,23,1827,0,1,0.6560113653540611,0.3799619134515524,0,0.04926108374384236,2,5,5,1
James Maddison,Tottenham,,2025-2026,3,25,0,0,0.5459706783294678,0.0,0,0.0,2,0,0,0
Matt Doherty,Wolves,DF,2025-2026,11,822,0,0,0.0822684839367866,0.172796219587326,0,0.0,3,3,4,0
Axel Disasi,West Ham,DF,2025-2026,14,1258,0,0,1.0807171128690245,0.0239046476781368,0,0.0,5,1,1,0
Matz Sels,Nott'm Forest,GK,2025-2026,31,2672,0,0,0.0,0.0,0,0.0,0,0,2,0
Naif Aguerd,West Ham,DF,2025-2026,2,180,0,0,0.0885777547955513,0.0,0,0.0,2,0,0,0
Hamed Junior Traore,Bournemouth,,2025-2026,1,13,0,1,0.0,0.0955900996923446,0,6.923076923076923,0,1,0,0
Borna Sosa,Crystal Palace,,2025-2026,7,88,0,0,0.0390446111559867,0.076265724375844,0,0.0,1,2,1,0
Christian Nørgaard,Arsenal,MF,2025-2026,7,93,0,0,0.0686947088688612,0.0,0,0.0,2,0,0,0
Benoit Badiashile Mukinayi,Chelsea,DF,2025-2026,8,478,0,0,0.0,0.0,0,0.0,0,0,2,0
Bafode Diakite,Bournemouth,DF,2025-2026,18,1276,0,0,0.0138677563518285,0.0845660716295242,0,0.0,1,2,1,0
Ben White,Arsenal,DF,2025-2026,12,703,0,1,0.2829237170517444,1.557781394571066,0,0.12802275960170698,5,8,0,0
Max Kilman,West Ham,DF,2025-2026,21,1552,0,0,1.1671122973784804,0.2077075242996215,0,0.0,7,4,4,0
Reinildo,Sunderland,DF,2025-2026,25,1974,0,1,0.1700047692283988,0.2958913259208202,0,0.04559270516717325,4,6,7,1
Harvey Elliott,"Aston Villa,Liverpool",MF,2025-2026,5,110,0,0,0.2895753085613251,0.0938487127423286,0,0.0,5,1,0,0
Wesley Fofana,Chelsea,DF,2025-2026,25,1745,0,1,0.5401721596717834,0.658527560532093,0,0.05157593123209169,8,3,5,2
Dean Henderson,Crystal Palace,GK,2025-2026,37,3330,0,0,0.0,0.0154756419360637,0,0.0,0,1,5,0
Ezri Konsa Ngoyo,Aston Villa,DF,2025-2026,34,3036,0,0,1.0740509293973446,0.6014871783554554,0,0.0,11,5,0,1
Sebastiaan Bornauw,Leeds,DF,2025-2026,12,438,0,0,0.1316642463207245,0.0,0,0.0,1,0,1,0
Caoimhin Kelleher,Brentford,GK,2025-2026,37,3330,0,0,0.0,0.1064014490693807,0,0.0,0,2,1,0
Igor Julio,West Ham,DF,2025-2026,4,94,0,0,0.0,0.0180993378162384,0,0.0,0,1,0,0
Sandro Tonali,Newcastle,MF,2025-2026,35,2586,0,2,1.4170023752376435,3.7605556417256594,0,0.06960556844547564,37,32,4,0
Ilia Gruev,Leeds,MF,2025-2026,23,1310,0,3,0.7337606139481068,1.4936000779271126,0,0.20610687022900764,7,11,3,0
Arnaud Kalimuendo Muinga,Nott'm Forest,,2025-2026,9,75,0,0,0.2510882914066314,0.0113487504422664,0,0.0,4,1,0,0
Guido Rodríguez,West Ham,MF,2025-2026,6,159,0,0,0.0242491047829389,0.0,0,0.0,1,0,1,0
Sander Berge,Fulham,MF,2025-2026,35,2935,0,1,1.3464614748954773,1.985070546157658,0,0.03066439522998296,14,21,5,0
Ki-Jana Hoever,Wolves,DF,2025-2026,8,437,0,0,0.0092321364209055,0.3387711746618151,0,0.0,1,5,0,0
Luca Netz,Nott'm Forest,DF,2025-2026,7,348,0,0,0.0,0.0980577766895294,0,0.0,0,2,0,0
Jorge Cuenca,Fulham,DF,2025-2026,15,949,0,0,0.0508214943110942,0.5158752724528313,0,0.0,1,3,6,0
Dennis Cirkin,Sunderland,DF,2025-2026,8,312,0,0,0.0663583949208259,0.0,0,0.0,1,0,2,0
Pascal Struijk,Leeds,DF,2025-2026,34,2940,0,1,2.967387342825532,1.093722109682858,0,0.030612244897959186,31,12,5,0
Jack Harrison,Leeds,FW,2025-2026,11,232,0,0,0.4338683113455772,0.3380284607410431,0,0.0,6,1,0,0
Stefan Ortega Moreno,Nott'm Forest,GK,2025-2026,3,270,0,0,0.0,0.0,0,0.0,0,0,0,0
Wataru Endo,Liverpool,DF,2025-2026,8,162,0,1,0.0619611144065856,0.1389048248529434,0,0.5555555555555556,1,1,1,0
Sasa Kalajdzic,Wolves,,2025-2026,1,11,0,0,0.0,0.0,0,0.0,0,0,0,0
Iyenoma Destiny Udogie,Tottenham,DF,2025-2026,20,1342,0,1,0.2184655116870999,1.1220016870647669,0,0.06706408345752608,4,12,4,0
Guglielmo Vicario,Tottenham,GK,2025-2026,31,2790,0,0,0.0,0.0718652158975601,0,0.0,0,1,1,0
Dilane Bakwa,Nott'm Forest,MF,2025-2026,14,556,0,2,0.7644308656454086,1.2161817625164986,0,0.3237410071942446,9,11,1,0
Aaron Hickey,Brentford,DF,2025-2026,21,668,0,0,0.5498570688068867,0.6038424372673035,0,0.0,6,1,1,0
Florentino Luís,Burnley,MF,2025-2026,31,2146,0,2,1.0381876304745674,0.5375469047576189,0,0.08387698042870456,13,13,6,0
James Trafford,Man City,GK,2025-2026,4,360,0,0,0.0,0.0,0,0.0,0,0,0,0
Robert Sánchez,Chelsea,GK,2025-2026,35,3054,0,1,0.0,0.8848487213253975,0,0.02946954813359529,0,5,4,1
Radu Dragusin,Tottenham,DF,2025-2026,10,513,0,0,0.2077605351805687,0.0,0,0.0,4,0,0,0
Filip Jorgensen,Chelsea,GK,2025-2026,5,365,0,0,0.0,0.0,0,0.0,0,0,0,0
Jeremie Frimpong,Liverpool,DF,2025-2026,21,1027,0,1,0.514072947204113,2.69134059548378,0,0.08763388510223953,10,15,1,0
Dane Scarlett,Tottenham,,2025-2026,2,4,0,0,0.0,0.0,0,0.0,0,0,0,0
Maxime Estève,Burnley,DF,2025-2026,34,2946,0,0,0.4516084846109152,0.7021042061969638,0,0.0,10,6,1,0
Valentino Livramento,Newcastle,DF,2025-2026,17,1323,0,1,0.1522857137024402,0.6162818782031536,0,0.06802721088435375,3,10,1,0
Anthony Elanga,Newcastle,FW,2025-2026,32,1289,0,1,1.4534468036144972,1.749520514160395,0,0.06982156710628394,17,15,0,0
Tim Iroegbunam,Everton,MF,2025-2026,29,1496,0,2,0.5109043149277568,1.847727376036346,0,0.12032085561497326,12,8,9,0
Marco Bizot,Aston Villa,GK,2025-2026,7,583,0,0,0.0,0.0,0,0.0,0,0,1,0
David Raya,Arsenal,GK,2025-2026,37,3330,0,0,0.0,0.1493939720094204,0,0.0,0,3,1,0
Kristoffer Ajer,Brentford,DF,2025-2026,27,1809,0,1,1.053914662450552,0.9042857214808464,0,0.04975124378109452,10,5,4,0
Ethan Pinnock,Brentford,DF,2025-2026,4,330,0,0,0.0091950073838233,0.0,0,0.0,1,0,1,0
Rico Henry,Brentford,DF,2025-2026,25,1315,0,1,0.1456592017784714,0.3161719217896461,0,0.06844106463878327,5,4,2,0
Frank Onyeka,Brentford,,2025-2026,6,68,0,1,0.0,0.3706037104129791,0,1.3235294117647058,0,1,0,0
Giorgi Mamardashvili,Liverpool,GK,2025-2026,10,870,0,0,0.0,0.0,0,0.0,0,0,0,0
José Sá,Wolves,GK,2025-2026,23,2070,0,0,0.0,0.0831252336502075,0,0.0,0,1,2,0
Gabriel Gudmundsson,Leeds,DF,2025-2026,32,2657,0,0,0.8777289493009448,3.1013932153582573,0,0.0,18,21,4,1
Yerson Mosquera,Wolves,DF,2025-2026,27,2154,0,0,2.9658489003777504,1.202757162041962,0,0.0,30,11,12,0
Romeo Lavia,Chelsea,MF,2025-2026,12,366,0,0,0.2767128031700849,0.4153143763542175,0,0.0,3,1,0,0
Cristhian Mosquera,Arsenal,DF,2025-2026,20,976,0,0,0.0858541056513786,0.2934531178325414,0,0.0,1,5,4,0
Lamare Bogarde,Aston Villa,DF,2025-2026,28,1011,0,0,0.0,0.0411524251103401,0,0.0,0,2,5,0
Conor Bradley,Liverpool,DF,2025-2026,15,962,0,1,0.2198291672393679,1.1937107481062412,0,0.09355509355509356,6,4,5,0
James McAtee,Nott'm Forest,MF,2025-2026,14,263,0,1,0.1997519331052899,0.8618234768509865,0,0.3422053231939164,4,6,1,0
Diego Coppola,Brighton,DF,2025-2026,5,192,0,0,0.0,0.0,0,0.0,0,0,2,0
Myles Peart-Harris,Brentford,,2025-2026,1,1,0,0,0.0,0.0,0,0.0,0,0,0,0
Vitalii Mykolenko,Everton,DF,2025-2026,33,2963,0,1,0.2774586006999016,1.1418284978717566,0,0.030374620317246033,9,22,6,0
Nathan Patterson,Everton,DF,2025-2026,7,241,0,0,0.1701965481042862,0.0,0,0.0,1,0,0,0
Toti,Wolves,DF,2025-2026,19,1437,0,0,0.9501397321000696,0.1585849039256572,0,0.0,5,6,2,1
Josh Dasilva,Brentford,,2025-2026,2,2,0,0,0.0726943090558052,0.0,0,0.0,1,0,0,0
Carlos Baleba,Brighton,MF,2025-2026,31,1692,0,0,0.5733493687584996,0.812482200562954,0,0.0,20,9,5,0
Jamie Bynoe-Gittens,Chelsea,MF,2025-2026,16,455,0,2,0.8924727980047464,0.978217288851738,0,0.39560439560439564,10,9,0,0
Leny Yoro,Man United,DF,2025-2026,32,1736,0,0,1.247398313134909,0.2197452150285244,0,0.0,9,4,1,0
Tyler Dibling,Everton,MF,2025-2026,14,337,0,0,0.1377814710140228,0.2132043652236461,0,0.0,4,4,2,0
Noussair Mazraoui,Man United,DF,2025-2026,20,990,0,0,0.1968064438551664,0.2094872146844864,0,0.0,5,6,3,0
Sepp van den Berg,Brentford,DF,2025-2026,32,2758,0,2,3.3328840751200914,2.197148658335209,0,0.06526468455402465,23,7,2,0
James Hill,Bournemouth,DF,2025-2026,29,2100,0,3,0.9502518232911824,1.4291670992970469,0,0.1285714285714286,12,13,5,0
Joe Worrall,Burnley,DF,2025-2026,11,478,0,0,0.0381001383066177,0.0,0,0.0,1,0,0,0
Djed Spence,Tottenham,DF,2025-2026,30,2068,0,0,1.1351130530238152,1.8603137182071805,0,0.0,13,10,4,0
Lisandro Martínez,Man United,DF,2025-2026,18,1217,0,0,0.1134660253301262,0.4642033223062753,0,0.0,5,5,0,1
Tyrell Malacia,Man United,,2025-2026,3,7,0,0,0.0,0.0,0,0.0,0,0,0,0
Levi Colwill,Chelsea,DF,2025-2026,3,210,0,0,0.0,0.0,0,0.0,0,0,0,0
Wilson Odobert,Tottenham,FW,2025-2026,24,946,0,2,2.460178238339722,1.9524234533309937,0,0.19027484143763213,21,20,0,0
Rico Lewis,Man City,DF,2025-2026,11,389,0,1,0.1365800127387046,1.5545267909765244,0,0.23136246786632392,3,7,2,0
Emmanuel Agbadou,Wolves,DF,2025-2026,14,1093,0,0,0.44676383305341,0.1717668529599905,0,0.0,10,4,1,1
Marcos Senesi,Bournemouth,DF,2025-2026,37,3298,0,5,1.850691837258637,4.026684596203268,0,0.13644633110976348,16,24,8,0
Ryan Yates,Nott'm Forest,MF,2025-2026,22,550,0,2,0.674801416695118,0.2274915445595979,0,0.32727272727272727,9,5,3,0
Kaden Rodney,Crystal Palace,,2025-2026,1,1,0,0,0.0,0.0,0,0.0,0,0,0,0
Ethan Nwaneri,Arsenal,,2025-2026,6,154,0,0,0.3292111651971936,0.0484081842005252,0,0.0,6,1,0,0
Wilfried Gnonto,Leeds,FW,2025-2026,23,493,0,1,0.4376505799591541,1.2471250221133232,0,0.18255578093306288,10,8,3,0
Chadi Riad,Crystal Palace,DF,2025-2026,9,562,0,1,0.2799455123022198,0.427691638469696,0,0.1601423487544484,4,1,2,0
Ben Doak,Bournemouth,,2025-2026,8,82,0,1,0.4458508342504501,0.4571621716022491,0,1.0975609756097562,3,1,0,0
Bashir Humphreys,Burnley,DF,2025-2026,20,1585,0,0,0.5261353980749846,0.8644249252974987,0,0.0,9,9,6,0
Mamadou Sarr,Chelsea,DF,2025-2026,3,99,0,0,0.5694634318351746,0.0,0,0.0,1,0,0,0
Carlos Alcaraz,Everton,MF,2025-2026,20,681,0,1,1.0087895719334483,1.21384940110147,0,0.13215859030837004,20,9,4,0
Daniel Bentley,Wolves,GK,2025-2026,3,270,0,0,0.0,0.0,0,0.0,0,0,0,0
Facundo Buonanotte,"Chelsea,Leeds",MF,2025-2026,4,77,0,0,0.075097182765603,0.3006448894739151,0,0.0,2,3,1,0
Romaine Mundle,Sunderland,MF,2025-2026,14,370,0,0,0.673394400626421,0.0171345714479684,0,0.0,7,1,1,0
Marc Guiu,"Chelsea,Sunderland",FW,2025-2026,10,250,0,1,2.5071037635207176,0.7587333768606186,0,0.36,13,3,1,0
Zeki Amdouni,Burnley,,2025-2026,4,53,0,0,0.172810111194849,0.0,0,0.0,3,0,0,0
Hjalmar Ekdal,Burnley,DF,2025-2026,19,1545,0,0,0.6082124067470431,0.1681445082649588,0,0.0,6,4,0,0
Bart Verbruggen,Brighton,GK,2025-2026,38,3420,0,0,0.0,0.076464258134365,0,0.0,0,1,3,0
Abduqodir Khusanov,Man City,DF,2025-2026,21,1421,0,0,0.6727990191429853,0.5715384930372238,0,0.0,7,6,2,0
Manuel Ugarte,Man United,MF,2025-2026,22,850,0,0,0.8379190387204289,0.1287948712706565,0,0.0,13,3,1,0
Ian Maatsen,Aston Villa,DF,2025-2026,30,1587,0,1,1.2995175179094076,2.966688236221671,0,0.05671077504725898,20,25,2,0
Lucas Pires,Burnley,DF,2025-2026,20,1391,0,0,0.9026442989706992,1.5199418039992452,0,0.0,16,20,1,1
Oscar Bobb,"Fulham,Man City",FW,2025-2026,23,1046,0,1,1.4291031155735254,2.017092976719141,0,0.08604206500956023,12,22,1,0
Djordje Petrovic,Bournemouth,GK,2025-2026,38,3420,0,0,0.0,0.0,0,0.0,0,0,3,0
Altay Bayindir,Man United,GK,2025-2026,6,540,0,0,0.0,0.2939172387123108,0,0.0,0,1,0,0
Mike Trésor,Burnley,,2025-2026,6,25,0,0,0.0,0.0,0,0.0,0,0,0,0
Jackson Tchatchoua,Wolves,DF,2025-2026,31,1822,0,1,0.1055051013827323,2.24295702483505,0,0.04939626783754117,3,21,3,0
Alex Murphy,Newcastle,,2025-2026,2,2,0,0,0.0,0.0,0,0.0,0,0,0,0
Treymaurice Nyoni,Liverpool,,2025-2026,6,13,0,0,0.4788391590118408,0.0494166016578674,0,0.0,1,1,0,0
Tawanda Chirewa,Wolves,,2025-2026,2,20,0,0,0.0,0.0,0,0.0,0,0,0,0
Myles Lewis-Skelly,Arsenal,DF,2025-2026,20,666,0,0,0.1256939582526683,0.1785307899117469,0,0.0,2,4,3,0
Oliver Scarles,West Ham,DF,2025-2026,13,665,0,0,0.2387502118945121,0.97617865819484,0,0.0,3,5,2,0
Callum Marshall,West Ham,,2025-2026,2,44,0,0,0.2289344072341919,0.0,0,0.0,1,0,0,0
Lucas Perri,Leeds,GK,2025-2026,16,1440,0,0,0.0,0.0,0,0.0,0,0,2,0
George Earthy,West Ham,,2025-2026,1,7,0,0,0.0,0.0,0,0.0,0,0,0,0
Tyrique George,"Chelsea,Everton",MF,2025-2026,15,328,0,0,0.8288742527365685,1.341641515493393,0,0.0,10,3,2,0
Hákon Valdimarsson,Brentford,GK,2025-2026,1,90,0,0,0.0,0.0,0,0.0,0,0,0,0
Christantus Uche,Crystal Palace,,2025-2026,14,109,0,0,0.7797833420336246,0.0,0,0.0,6,0,0,0
Harrison Armstrong,Everton,MF,2025-2026,13,520,0,0,0.4391051679849624,0.1213887110352516,0,0.0,5,4,0,0
Jota Silva,Nott'm Forest,,2025-2026,1,7,0,0,0.0,0.0,0,0.0,0,0,0,0
Andy Irving,West Ham,MF,2025-2026,7,178,0,0,0.0,0.2021182812750339,0,0.0,0,3,0,0
Mads Hermansen,West Ham,GK,2025-2026,18,1620,0,1,0.0,0.0371963791549205,0,0.05555555555555555,0,2,0,0
Luis Guilherme,West Ham,FW,2025-2026,5,118,0,0,0.0393501259386539,0.0517973899841308,0,0.0,1,1,0,0
Lutsharel Geertruida,Sunderland,DF,2025-2026,28,1659,0,0,0.8372280839830637,0.773734993301332,0,0.0,11,8,2,0
Ayden Heaven,Man United,DF,2025-2026,17,923,0,1,0.2150531085208058,0.365470789372921,0,0.09750812567713975,3,2,2,0
Jaydee Canvot,Crystal Palace,DF,2025-2026,20,1334,0,0,1.5658284928649664,0.0823616674169898,0,0.0,7,3,3,0
Dário Essugo,Chelsea,,2025-2026,3,24,0,0,0.0,0.0,0,0.0,0,0,2,0
Jack Fletcher,Man United,,2025-2026,3,97,0,0,0.0373862497508525,0.1148756481707096,0,0.0,1,2,0,0
Pedro Lima,Wolves,DF,2025-2026,9,254,0,0,0.4996851459145546,0.2166344672441482,0,0.0,4,3,0,0
Fernando López,Wolves,MF,2025-2026,9,211,0,1,0.2181545086205005,0.5119961202144623,0,0.42654028436018954,5,3,1,0
Callum Olusesi,Tottenham,,2025-2026,1,12,0,0,0.0,0.0,0,0.0,0,0,0,0
Ben Winterburn,Bournemouth,,2025-2026,1,3,0,0,0.0,0.0,0,0.0,0,0,0,0
Ezra Mayers,West Ham,,2025-2026,6,96,0,0,0.1098941266536712,0.1163404732942581,0,0.0,1,2,0,0
Jonah Kusi-Asare,Fulham,,2025-2026,7,28,0,0,0.0,0.081977978348732,0,0.0,0,1,1,0
Max Alleyne,Man City,DF,2025-2026,2,138,0,0,0.3813819289207458,0.0321632847189903,0,0.0,2,1,0,0
Zach Abbott,Nott'm Forest,DF,2025-2026,3,166,0,0,0.0,0.0,0,0.0,0,0,0,0
Jamaldeen Jimoh,Aston Villa,,2025-2026,1,5,0,0,0.0,0.0,0,0.0,0,0,0,0
Antonín Kinsky,Tottenham,GK,2025-2026,7,630,0,0,0.0,0.0,0,0.0,0,0,0,0
Romain Esse,Crystal Palace,,2025-2026,4,29,0,0,0.0,0.0,0,0.0,0,0,0,0
Andrés García,Aston Villa,DF,2025-2026,6,82,0,0,0.0,0.0,0,0.0,0,0,0,0
Joe Knight,Brighton,,2025-2026,1,1,0,0,0.0,0.0,0,0.0,0,0,0,0
Tyler Fredricson,Man United,,2025-2026,1,1,0,0,0.0,0.0,0,0.0,0,0,0,0
Julio Soler,Bournemouth,,2025-2026,3,27,0,0,0.0,0.0,0,0.0,0,0,0,0
Shumaira Mheuka,Chelsea,,2025-2026,1,1,0,0,0.0,0.0,0,0.0,0,0,0,0
Sean Neave,Newcastle,,2025-2026,1,7,0,0,0.0347357764840126,0.0,0,0.0,1,0,0,0
Harry Howell,Brighton,MF,2025-2026,3,91,0,0,0.0,0.0,0,0.0,0,0,0,0
Robin Roefs,Sunderland,GK,2025-2026,35,3150,0,0,0.0,0.7053439579904079,0,0.0,0,4,4,0
Jenson Seelt,Sunderland,DF,2025-2026,2,135,0,0,0.0,0.0,0,0.0,0,0,0,0
Noah Sadiki,Sunderland,MF,2025-2026,33,2914,0,1,1.618839449249208,0.9295975510030984,0,0.03088538091969801,19,19,9,0
Dan Neil,Sunderland,,2025-2026,3,13,0,0,0.0,0.0,0,0.0,0,0,0,0
El Hadji Malick Diouf,West Ham,DF,2025-2026,32,2711,0,5,0.5592501647770405,3.253779597580433,0,0.16599040944300994,18,29,6,0
Freddie Potts,West Ham,MF,2025-2026,22,1152,0,1,0.2126328870654106,1.2075103465467691,0,0.078125,3,8,1,0
Quilindschy Hartman,Burnley,DF,2025-2026,21,1843,0,5,0.377465664409101,2.790129487402737,0,0.24416711882799783,9,20,1,0
Max Weiss,Burnley,GK,2025-2026,3,270,0,0,0.0,0.1608665138483047,0,0.0,0,1,0,0
David Møller Wolfe,Wolves,DF,2025-2026,22,1059,0,2,0.0825581811368465,1.304669253528118,0,0.16997167138810196,3,8,1,0
Jorrel Hato,Chelsea,DF,2025-2026,22,1131,0,0,0.3383092209696769,0.7095918618142605,0,0.0,4,8,7,0
Rio Cardines,Crystal Palace,DF,2025-2026,1,90,0,0,0.0184464920312166,0.2980242371559143,0,0.0,1,2,0,0
Jair,Nott'm Forest,DF,2025-2026,9,536,0,0,0.4848349690437317,0.0787873566150665,0,0.0,3,1,0,0
Antoni Milambo,Brentford,MF,2025-2026,1,50,0,0,0.0,0.0,0,0.0,0,0,0,0
Joël Piroe,Leeds,FW,2025-2026,16,216,0,0,1.0837035588920116,0.0858056545257568,0,0.0,14,1,0,0
Bradley Burrowes,Aston Villa,,2025-2026,1,12,0,0,0.0,0.0,0,0.0,0,0,0,0
John Victor,Nott'm Forest,GK,2025-2026,5,440,0,0,0.0,0.0,0,0.0,0,0,1,0
Veljko Milosavljevic,Bournemouth,DF,2025-2026,7,363,0,0,0.357437402009964,0.0670101419091224,0,0.0,1,1,0,0
Tom Watson,Brighton,,2025-2026,6,44,0,0,0.0247048325836658,0.0,0,0.0,1,0,1,0
Divine Mukasa,Man City,,2025-2026,2,21,0,0,0.0,0.211731594055891,0,0.0,0,2,0,0
Senne Lammens,Man United,GK,2025-2026,32,2880,0,0,0.0,0.0,0,0.0,0,0,0,0
Luke O&#039;Nien,Sunderland,DF,2025-2026,12,556,0,1,0.2098914235830307,0.1062447875738143,0,0.1618705035971223,4,2,1,1
Nehemiah Oriola,Brighton,,2025-2026,1,1,0,0,0.0,0.0,0,0.0,0,0,0,0
Jun&#039;ai Byfield,Tottenham,,2025-2026,1,1,0,0,0.0,0.0,0,0.0,0,0,0,0
James Rowswell,Tottenham,,2025-2026,1,1,0,0,0.0,0.0,0,0.0,0,0,0,0
George Hemmings,Aston Villa,,2025-2026,2,19,0,0,0.0193882789462804,0.0,0,0.0,1,0,0,0
Shea Lacey,Man United,,2025-2026,3,31,0,0,0.0823024958372116,0.0,0,0.0,4,0,0,0
Romelle Donovan,Brentford,,2025-2026,4,23,0,0,0.1047036871314048,0.0320337601006031,0,0.0,3,1,0,0
Mohamadou Kanté,West Ham,,2025-2026,11,47,0,0,0.1030743010342121,0.1098941266536712,0,0.0,2,1,2,0
Joél Drakes-Thomas,Crystal Palace,,2025-2026,2,2,0,0,0.0,0.0,0,0.0,0,0,0,0
Bendito Mantato,Man United,,2025-2026,1,14,0,0,0.0,0.0364780984818935,0,0.0,0,1,0,0
Tyler Fletcher,Man United,,2025-2026,2,14,0,0,0.0,0.0,0,0.0,0,0,0,0
Jaydon Banel,Burnley,,2025-2026,1,7,0,0,0.0,0.0,0,0.0,0,0,0,0
Pablo,West Ham,FW,2025-2026,14,844,0,1,1.4234614558517933,1.2927714316174388,0,0.10663507109004738,12,13,0,0
Kaye Furo,Brentford,,2025-2026,1,1,0,0,0.0,0.0,0,0.0,0,0,0,0
Alex Tóth,Bournemouth,MF,2025-2026,9,136,0,0,0.1811701506376266,0.3572214804589748,0,0.0,2,5,1,0
Jerome Abbey,Wolves,,2025-2026,1,6,0,0,0.0,0.0,0,0.0,0,0,0,0
Souza,Tottenham,DF,2025-2026,4,136,0,0,0.0115449018776416,0.2023620158433914,0,0.0,1,3,1,0
Nilson Angulo,Sunderland,MF,2025-2026,8,415,0,0,0.9055802077054976,0.0528695490211248,0,0.0,7,3,1,0
Melker Ellborg,Sunderland,GK,2025-2026,3,270,0,0,0.0,0.0,0,0.0,0,0,0,0
Alysson Edward,Aston Villa,,2025-2026,3,34,0,0,0.052795436233282,0.0,0,0.0,1,0,0,0
Djiamgone Jocelin Ta Bi,Sunderland,MF,2025-2026,1,38,0,0,0.0,0.0,0,0.0,0,0,0,0
Jesse Derry,Chelsea,MF,2025-2026,1,53,0,0,0.1001430451869964,0.0,0,0.0,2,0,0,0
Bruno Fernandes,Man United,MF,2026-2027,2,180,3,1,2.247294310480356,0.6195708513259888,2,1.5,11,6,0,0
Bukayo Saka,Arsenal,MF,2026-2027,2,160,2,0,1.7515416741371157,0.0469839461147785,2,1.125,5,2,0,0
Mathis Cherki,Man City,MF,2026-2027,2,108,2,2,0.60223388671875,1.2220587730407717,2,3.3333333333333335,3,7,1,0
Erling Haaland,Man City,FW,2026-2027,2,180,2,0,1.4407066106796265,0.0,2,1.0,10,0,0,0
João Pedro,Chelsea,FW,2026-2027,2,180,2,2,2.055896580219269,0.4818000346422195,2,2.0,9,4,0,0
Cole Palmer,Chelsea,MF,2026-2027,2,175,2,1,1.4829024076461792,0.6803523451089859,2,1.542857142857143,9,5,0,0
Anthony Elanga,Newcastle,MF,2026-2027,2,160,2,0,0.4224189072847366,0.1150919497013092,2,1.125,4,1,0,0
Jack Hinshelwood,Brighton,MF,2026-2027,1,69,2,0,1.401410698890686,0.100886195898056,2,2.608695652173913,3,1,0,0
Pascal Groß,Brighton,MF,2026-2027,2,180,1,0,0.0453363917768001,0.9721265435218812,1,0.5,1,6,1,0
James Tarkowski,Everton,DF,2026-2027,2,180,1,0,0.1154564246535301,0.0140266856178641,1,0.5,2,1,0,0
Chuba Akpom,Ipswich,,2026-2027,2,64,1,0,0.4293347895145416,0.0,1,1.40625,1,0,0,0
Martin Odegaard,Arsenal,MF,2026-2027,2,150,1,0,0.321878433227539,0.2855894863605499,1,0.6,4,3,0,0
Semi Ajayi,Hull,DF,2026-2027,2,156,1,0,0.7058625221252441,0.0,1,0.5769230769230769,1,0,0,0
Kai Havertz,Arsenal,FW,2026-2027,2,180,1,0,0.1334328800439834,0.0477312244474887,1,0.5,2,1,0,0
Alexander Isak,Liverpool,FW,2026-2027,2,180,1,0,2.174916386604309,0.1023170314729213,1,0.5,7,2,0,0
Dominic Calvert-Lewin,Leeds,FW,2026-2027,2,180,1,0,0.9327916651964188,0.0,1,0.5,4,0,1,0
Yoane Wissa,Newcastle,FW,2026-2027,2,173,1,1,1.592448353767395,0.1272462084889412,1,1.0404624277456647,6,2,1,0
Pedro Neto,Chelsea,DF,2026-2027,2,82,1,0,0.7697672992944717,0.6694995760917664,1,1.0975609756097562,3,2,0,0
Bryan Mbeumo,Man United,MF,2026-2027,2,180,1,0,2.003398060798645,0.4761663302779197,1,0.5,9,4,1,0
Joe Willock,Newcastle,MF,2026-2027,2,105,1,0,0.1826508492231369,0.3008303940296173,1,0.8571428571428571,4,1,0,0
Morgan Gibbs-White,Nott'm Forest,MF,2026-2027,2,180,1,1,0.9046378880739212,0.2842428684234619,0,0.5,4,1,0,0
Wilson Isidor,Sunderland,,2026-2027,2,46,1,0,1.0178608894348145,0.0,1,1.956521739130435,3,0,0,0
Marc Guehi,Man City,DF,2026-2027,2,180,1,0,0.6468590497970581,0.5169392712414265,1,0.5,2,2,0,0
Dan Ndoye,Nott'm Forest,MF,2026-2027,2,133,1,0,0.647243320941925,0.9351332783699036,1,0.6766917293233082,3,2,0,0
Leif Davis,Ipswich,DF,2026-2027,2,180,1,0,0.6606451272964478,0.1086564436554908,1,0.5,2,1,0,0
Kevin Schade,Brentford,MF,2026-2027,2,180,1,0,0.6952725946903229,0.1207659095525741,1,0.5,8,2,0,0
Vitaly Janelt,Brentford,MF,2026-2027,2,180,1,0,0.4880397617816925,0.130682535469532,1,0.5,2,4,2,0
Kiernan Dewsbury-Hall,Everton,MF,2026-2027,2,180,1,0,0.2415860034525394,0.5228234976530075,1,0.5,5,6,0,0
Dominik Szoboszlai,Liverpool,MF,2026-2027,2,180,1,0,0.9323304295539856,0.2655576914548874,0,0.0,6,5,0,0
Josko Gvardiol,Man City,DF,2026-2027,2,166,1,1,0.4088468253612518,0.0720686167478561,1,1.0843373493975903,1,2,0,0
Anton Stach,Leeds,MF,2026-2027,2,180,1,0,0.1702153645455837,0.0250732135027647,1,0.5,4,1,0,0
Romeo Lavia,Chelsea,MF,2026-2027,2,137,1,0,1.2299621105194092,0.176572099328041,1,0.6569343065693432,2,2,1,0
Marcus Tavernier,Bournemouth,MF,2026-2027,2,180,1,0,0.6048137098550797,0.1713153943419456,1,0.5,4,3,1,0
Keane Lewis-Potter,Brentford,DF,2026-2027,2,180,1,1,0.5887478338554502,0.1686924993991851,1,1.0,3,3,0,0
Michael Kayode,Brentford,DF,2026-2027,2,167,1,0,0.8390793688595295,0.0581752881407737,1,0.5389221556886228,5,1,0,0
Cody Gakpo,Liverpool,MF,2026-2027,2,164,1,1,0.2258007824420929,0.9563255459070206,1,1.0975609756097562,6,5,0,0
Gonzalo García,Fulham,FW,2026-2027,2,180,1,0,1.3132801055908203,0.0,1,0.5,6,0,0,0
Alex Scott,Bournemouth,MF,2026-2027,2,179,1,0,0.1631892919540405,0.2178947031497955,1,0.5027932960893855,2,2,1,0
Nobel Mendy,Hull,DF,2026-2027,2,127,1,0,0.5365467295050621,0.0,1,0.7086614173228346,2,0,0,0
Joshua King,Fulham,MF,2026-2027,2,180,1,0,0.4381851032376289,0.03983810916543,1,0.5,5,1,0,0
Morgan Rogers,Chelsea,MF,2026-2027,2,174,1,1,0.7358025312423706,1.732881873846054,1,1.0344827586206897,6,9,0,0
Thierno Barry,Everton,FW,2026-2027,2,155,1,0,1.7337944507598877,0.1501475349068641,1,0.5806451612903225,5,2,0,0
Jack Clarke,Ipswich,,2026-2027,1,17,1,0,0.095076709985733,0.0,1,5.294117647058823,2,0,0,0
Víctor Muñoz,Liverpool,MF,2026-2027,2,116,1,0,0.2963662967085838,0.1024511158466339,1,0.7758620689655172,6,1,1,0
Maxim De Cuyper,Brighton,MF,2026-2027,2,173,1,0,1.4233697280287745,0.1561144795268774,1,0.5202312138728323,5,4,0,0
Emersonn,Ipswich,FW,2026-2027,2,116,1,0,0.6148083209991455,0.645197331905365,1,0.7758620689655172,3,3,0,0
Nilson Angulo,Sunderland,MF,2026-2027,2,127,1,0,0.1169656217098236,0.0488846004009246,1,0.7086614173228346,2,1,1,0
Liam Millar,Hull,,2026-2027,2,46,1,0,0.3580830097198486,0.0,1,1.956521739130435,3,0,1,0
Malick Yalcouyé,Brighton,MF,2026-2027,2,77,1,0,0.6473640203475952,0.2635147273540497,1,1.168831168831169,2,1,0,0
Fabian Schär,Newcastle,,2026-2027,1,1,0,0,0.0,0.0,0,0.0,0,0,0,0
Bernd Leno,Fulham,GK,2026-2027,2,180,0,0,0.0,0.0,0,0.0,0,0,0,0
Granit Xhaka,Sunderland,MF,2026-2027,2,180,0,0,0.0,0.4558428563177585,0,0.0,0,6,0,0
Nico Elvedi,Leeds,,2026-2027,1,57,0,0,0.0,0.0,0,0.0,0,0,0,0
Callum Wilson,Brentford,,2026-2027,2,7,0,0,0.1512992680072784,0.1435260325670242,0,0.0,2,1,0,0
Alex Iwobi,Fulham,MF,2026-2027,2,180,0,0,0.0127433408051729,0.4228430390357971,0,0.0,1,2,0,0
Marcus Rashford,Man United,MF,2026-2027,2,124,0,0,0.4156828224658966,0.1717376336455345,0,0.0,4,7,0,0
Paddy McNair,Hull,,2026-2027,1,24,0,0,0.0,0.0,0,0.0,0,0,0,0
Ross Barkley,Aston Villa,MF,2026-2027,2,158,0,0,0.1337365992367267,0.1797064170241356,0,0.0,2,4,0,0
Jack Grealish,Man City,,2026-2027,1,6,0,0,0.0,0.0,0,0.0,0,0,0,0
Tammy Abraham,Aston Villa,,2026-2027,1,18,0,0,0.0,0.0,0,0.0,0,0,0,0
Ola Aina,Nott'm Forest,DF,2026-2027,2,165,0,0,0.0374636389315128,0.3177260756492615,0,0.0,2,4,2,0
Jordan Pickford,Everton,GK,2026-2027,2,180,0,0,0.0,0.0,0,0.0,0,0,0,0
Adam Smith,Bournemouth,DF,2026-2027,2,180,0,0,0.0,0.0554989390075206,0,0.0,0,1,1,0
Virgil van Dijk,Liverpool,DF,2026-2027,2,180,0,0,0.122930608689785,0.0,0,0.0,2,0,1,0
Matt Targett,Hull,,2026-2027,1,3,0,0,0.0,0.0,0,0.0,0,0,0,0
Luke Shaw,Man United,DF,2026-2027,2,165,0,0,0.0,0.2301657050848007,0,0.0,0,4,0,0
Tyrone Mings,Aston Villa,,2026-2027,1,11,0,0,0.0,0.0,0,0.0,0,0,0,0
Matt Grimes,Coventry,MF,2026-2027,2,180,0,0,0.0250027533620595,0.011054546572268,0,0.0,1,1,0,0
Gianluigi Donnarumma,Man City,GK,2026-2027,2,180,0,0,0.0,0.0,0,0.0,0,0,0,0
Alisson,Liverpool,GK,2026-2027,2,180,0,0,0.0,0.0,0,0.0,0,0,1,0
Sasa Lukic,Ipswich,MF,2026-2027,2,165,0,1,0.0379965938627719,0.0855647437274456,0,0.5454545454545455,1,2,1,0
Dominic Solanke,Tottenham,,2026-2027,2,35,0,0,0.1692600585520267,0.0,0,0.0,2,0,0,0
Harry Maguire,Man United,DF,2026-2027,2,180,0,0,0.0887959077954292,0.5053327679634094,0,0.0,3,2,0,0
Andrew Robertson,Tottenham,DF,2026-2027,2,159,0,0,0.0637315958738327,0.2818601652979851,0,0.0,1,2,0,0
Oliver McBurnie,Hull,FW,2026-2027,2,180,0,0,0.436806708574295,0.1647972837090492,0,0.0,2,3,1,0
Lewis Cook,Bournemouth,MF,2026-2027,2,149,0,0,0.0,0.0255504697561264,0,0.0,0,1,0,0
Emiliano Buendía,Aston Villa,FW,2026-2027,2,180,0,0,0.1448842920362949,0.1184204071760177,0,0.0,4,2,0,0
Mateo Kovacic,Man City,,2026-2027,2,39,0,0,0.0,0.0,0,0.0,0,0,0,0
Issa Diop,Ipswich,DF,2026-2027,2,180,0,0,0.0,0.0,0,0.0,0,0,0,0
Olivier Boscagli,Brighton,DF,2026-2027,2,180,0,0,0.0430318340659141,0.1698360443115234,0,0.0,1,1,1,0
Darnell Furlong,Ipswich,,2026-2027,1,15,0,0,0.0,0.0,0,0.0,0,0,0,0
Emiliano Martinez,Chelsea,GK,2026-2027,1,90,0,0,0.0,0.2397087216377258,0,0.0,0,2,0,0
Chris Wood,Nott'm Forest,,2026-2027,1,26,0,0,0.0588695593178272,0.0,0,0.0,1,0,0,0
Mikel Merino,Arsenal,,2026-2027,2,30,0,0,0.1443382352590561,0.0,0,0.0,2,0,0,0
Declan Rice,Arsenal,MF,2026-2027,2,156,0,0,0.0399413481354713,0.0861850380897522,0,0.0,2,2,0,0
Aaron Wan-Bissaka,Aston Villa,,2026-2027,1,11,0,0,0.0,0.0,0,0.0,0,0,0,0
Daniel James,Leeds,,2026-2027,1,19,0,0,0.187165156006813,0.0,0,0.0,4,0,0,0
Harry Wilson,Leeds,MF,2026-2027,2,109,0,0,0.0126873375847935,0.049971230328083,0,0.0,1,2,0,0
Gabriel,Arsenal,DF,2026-2027,2,180,0,0,0.3559714760631323,0.0,0,0.0,2,0,1,0
Nordi Mukiele,Sunderland,DF,2026-2027,1,90,0,0,0.0,0.0,0,0.0,0,0,0,0
Thomas Meunier,Sunderland,DF,2026-2027,2,180,0,0,0.0598374269902706,0.0114439595490694,0,0.0,3,1,0,0
Ibrahim Sangare,Nott'm Forest,MF,2026-2027,1,90,0,0,0.0148224933072924,0.017668368294835,0,0.0,1,1,0,0
Jean-Philippe Mateta,Crystal Palace,FW,2026-2027,1,67,0,0,1.3189489841461182,0.0249885991215705,0,0.0,2,1,0,0
Boubacar Kamara,Aston Villa,MF,2026-2027,2,180,0,0,0.0,0.0273728407919406,0,0.0,0,1,0,0
Youri Tielemans,Man United,MF,2026-2027,2,159,0,0,0.2300203777849674,0.1643834859132766,0,0.0,4,4,0,0
Richarlison,Tottenham,FW,2026-2027,1,69,0,0,0.0,0.0,0,0.0,0,0,0,0
Lewis Dunk,Brighton,DF,2026-2027,2,180,0,0,0.0,0.0,0,0.0,0,0,1,0
Phil Foden,Man City,MF,2026-2027,2,174,0,2,0.9348401799798012,1.1938790678977966,0,1.0344827586206897,5,5,1,0
Jacob Murphy,Newcastle,,2026-2027,2,20,0,0,0.0,0.0,0,0.0,0,0,1,0
Victor Lindelöf,Aston Villa,DF,2026-2027,2,180,0,0,0.0,0.0,0,0.0,0,0,0,0
Rodrigo Bentancur,Tottenham,MF,2026-2027,2,133,0,0,0.0,0.0221979115158319,0,0.0,0,1,0,0
Daichi Kamada,Crystal Palace,MF,2026-2027,2,180,0,0,0.0434533543884754,0.2972403466701507,0,0.0,1,2,1,0
Timothy Castagne,Fulham,DF,2026-2027,2,159,0,1,0.0721329897642135,0.1690183132886886,0,0.5660377358490566,1,2,1,0
Nikola Milenkovic,Nott'm Forest,DF,2026-2027,2,180,0,0,0.1238637343049049,0.0,0,0.0,2,0,0,0
Pau Torres,Aston Villa,DF,2026-2027,2,169,0,0,0.0,0.0,0,0.0,0,0,0,0
Joachim Andersen,Fulham,DF,2026-2027,1,90,0,0,0.0,0.0605926103889942,0,0.0,0,1,1,0
Ethan Ampadu,Leeds,MF,2026-2027,2,180,0,0,0.0133677246049046,0.1191505491733551,0,0.0,1,3,0,0
Joe Rodon,Leeds,DF,2026-2027,2,123,0,0,0.0335895232856273,0.0978372022509574,0,0.0,1,1,0,0
Callum Hudson-Odoi,Nott'm Forest,,2026-2027,1,1,0,0,0.0,0.0,0,0.0,0,0,0,0
Eddie Nketiah,Crystal Palace,MF,2026-2027,2,129,0,0,0.8183198273181915,1.334905277937651,0,0.0,3,3,0,0
Lukas Nmecha,Leeds,,2026-2027,1,18,0,1,0.0393981784582138,0.8600444793701172,0,5.0,1,2,0,0
Harvey Barnes,Newcastle,MF,2026-2027,2,180,0,0,0.1152562722563743,0.1128818243741989,0,0.0,2,2,0,0
Dwight McNeil,Crystal Palace,MF,2026-2027,2,88,0,0,0.0249885991215705,0.0,0,0.0,1,0,0,0
Jaka Bijol,Leeds,DF,2026-2027,2,139,0,0,0.0831441581249237,0.0,0,0.0,2,0,0,0
James Maddison,Tottenham,,2026-2027,1,21,0,0,0.0,0.0,0,0.0,0,0,0,0
David Brooks,Bournemouth,,2026-2027,1,7,0,0,0.0,0.0,0,0.0,0,0,0,0
Ryan Sessegnon,Fulham,,2026-2027,2,36,0,0,0.0680787395685911,0.0,0,0.0,2,0,0,0
Axel Disasi,Crystal Palace,,2026-2027,1,15,0,0,0.0,0.0,0,0.0,0,0,0,0
Matz Sels,Nott'm Forest,GK,2026-2027,2,180,0,0,0.0,0.0,0,0.0,0,0,0,0
Pedro Porro,Tottenham,MF,2026-2027,1,90,0,0,0.2065762132406234,0.0,0,0.0,4,0,0,0
Georginio Rutter,Brighton,FW,2026-2027,1,90,0,1,0.0694541409611702,0.9075709581375122,0,1.0,2,1,0,0
Justin Kluivert,Bournemouth,MF,2026-2027,2,160,0,0,0.8936726301908493,0.2000063136219978,0,0.0,5,3,0,0
Sean Longstaff,Leeds,,2026-2027,1,6,0,0,0.0,0.0,0,0.0,0,0,0,0
Matheus Cunha,Man United,FW,2026-2027,2,164,0,1,0.3006033301353454,1.0346480011940002,0,0.5487804878048781,5,4,0,0
Mathias Jensen,Brentford,MF,2026-2027,1,68,0,0,0.0874465405941009,0.5949914455413818,0,0.0,2,3,0,0
Emile Smith-Rowe,Fulham,,2026-2027,1,12,0,0,0.0605926103889942,0.0901469960808754,0,0.0,1,2,0,0
Ryan John Giles,Hull,DF,2026-2027,2,177,0,0,0.0300956219434738,0.0983178596943616,0,0.0,1,2,0,0
Diogo Dalot,Man United,DF,2026-2027,2,84,0,0,0.2269666939973831,0.4390770681202411,0,0.0,4,4,0,0
Ben White,Arsenal,DF,2026-2027,2,180,0,1,0.1290393024682998,0.2222591415047645,0,0.5,1,3,0,0
Tyler Adams,Bournemouth,,2026-2027,2,31,0,0,0.0,0.0,0,0.0,0,0,0,0
Reinildo,Sunderland,DF,2026-2027,2,180,0,0,0.0,0.1718617230653762,0,0.0,0,2,0,0
James Garner,Everton,MF,2026-2027,2,71,0,0,0.0,0.0593440569937229,0,0.0,0,1,1,0
Martín Zubimendi,Arsenal,,2026-2027,2,24,0,0,0.0,0.0,0,0.0,0,0,0,0
Wesley Fofana,Chelsea,DF,2026-2027,1,70,0,0,0.0,0.0,0,0.0,0,0,1,0
Dean Henderson,Crystal Palace,GK,2026-2027,2,180,0,0,0.0,0.0,0,0.0,0,0,0,0
John Egan,Hull,DF,2026-2027,2,180,0,0,0.0,0.0,0,0.0,0,0,0,0
John McGinn,Aston Villa,MF,2026-2027,2,177,0,0,0.092358112335205,0.0784304365515708,0,0.0,3,1,2,0
Ezri Konsa Ngoyo,Arsenal,,2026-2027,1,10,0,0,0.0,0.0,0,0.0,0,0,0,0
James Justin,Leeds,DF,2026-2027,2,180,0,0,0.0174954924732446,0.0429679490625858,0,0.0,1,1,0,0
Xaver Schlager,Nott'm Forest,MF,2026-2027,2,104,0,0,0.0441906601190567,0.0,0,0.0,2,0,0,0
Taiwo Awoniyi,Coventry,FW,2026-2027,2,108,0,0,0.9398623108863832,0.0503396391868591,0,0.0,4,2,0,0
Caoimhin Kelleher,Brentford,GK,2026-2027,2,180,0,0,0.0,0.0,0,0.0,0,0,0,0
Takehiro Tomiyasu,Crystal Palace,DF,2026-2027,2,88,0,0,0.0,0.0,0,0.0,0,0,0,0
Sandro Tonali,Tottenham,MF,2026-2027,2,166,0,0,0.0882095284759998,0.1619225740432739,0,0.0,3,2,0,0
Evann Guessand,Crystal Palace,,2026-2027,2,49,0,0,0.0400747209787368,0.0,0,0.0,1,0,0,0
Arnaud Kalimuendo Muinga,Nott'm Forest,,2026-2027,1,1,0,0,0.0,0.0,0,0.0,0,0,0,0
Reece James,Chelsea,MF,2026-2027,2,110,0,0,0.0830904319882392,0.0349031090736389,0,0.0,2,1,1,0
Ronald Araújo,Liverpool,,2026-2027,2,29,0,0,0.0,0.0,0,0.0,0,0,1,0
Nick Woltemade,Newcastle,,2026-2027,1,18,0,1,0.0189082399010658,0.5074549913406372,0,5.0,1,1,0,0
Riccardo Calafiori,Arsenal,DF,2026-2027,2,173,0,2,0.1324072107672691,1.0361521318554878,0,1.0404624277456647,2,2,0,0
Neco Williams,Nott'm Forest,DF,2026-2027,2,180,0,0,0.2364779859781265,0.1479341089725494,0,0.0,1,2,0,0
Tyrick Mitchell,Crystal Palace,DF,2026-2027,2,180,0,0,0.2371263802051544,0.5185611173510551,0,0.0,2,3,0,0
Nicolás Domínguez,Nott'm Forest,,2026-2027,1,1,0,0,0.0,0.0,0,0.0,0,0,0,0
Sander Berge,Fulham,MF,2026-2027,2,159,0,0,0.0369189530611038,0.3830481059849262,0,0.0,1,4,0,0
Exequiel Palacios,Ipswich,,2026-2027,1,26,0,0,0.0,0.0135723073035478,0,0.0,0,1,0,0
Bruno Guimarães,Arsenal,,2026-2027,1,18,0,0,0.0,0.0,0,0.0,0,0,0,0
Lucas Gourna Douath,Hull,,2026-2027,1,42,0,0,0.0,0.0,0,0.0,0,0,0,0
Malick Thiaw,Newcastle,DF,2026-2027,2,180,0,0,0.0,0.0,0,0.0,0,0,0,0
Alexis Mac Allister,Liverpool,MF,2026-2027,2,106,0,0,0.0,0.0,0,0.0,0,0,0,0
Omar Marmoush,Tottenham,FW,2026-2027,1,90,0,0,0.1090471297502517,0.1604393273591995,0,0.0,3,3,0,0
Florian Wirtz,Liverpool,MF,2026-2027,2,154,0,1,0.4078433662652969,0.0884147100150585,0,0.5844155844155845,5,2,1,0
Luca Netz,Nott'm Forest,,2026-2027,2,15,0,0,0.0,0.0,0,0.0,0,0,0,0
Chris Richards,Crystal Palace,DF,2026-2027,2,180,0,0,0.0242751687765121,0.0,0,0.0,1,0,0,0
Jarrad Branthwaite,Everton,DF,2026-2027,2,180,0,0,0.2326006144285202,0.0,0,0.0,1,0,0,0
Bobby Thomas,Coventry,DF,2026-2027,2,170,0,0,0.0078541673719882,0.0323680825531482,0,0.0,1,1,0,0
Jorge Cuenca,Fulham,DF,2026-2027,1,90,0,0,0.0,0.24121855199337,0,0.0,0,2,0,0
Ellis Simms,Coventry,FW,2026-2027,1,72,0,0,0.0,0.0127685405313968,0,0.0,0,1,0,0
Sven Botman,Newcastle,DF,2026-2027,2,180,0,0,0.0146792773157358,0.0,0,0.0,1,0,1,0
Adrien Truffert,Bournemouth,DF,2026-2027,2,180,0,0,0.0,0.1386683732271194,0,0.0,0,2,0,0
Enzo Le Fée,Sunderland,MF,2026-2027,2,172,0,0,0.2025050371885299,0.5389295220375061,0,0.0,4,1,0,0
Mohamed Ali-Cho,Hull,,2026-2027,1,5,0,0,0.0,0.0,0,0.0,0,0,0,0
Eberechi Eze,Arsenal,,2026-2027,2,55,0,0,0.0374864414334297,0.0,0,0.0,1,0,0,0
Dara O&#039;Shea,Ipswich,DF,2026-2027,2,180,0,0,0.0188435949385166,0.0479024201631546,0,0.0,1,2,0,0
Iyenoma Destiny Udogie,Tottenham,,2026-2027,2,24,0,0,0.0,0.1275281012058258,0,0.0,0,1,0,0
Konstantinos Tsimikas,Liverpool,,2026-2027,1,16,0,0,0.0443882532417774,0.0,0,0.0,1,0,0,0
Maxence Lacroix,Chelsea,DF,2026-2027,2,180,0,1,0.0128172794356942,0.4455546438694,0,0.5,1,1,0,0
Mikkel Damsgaard,Brentford,MF,2026-2027,2,85,0,0,0.0597379244863987,0.3020429611206054,0,0.0,2,4,0,0
Matthew Cash,Aston Villa,DF,2026-2027,2,169,0,0,0.0784304365515708,0.0,0,0.0,1,0,1,0
Liam Delap,Nott'm Forest,,2026-2027,1,21,0,0,0.0718021094799041,0.2364779859781265,0,0.0,1,1,0,0
Matteo Ruggeri,Aston Villa,,2026-2027,1,3,0,0,0.0,0.0,0,0.0,0,0,0,0
Antonee Robinson,Fulham,DF,2026-2027,2,174,0,0,0.2031559944152832,0.0477439239621162,0,0.0,1,1,0,0
Jacob Ramsey,Newcastle,,2026-2027,2,40,0,0,0.0904521122574806,0.0,0,0.0,1,0,1,0
Aaron Hickey,Brentford,,2026-2027,2,14,0,0,0.0,0.0,0,0.0,0,0,0,0
Rúben Dias,Man City,DF,2026-2027,2,180,0,0,0.077885590493679,0.2958108764141798,0,0.0,1,3,0,0
Omar Alderete,Sunderland,,2026-2027,1,21,0,0,0.0,0.0,0,0.0,0,0,0,0
Óscar Mingueza,Crystal Palace,,2026-2027,1,14,0,0,0.0,0.0,0,0.0,0,0,0,0
Malo Gusto,Chelsea,DF,2026-2027,2,168,0,0,0.0,0.0,0,0.0,0,0,0,0
Yeremi Pino,Crystal Palace,MF,2026-2027,2,99,0,0,0.1018285043537616,0.0651934519410133,0,0.0,3,2,0,0
Conor Gallagher,Tottenham,MF,2026-2027,1,47,0,0,0.0167681723833084,0.0,0,0.0,1,0,1,0
James Trafford,Leeds,GK,2026-2027,2,180,0,0,0.0,0.0,0,0.0,0,0,0,0
Robert Sánchez,Chelsea,GK,2026-2027,1,90,0,0,0.0,0.0,0,0.0,0,0,0,0
Elliot Anderson,Man City,MF,2026-2027,2,148,0,0,0.0497681647539138,0.8745654821395874,0,0.0,2,2,1,0
Jayden Bogle,Leeds,DF,2026-2027,2,161,0,0,0.0,0.0174954924732446,0,0.0,0,1,0,0
Iliman Ndiaye,Everton,MF,2026-2027,2,180,0,1,0.248074809089303,0.6194962207227945,0,0.5,4,4,0,0
Jeremie Frimpong,Liverpool,DF,2026-2027,2,164,0,0,0.0134936962276697,0.154948778450489,0,0.0,1,4,1,0
Moisés Caicedo,Chelsea,,2026-2027,1,14,0,0,0.0,0.0,0,0.0,0,0,0,0
Cody Drameh,Hull,,2026-2027,2,60,0,0,0.0413598306477069,0.0,0,0.0,1,0,0,0
Daniel Jebbison,Bournemouth,,2026-2027,1,13,0,0,0.0824772268533706,0.0,0,0.0,1,0,0,0
Tim Iroegbunam,Everton,,2026-2027,1,1,0,0,0.0,0.0,0,0.0,0,0,0,0
William Osula,Newcastle,FW,2026-2027,1,57,0,1,0.0589579232037067,0.2569243609905243,0,1.5789473684210527,2,1,0,0
Marco Bizot,Aston Villa,GK,2026-2027,1,90,0,0,0.0,0.0,0,0.0,0,0,0,0
Dango Ouattara,Brentford,MF,2026-2027,2,94,0,0,0.044517652131617,0.3981337398290634,0,0.0,3,3,0,0
David Raya,Arsenal,GK,2026-2027,2,180,0,0,0.0,0.0,0,0.0,0,0,0,0
Kristoffer Ajer,Brentford,DF,2026-2027,2,180,0,0,0.0753327682614326,0.0529738068580627,0,0.0,1,2,1,0
Ethan Pinnock,Coventry,,2026-2027,1,10,0,0,0.0,0.0,0,0.0,0,0,0,0
Rico Henry,Brentford,,2026-2027,1,1,0,0,0.0,0.0,0,0.0,0,0,0,0
Frank Onyeka,Coventry,MF,2026-2027,1,90,0,0,0.0,0.0,0,0.0,0,0,0,0
Nathan Collins,Brentford,DF,2026-2027,2,180,0,0,0.6079705432057381,0.0722000915557146,0,0.0,5,3,1,0
Christos Tzolis,Arsenal,MF,2026-2027,2,125,0,0,0.2376735210418701,0.2390085458755493,0,0.0,4,4,1,0
Habib Diarra,Sunderland,,2026-2027,2,26,0,1,0.0153624014928936,0.4507821798324585,0,3.4615384615384617,1,1,0,0
Mathys Tel,Tottenham,MF,2026-2027,2,159,0,0,0.2328013628721237,0.0265310388058424,0,0.0,5,2,0,0
Brian Brobbey,Sunderland,FW,2026-2027,2,134,0,0,0.6699474714696407,0.0,0,0.0,3,0,0,0
Nico González,Newcastle,MF,2026-2027,1,72,0,0,0.0,0.0282984711229801,0,0.0,0,2,1,0
Piero Hincapié,Arsenal,,2026-2027,1,7,0,0,0.0,0.0,0,0.0,0,0,0,0
Kjell Scherpen,Ipswich,GK,2026-2027,2,180,0,0,0.0,0.0,0,0.0,0,0,0,0
Loum Tchaouna,Coventry,MF,2026-2027,2,145,0,0,0.0732269380241632,0.129779428243637,0,0.0,3,1,0,0
Beto,Everton,,2026-2027,2,25,0,0,0.1096467524766922,0.0,0,0.0,2,0,0,0
Cristhian Mosquera,Arsenal,DF,2026-2027,2,170,0,0,0.0,0.0,0,0.0,0,0,0,0
Lamare Bogarde,Aston Villa,,2026-2027,1,11,0,0,0.0,0.0,0,0.0,0,0,0,0
Nicolas Jackson,Aston Villa,FW,2026-2027,1,72,0,0,0.0,0.0,0,0.0,0,0,0,0
Micky van de Ven,Tottenham,DF,2026-2027,1,90,0,0,0.0,0.0,0,0.0,0,0,1,0
James McAtee,Nott'm Forest,MF,2026-2027,2,166,0,0,0.0,0.4097372442483902,0,0.0,0,4,0,0
Kasey McAteer,Ipswich,,2026-2027,2,27,0,0,0.0,0.0,0,0.0,0,0,0,0
Archie Gray,Tottenham,DF,2026-2027,2,156,0,0,0.0,0.0,0,0.0,0,0,0,0
Lewis Hall,Newcastle,DF,2026-2027,2,180,0,0,0.0563934743404388,0.6493606343865395,0,0.0,1,2,0,0
Vitalii Mykolenko,Everton,DF,2026-2027,2,180,0,0,0.0,0.0280860438942909,0,0.0,0,1,0,0
Guemissongui Ouattara,Ipswich,,2026-2027,2,23,0,0,0.0,0.0308203268796205,0,0.0,0,1,0,0
Alejandro Garnacho,Aston Villa,,2026-2027,2,12,0,0,0.0,0.0,0,0.0,0,0,0,0
Leny Yoro,Man United,,2026-2027,1,14,0,0,0.0,0.0,0,0.0,0,0,0,0
Noussair Mazraoui,Man United,DF,2026-2027,2,97,0,0,0.0905937775969505,0.1054909825325012,0,0.0,1,2,0,0
Ryan Gravenberch,Liverpool,MF,2026-2027,2,95,0,1,0.0556626394391059,0.062660202383995,0,0.9473684210526315,2,2,0,0
Rodrigo Muniz,Fulham,,2026-2027,1,6,0,0,0.0156241785734891,0.0233231913298368,0,0.0,1,1,0,0
Ryan Christie,Bournemouth,,2026-2027,1,1,0,0,0.0,0.0,0,0.0,0,0,0,0
Jaidon Anthony,Brentford,MF,2026-2027,2,86,0,0,0.1219386029988527,0.2420433238148689,0,0.0,3,5,1,0
James Hill,Bournemouth,DF,2026-2027,2,180,0,0,0.0,0.6925749182701111,0,0.0,0,2,0,0
Brenden Aaronson,Leeds,MF,2026-2027,2,133,0,0,0.0185040533542633,0.0,0,0.0,1,0,0,0
Brennan Johnson,Everton,,2026-2027,2,28,0,0,0.0,0.0,0,0.0,0,0,0,0
Lisandro Martínez,Man United,DF,2026-2027,1,90,0,0,0.0149012766778469,0.0,0,0.0,1,0,0,0
Levi Colwill,Chelsea,DF,2026-2027,2,164,0,0,0.0462870895862579,0.0,0,0.0,1,0,1,0
Jan Paul van Hecke,Tottenham,DF,2026-2027,2,180,0,0,0.2979277670383453,0.054617989808321,0,0.0,1,1,0,0
Rico Lewis,Man City,DF,2026-2027,1,59,0,0,0.3493589162826538,0.0,0,0.0,1,0,0,0
Marcos Senesi,Tottenham,DF,2026-2027,1,90,0,0,0.0,0.0,0,0.0,0,0,0,0
Matheus Nunes,Man City,,2026-2027,1,31,0,0,0.0,0.0,0,0.0,0,0,0,0
Julio Enciso,Ipswich,MF,2026-2027,2,163,0,2,0.7533487230539322,0.996240645647049,0,1.1042944785276074,6,2,0,0
Jørgen Strand Larsen,Crystal Palace,FW,2026-2027,2,87,0,0,0.184556744992733,0.0,0,0.0,2,0,0,0
Pep Chavarría,Chelsea,,2026-2027,2,39,0,0,0.0,0.0,0,0.0,0,0,0,0
Chadi Riad,Crystal Palace,DF,2026-2027,1,77,0,0,0.0,0.0,0,0.0,0,0,0,0
Kobbie Mainoo,Man United,MF,2026-2027,2,103,0,0,0.1546209920197725,0.0,0,0.0,4,0,0,0
Alvaro Rodríguez,Bournemouth,,2026-2027,1,7,0,0,0.0,0.0,0,0.0,0,0,0,0
Ben Doak,Bournemouth,,2026-2027,1,1,0,0,0.0,0.0,0,0.0,0,0,0,0
Carlos Alcaraz,Everton,,2026-2027,2,2,0,0,0.1389852948486805,0.0,0,0.0,2,0,1,0
Merlin Röhl,Everton,DF,2026-2027,2,179,0,0,0.0,0.0854983851313591,0,0.0,0,1,0,0
Enzo Fernández,Chelsea,,2026-2027,1,23,0,0,0.0,0.0553183108568191,0,0.0,0,1,0,0
Noni Madueke,Arsenal,,2026-2027,1,20,0,0,0.0,0.2490433752536773,0,0.0,0,4,0,0
Antoine Semenyo,Man City,MF,2026-2027,2,180,0,1,0.1790000945329666,0.4909993708133697,0,0.5,3,3,0,0
João Gomes,Aston Villa,MF,2026-2027,1,39,0,0,0.0,0.0346206352114677,0,0.0,0,1,1,1
Yasin Ayari,Brighton,MF,2026-2027,1,69,0,0,0.0824881196022033,0.1103139445185661,0,0.0,2,1,1,0
Lewis Miley,Newcastle,MF,2026-2027,2,167,0,0,0.0498530454933643,0.1226293891668319,0,0.0,1,3,1,0
Romaine Mundle,Sunderland,,2026-2027,1,1,0,0,0.2634761333465576,0.0,0,0.0,1,0,0,0
Jérémy Jacquet,Liverpool,DF,2026-2027,2,151,0,0,0.0,0.0294026974588632,0,0.0,0,2,0,0
Nico O&#039;Reilly,Man City,MF,2026-2027,2,155,0,0,0.1726067876443267,0.0556046552956104,0,0.0,2,1,0,0
Shea Charles,Fulham,,2026-2027,2,42,0,0,0.0624442547559738,0.0,0,0.0,2,0,0,0
Milos Kerkez,Liverpool,DF,2026-2027,2,164,0,0,0.0383112654089927,0.0403094720095396,0,0.0,2,2,1,0
Bart Verbruggen,Brighton,GK,2026-2027,2,180,0,0,0.0,0.0,0,0.0,0,0,0,0
Calvin Bassey,Fulham,DF,2026-2027,2,180,0,0,0.0178664028644561,0.0,0,0.0,1,0,1,0
Abduqodir Khusanov,Man City,DF,2026-2027,2,180,0,0,0.0,0.0,0,0.0,0,0,0,0
Yehor Yarmolyuk,Brentford,,2026-2027,2,40,0,0,0.0276122987270355,0.0229633934795856,0,0.0,1,1,0,0
Ian Maatsen,Aston Villa,DF,2026-2027,2,177,0,0,0.1077639404684305,0.0,0,0.0,3,0,1,0
Andrey Santos,Man United,MF,2026-2027,2,77,0,0,0.0,0.0,0,0.0,0,0,0,0
Gustavo Hamer,Coventry,,2026-2027,2,23,0,0,0.0,0.0,0,0.0,0,0,0,0
Oscar Bobb,Fulham,MF,2026-2027,2,138,0,0,0.0,0.1708930246531963,0,0.0,0,2,0,0
Patrick Dorgu,Man United,MF,2026-2027,2,56,0,0,0.9095082879066468,0.0854562148451805,0,0.0,5,1,1,0
Noah Okafor,Leeds,MF,2026-2027,2,94,0,0,0.0780966356396675,0.0601546838879585,0,0.0,2,1,0,0
Benjamin Sesko,Man United,,2026-2027,2,29,0,0,0.0396449118852615,0.0985427126288414,0,0.0,1,1,0,0
Mohammed Kudus,Tottenham,,2026-2027,1,21,0,0,0.054617989808321,0.0,0,0.0,1,0,0,0
Djordje Petrovic,Bournemouth,GK,2026-2027,2,180,0,0,0.0,0.0,0,0.0,0,0,0,0
Murillo,Nott'm Forest,DF,2026-2027,2,180,0,0,0.0761319920420646,0.1052358970046043,0,0.0,1,2,0,0
Ayyoub Bouaddi,Man City,,2026-2027,1,7,0,0,0.0,0.0,0,0.0,0,0,0,0
Treymaurice Nyoni,Liverpool,,2026-2027,1,10,0,0,0.0,0.0,0,0.0,0,0,0,0
Myles Lewis-Skelly,Arsenal,MF,2026-2027,2,162,0,0,0.0949324257671833,0.0517841055989265,0,0.0,2,1,0,0
Daniel Muñoz,Crystal Palace,DF,2026-2027,1,59,0,0,0.3285987377166748,0.0,0,0.0,2,0,0,0
Adam Wharton,Crystal Palace,MF,2026-2027,2,180,0,0,0.0,0.6164902746677399,0,0.0,0,4,0,0
Lewis Koumas,Liverpool,,2026-2027,1,11,0,0,0.0520099736750125,0.0,0,0.0,1,0,0,0
Valentín Barco,Chelsea,,2026-2027,1,6,0,0,0.0744595751166343,0.0,0,0.0,1,0,0,0
Josh Acheampong,Chelsea,DF,2026-2027,2,110,0,0,0.0,0.0,0,0.0,0,0,0,0
Tyrique George,Everton,MF,2026-2027,2,152,0,0,0.2659147791564464,0.1499011470004916,0,0.0,7,3,0,0
Mikey Moore,Tottenham,MF,2026-2027,2,90,0,0,0.6267714742571115,0.0170009192079305,0,0.0,4,1,0,0
Jacob Greaves,Ipswich,DF,2026-2027,2,180,0,0,0.0,0.0,0,0.0,0,0,1,0
Harrison Armstrong,Everton,MF,2026-2027,2,179,0,1,0.0,0.4740654602646827,0,0.5027932960893855,0,2,0,0
Mats Wieffer,Brighton,DF,2026-2027,2,165,0,0,0.1158689148724079,0.0733533576130867,0,0.0,2,2,0,0
Carl Rushworth,Coventry,GK,2026-2027,2,180,0,0,0.0,0.0,0,0.0,0,0,0,0
Zion Suzuki,Aston Villa,GK,2026-2027,1,90,0,0,0.0,0.0,0,0.0,0,0,0,0
Abdul Fatawu,Ipswich,MF,2026-2027,2,153,0,1,0.0,1.3685936331748962,0,0.5882352941176471,0,5,1,0
Lucas Bergvall,Tottenham,MF,2026-2027,1,47,0,0,0.0,0.0,0,0.0,0,0,0,0
Mateus Fernandes,Tottenham,MF,2026-2027,2,133,0,0,0.0188446994870901,0.7410605251789093,0,0.0,1,5,0,0
Aurèle Amenda,Coventry,DF,2026-2027,2,180,0,0,0.011054546572268,0.0,0,0.0,1,0,1,0
Evanilson,Bournemouth,FW,2026-2027,2,160,0,2,0.2483833879232406,0.8290582001209259,0,1.125,3,3,1,0
Ferdi Kadioglu,Brighton,DF,2026-2027,1,90,0,0,0.0212108809500932,0.0097560072317719,0,0.0,1,1,0,0
Ayden Heaven,Man United,DF,2026-2027,1,90,0,0,0.1321679949760437,0.0,0,0.0,2,0,0,0
Jaydee Canvot,Crystal Palace,DF,2026-2027,2,180,0,0,0.0194436479359865,0.0,0,0.0,1,0,0,0
Aladji Bamba,Newcastle,,2026-2027,1,13,0,0,0.0,0.0,0,0.0,0,0,0,0
Thiago,Brentford,FW,2026-2027,2,174,0,0,1.797612965106964,0.0,0,0.0,7,0,0,0
Antonín Kinsky,Tottenham,GK,2026-2027,2,180,0,0,0.0,0.0,0,0.0,0,0,0,0
Diego Gómez,Brighton,MF,2026-2027,2,180,0,1,0.98809315264225,1.125254124403,0,0.5,8,3,0,0
Vitor Reis,Man City,,2026-2027,1,1,0,0,0.0,0.0,0,0.0,0,0,0,0
Bazoumana Touré,Newcastle,,2026-2027,1,1,0,0,0.0,0.0,0,0.0,0,0,0,0
Amar Dedic,Newcastle,DF,2026-2027,2,180,0,1,0.0579833500087261,0.1411565989255905,0,0.5,1,2,0,0
Rio Ngumoha,Liverpool,MF,2026-2027,2,80,0,0,0.0507392734289169,0.0,0,0.0,1,0,0,0
Robin Roefs,Sunderland,GK,2026-2027,2,180,0,0,0.0,0.0,0,0.0,0,0,0,0
Trai Hume,Sunderland,MF,2026-2027,2,172,0,0,0.0537145286798477,0.820563267916441,0,0.0,2,4,0,0
Dan Ballard,Sunderland,DF,2026-2027,2,180,0,0,0.0114439595490694,0.0,0,0.0,1,0,1,0
Noah Sadiki,Sunderland,MF,2026-2027,2,180,0,0,0.3074301015585661,0.055745679885149,0,0.0,2,2,0,0
Chemsdine Talbi,Sunderland,,2026-2027,1,29,0,0,0.0,0.0,0,0.0,0,0,0,0
Chris Rigg,Sunderland,,2026-2027,2,14,0,0,0.0,0.0,0,0.0,0,0,0,0
Luka Vuskovic,Brighton,DF,2026-2027,2,180,0,0,0.3919555693864822,0.0,0,0.0,4,0,0,0
Estêvão,Chelsea,,2026-2027,1,5,0,0,0.0,0.0,0,0.0,0,0,0,0
Jorrel Hato,Chelsea,DF,2026-2027,2,157,0,1,0.0349031090736389,1.1729698777198792,0,0.5732484076433121,1,3,0,0
Igor Jesus,Nott'm Forest,FW,2026-2027,2,180,0,0,1.3205465078353882,0.1330655366182327,0,0.0,6,1,1,0
Jair,Nott'm Forest,DF,2026-2027,2,180,0,0,0.0,0.0,0,0.0,0,0,1,0
Ibrahim Osman,Brighton,,2026-2027,2,21,0,0,0.0,0.0280558001250028,0,0.0,0,1,0,0
Ao Tanaka,Leeds,,2026-2027,1,41,0,0,0.0,0.0,0,0.0,0,0,0,0
Tarik Muharemovic,Leeds,DF,2026-2027,2,180,0,0,0.0601546838879585,0.0,0,0.0,1,0,0,0
Mamadou Sangaré,Brentford,MF,2026-2027,2,167,0,1,0.2440125830471515,0.624411441385746,0,0.5389221556886228,4,4,0,0
Kevin,Fulham,,2026-2027,2,21,0,0,0.0,0.0,0,0.0,0,0,0,0
Senne Lammens,Man United,GK,2026-2027,2,180,0,0,0.0,0.0,0,0.0,0,0,0,0
Ryan McAidoo,Man City,,2026-2027,1,7,0,0,0.18103788793087,0.0,0,0.0,1,0,0,0
Luke O&#039;Nien,Sunderland,DF,2026-2027,1,69,0,0,0.0211695246398448,0.0,0,0.0,1,0,1,0
Charalampos Kostoulas,Brighton,FW,2026-2027,2,103,0,0,0.6017414927482605,0.0438426360487937,0,0.0,3,1,0,0
George Hemmings,Aston Villa,MF,2026-2027,2,162,0,0,0.0,0.0254403371363878,0,0.0,0,1,0,0
Shea Lacey,Man United,,2026-2027,1,8,0,0,0.0,0.0,0,0.0,0,0,0,0
César Palacios,Fulham,MF,2026-2027,2,153,0,0,0.1896056197583675,0.0,0,0.0,3,0,1,0
Alex Tóth,Bournemouth,,2026-2027,1,13,0,0,0.0,0.0,0,0.0,0,0,0,0
Rayan,Bournemouth,MF,2026-2027,2,180,0,0,0.8693256676197052,0.0786404460668563,0,0.0,6,1,0,0
Alysson Edward,Aston Villa,,2026-2027,2,21,0,0,0.0,0.0,0,0.0,0,0,1,0
Milan van Ewijk,Coventry,DF,2026-2027,2,180,0,0,0.0,0.1232255026698112,0,0.0,0,2,0,0
Jay Dasilva,Coventry,DF,2026-2027,2,180,0,0,0.0954192206263542,0.0,0,0.0,1,0,0,0
Caleb Yirenkyi,Coventry,MF,2026-2027,2,137,0,0,0.0297570321708917,0.0581655465066432,0,0.0,1,1,1,0
Brandon Thomas-Asante,Coventry,MF,2026-2027,2,102,0,0,0.0,0.0,0,0.0,0,0,0,0
Victor Torp,Coventry,,2026-2027,2,43,0,0,0.0,0.5053454041481018,0,0.0,0,1,0,0
Jack Rudoni,Coventry,MF,2026-2027,2,91,0,0,0.5306822918355465,0.1401126980781555,0,0.0,2,2,0,0
Tatsuhiro Sakamoto,Coventry,,2026-2027,1,29,0,0,0.0278062783181667,0.0,0,0.0,1,0,0,0
Konstantinos Tzolakis,Hull,GK,2026-2027,2,180,0,0,0.0,0.0,0,0.0,0,0,0,0
Lewie Coyle,Hull,DF,2026-2027,2,120,0,0,0.0,0.0290341842919588,0,0.0,0,1,1,0
Mohamed Belloumi,Hull,MF,2026-2027,2,175,0,1,0.1183821223676204,0.2582585215568542,0,0.5142857142857143,3,1,0,0
Matt Crooks,Hull,MF,2026-2027,1,90,0,0,0.0,0.0,0,0.0,0,0,1,0
Regan Slater,Hull,MF,2026-2027,2,180,0,1,0.0,0.5255845189094543,0,0.5,0,1,1,0
Elliot Stroud,Hull,MF,2026-2027,2,134,0,0,0.0186402760446071,0.0,0,0.0,1,0,1,0
Lucas Herrington,Hull,,2026-2027,2,53,0,0,0.0,0.0,0,0.0,0,0,0,0
Hayden Hackney,Everton,MF,2026-2027,2,109,0,0,0.0381052009761333,0.0316711217164993,0,0.0,1,1,0,0
Anan Khalaili,Crystal Palace,DF,2026-2027,2,107,0,0,0.0159562937915325,0.1630821079015731,0,0.0,1,2,1,0
Marcelino Núñez,Ipswich,MF,2026-2027,2,146,0,0,0.0554595366120338,0.0379965938627719,0,0.0,1,1,0,0
Daizen Maeda,Ipswich,MF,2026-2027,2,157,0,0,0.7244906201958656,0.0,0,0.0,2,0,0,0
Sindre Egeli,Ipswich,,2026-2027,1,8,0,0,0.0,0.0,0,0.0,0,0,0,0
Costinha,Brighton,,2026-2027,2,29,0,0,0.0519828535616397,0.0,0,0.0,2,0,1,0
Zadok Yohanna,Brighton,,2026-2027,1,7,0,0,0.0,0.0,0,0.0,0,0,0,0
Promise David,Brighton,,2026-2027,1,8,0,0,0.0,0.0,0,0.0,0,0,0,0
António Silva,Bournemouth,DF,2026-2027,2,180,0,0,0.1402372866868972,0.0,0,0.0,1,0,1,0
Lukás Hornícek,Newcastle,GK,2026-2027,2,180,0,0,0.0,0.0,0,0.0,0,0,1,0
Sean Steur,Newcastle,MF,2026-2027,2,75,0,0,0.0,0.0,0,0.0,0,0,0,0
Geovany Quenda,Chelsea,,2026-2027,1,6,0,0,0.0,0.0,0,0.0,0,0,0,0
Zavier Gozo,Crystal Palace,,2026-2027,1,21,0,0,0.0,0.0,0,0.0,0,0,0,0
Kaden Braithwaite,Man City,,2026-2027,1,1,0,0,0.0,0.0,0,0.0,0,0,0,0
Ephron Mason-Clark,Coventry,MF,2026-2027,1,60,0,0,0.0,0.0297570321708917,0,0.0,0,1,0,0
Hidemasa Morita,Hull,MF,2026-2027,1,48,0,0,0.0,0.0186402760446071,0,0.0,0,1,0,0
